Symbol,Listed,BSE,BSECode,Name,Exchange,Country,ISIN,Industry,Nifty50
1STCUS.BO,1STCUS,,511122,FIRST CUSTODIAN FUND (INDIA) L,BSE,India,INE609B01018,,
20MICRONS.NS,20MICRONS,20MICRONS,533022,20 Microns Limited,NSE,India,INE144J01027,,
21STCENMGM.NS,21STCENMGM,21STCENMGM,526921,21st Century Management Services Limited,NSE,India,INE253B01015,,
360ONE.NS,360ONE,360ONE,542772,360 ONE WAM LIMITED,NSE,India,INE466L01038,Financial Services,
3BBLACKBIO.NS,3BBLACKBIO,3BBLACKBIO,532067,3B Blackbio Dx Limited,NSE,India,INE994E01018,,
3BFILMS.BO,3BFILMS,,544412,3B FILMS LIMITED,BSE,India,INE0TE101010,,
3CIT.BO,3CIT,,544190,3C IT Solutions and Telecoms (,BSE,India,INE0R7D01018,,
3IINFOLTD.NS,3IINFOLTD,3IINFOLTD,532628,3i Infotech Limited,NSE,India,INE748C01038,,
3MINDIA.NS,3MINDIA,3MINDIA,523395,3M India Limited,NSE,India,INE470A01017,,
3PLAND.NS,3PLAND,3PLAND,516092,3P Land Holdings Limited,NSE,India,INE105C01023,,
4THGEN.BO,4THGEN,,532403,FOURTH GENERATION INFORMATION,BSE,India,INE739B01039,,
5PAISA.NS,5PAISA,5PAISA,540776,5Paisa Capital Limited,NSE,India,INE618L01018,,
63MOONS.NS,63MOONS,63MOONS,526881,63 moons technologies limited,NSE,India,INE111B01023,,
7NR.BO,7NR,,540615,7NR Retail Limited,BSE,India,INE413X01035,,
7SEASL.BO,7SEASL,,540874,7SEAS ENTERTAINMENT LIMITED,BSE,India,INE454F01010,,
7TEC.BO,7TEC,,532404,SAVEN TECHNOLOGIES LTD.,BSE,India,INE856B01023,,
A1L.BO,A1L,,542012,A-1 LIMITED,BSE,India,INE911Z01025,,
A2ZINFRA.NS,A2ZINFRA,A2ZINFRA,533292,A2Z Infra Engineering Limited,NSE,India,INE619I01012,,
AAATECH.NS,AAATECH,AAATECH,543671,AAA Technologies Limited,NSE,India,INE0D0U01013,,
AADHARHFC.NS,AADHARHFC,AADHARHFC,544176,Aadhar Housing Finance Limited,NSE,India,INE883F01010,Financial Services,
AADIIND.BO,AADIIND,,530027,AADI INDUSTRIES LTD.,BSE,India,INE563D01013,,
AAIL.BO,AAIL,,530621,Akar Auto Industries Limited,BSE,India,INE864E01021,,
AAKAAR.NS,AAKAAR,,,Aakaar Medical Technologies Limited,NSE,India,INE1GYP01013,,
AAKASH.NS,AAKASH,,,Aakash Exploration Services Limited,NSE,India,INE087Z01024,,
AANANDALAK.BO,AANANDALAK,,539096,Aananda Lakshmi Spinning Mills,BSE,India,INE197R01010,,
AANCHALISP.BO,AANCHALISP,,538812,Aanchal Ispat Limited,BSE,India,INE322R01022,,
AAPLUSTRAD.BO,AAPLUSTRAD,,543319,AA Plus Tradelink Limited,BSE,India,INE0C5901022,,
AARADHYA.NS,AARADHYA,,,Aaradhya Disposal Industries Limited,NSE,India,INE124401014,,
AAREYDRUGS.NS,AAREYDRUGS,AAREYDRUGS,524412,Aarey Drugs & Pharmaceuticals Limited,NSE,India,INE198H01019,,
AARNAV.NS,AARNAV,AARNAV,539562,Aarnav Fashions Limited,NSE,India,INE750R01016,,
AARON.NS,AARON,,,Aaron Industries Limited,NSE,India,INE721Z01010,,
AARTECH.NS,AARTECH,AARTECH,542580,Aartech Solonics Limited,NSE,India,INE01C001026,,
AARTIDRUGS.NS,AARTIDRUGS,AARTIDRUGS,524348,Aarti Drugs Limited,NSE,India,INE767A01016,,
AARTIIND.NS,AARTIIND,AARTIIND,524208,Aarti Industries Limited,NSE,India,INE769A01020,Chemicals,
AARTIPHARM.NS,AARTIPHARM,AARTIPHARM,543748,Aarti Pharmalabs Limited,NSE,India,INE0LRU01027,,
AARTISURF.NS,AARTISURF,AARTISURF,543210,Aarti Surfactants Limited,NSE,India,INE09EO01013,,
AARVI.NS,AARVI,AARVI,544850,Aarvi Encon Limited,NSE,India,INE754X01016,,
AASHKA.BO,AASHKA,,543346,Aashka Hospitals Limited,BSE,India,INE0EAX01014,,
AASTAFIN.BO,AASTAFIN,,511764,Aastamangalam Finance Limited,BSE,India,INE819K01014,,
AASTHA.NS,AASTHA,AASTHA,544808,Aastha Spintex Limited,NSE,India,INE2FMX01012,,
AATMAJ.NS,AATMAJ,,,Aatmaj Healthcare Limited,NSE,India,INE0OB201016,,
AAVAS.NS,AAVAS,AAVAS,541988,Aavas Financiers Limited,NSE,India,INE216P01012,Financial Services,
AAYUSH.BO,AAYUSH,,539528,AAYUSH WELLNESS LIMITED,BSE,India,INE430R01023,,
AAYUSHBULL.BO,AAYUSHBULL,,540718,AAYUSH ART AND BULLION LIMITED,BSE,India,INE777X01017,,
ABAN.NS,ABAN,ABAN,523204,Aban Offshore Limited,NSE,India,INE421A01028,,
ABANSENT.NS,ABANSENT,ABANSENT,512165,Abans Enterprises Limited,NSE,India,INE365O01028,,
ABATEAS.BO,ABATEAS,,531658,ABATE AS INDUSTRIES LIMITED,BSE,India,INE454E01013,,
ABB.NS,ABB,ABB,500002,ABB India Limited,NSE,India,INE117A01022,Capital Goods,
ABBOTINDIA.NS,ABBOTINDIA,ABBOTINDIA,500488,Abbott India Limited,NSE,India,INE358A01014,Healthcare,
ABCAPITAL.NS,ABCAPITAL,ABCAPITAL,540691,Aditya Birla Capital Limited,NSE,India,INE674K01013,Financial Services,
ABCINDQ.BO,ABCINDQ,,520123,ABC INDIA LTD.,BSE,India,INE125D01011,,
ABCOTS.NS,ABCOTS,ABCOTS,544522,A B Cotspin India Limited,NSE,India,INE08PH01015,,
ABDL.NS,ABDL,ABDL,544203,Allied Blenders and Distillers Limited,NSE,India,INE552Z01027,Fast Moving Consumer Goods,
ABFRL.NS,ABFRL,ABFRL,535755,Aditya Birla Fashion and Retail Limited,NSE,India,INE647O01011,,
ABH.NS,ABH,,,ABH Healthcare Limited,NSE,India,INE1R2M01019,,
ABHAPOWER.NS,ABHAPOWER,,,Abha Power and Steel Limited,NSE,India,INE0UYG01015,,
ABHICAP.BO,ABHICAP,,532057,ABHINAV CAPITAL SERVICES LTD.,BSE,India,INE516F01016,,
ABHIFIN.BO,ABHIFIN,,538935,Abhishek Finlease limited,BSE,India,INE723C01015,,
ABHIINFRA.BO,ABHIINFRA,,539544,Abhishek Infraventures Limited,BSE,India,INE281P01016,,
ABINFRA.NS,ABINFRA,ABINFRA,544281,A B Infrabuild Limited,NSE,India,INE00YB01025,,
ABIRAFN.BO,ABIRAFN,,511756,ABIRAMI FINANCIAL SERVICES (IN,BSE,India,INE195I01013,,
ABLBL.NS,ABLBL,ABLBL,544403,Aditya Birla Lifestyle Brands Limited,NSE,India,INE14LE01019,,
ABMINTLLTD.NS,ABMINTLLTD,,,ABM International Limited,NSE,India,INE251C01025,,
ABMKNO.NS,ABMKNO,ABMKNO,531161,ABM Knowledgeware Limited,NSE,India,INE850B01026,,
ABREL.NS,ABREL,ABREL,500040,Aditya Birla Real Estate Limited,NSE,India,INE055A01016,Realty,
ABRFL.BO,ABRFL,,544422,Abram Food Limited,BSE,India,INE0ZDY01011,,
ABRIL.BO,ABRIL,,544500,ABRIL PAPER TECH LIMITED,BSE,India,INE15MX01014,,
ABSLAMC.NS,ABSLAMC,ABSLAMC,543374,Aditya Birla Sun Life AMC Limited,NSE,India,INE404A01024,Financial Services,
ABSMARINE.NS,ABSMARINE,,,ABS Marine Services Limited,NSE,India,INE0QRV01016,,
ABVL.BO,ABVL,,530881,Arunjyoti Bio Ventures Limited,BSE,India,INE485K01022,,
ACC.NS,ACC,ACC,500410,ACC Limited,NSE,India,INE012A01025,Construction Materials,
ACCEDERE.BO,ACCEDERE,,531533,ACCEDERE LIMITED,BSE,India,INE578B01015,,
ACCEL.BO,ACCEL,,517494,ACCEL LIMITED,BSE,India,INE258C01038,,
ACCELYA.NS,ACCELYA,ACCELYA,532268,Accelya Solutions India Limited,NSE,India,INE793A01012,,
ACCENTMIC.NS,ACCENTMIC,,,Accent Microcell Limited,NSE,India,INE0Q5D01013,,
ACCORD.NS,ACCORD,,,Accord Synergy Limited,NSE,India,INE113X01015,,
ACCORDTS.BO,ACCORDTS,,544710,ACCORD TRANSFORMER & SWITCHGEA,BSE,India,INE132201018,,
ACCPL.NS,ACCPL,,,Accretion Pharmaceuticals Limited,NSE,India,INE0T8T01010,,
ACCURACY.NS,ACCURACY,ACCURACY,544598,Accuracy Shipping Limited,NSE,India,INE648Z01023,,
ACE.NS,ACE,ACE,532762,Action Construction Equipment Limited,NSE,India,INE731H01025,Capital Goods,
ACEALPHA.BO,ACEALPHA,,544431,Ace Alpha Tech Limited,BSE,India,INE0S9X01011,,
ACEENGITEC.BO,ACEENGITEC,,530669,ACE ENGITECH LIMITED,BSE,India,INE035401020,,
ACEINTEG.NS,ACEINTEG,,,Ace Integrated Solutions Limited,NSE,India,INE543V01017,,
ACEMEN.BO,ACEMEN,,539661,ACE MEN ENGG WORKS LIMITED,BSE,India,INE023R01018,,
ACESOFT.BO,ACESOFT,,531525,ACE SOFTWARE EXPORTS LTD.,BSE,India,INE849B01010,,
ACETEC.NS,ACETEC,,,Acetech E-Commerce Limited,NSE,India,INE1J6M01010,,
ACEVECTOR.NS,ACEVECTOR,ACEVECTOR,544962,AceVector Limited,NSE,India,INE580P01029,,
ACFSL.BO,ACFSL,,536737,AMRAPALI CAPITAL AND FINANCE S,BSE,India,INE218P01018,,
ACGL.NS,ACGL,ACGL,505036,Automobile Corporation of Goa Limited,NSE,India,INE451C01013,,
ACHYUT.BO,ACHYUT,,543499,Achyut Healthcare Limited,BSE,India,INE0K1401020,,
ACI.NS,ACI,ACI,543657,Archean Chemical Industries Limited,NSE,India,INE128X01021,,
ACIIN.BO,ACIIN,,517356,ACI INFOCOM LTD.,BSE,India,INE167B01025,,
ACKNIT.BO,ACKNIT,,530043,ACKNIT INDUSTRIES LTD.,BSE,India,INE326C01017,,
ACL.NS,ACL,ACL,532141,Andhra Cements Limited,NSE,India,INE666E01020,,
ACLD.BO,ACLD,,544213,AELEA COMMODITIES LIMITED,BSE,India,INE0T3401029,,
ACME.BO,ACME,,539391,Acme Resources Limited,BSE,India,INE636B01011,,
ACMESOLAR.NS,ACMESOLAR,ACMESOLAR,544283,Acme Solar Holdings Limited,NSE,India,INE622W01025,Power,
ACMEUNIV.BO,ACMEUNIV,,544964,Acme Universal Safezone 9 Limi,BSE,India,INE1KUL01020,,
ACML.BO,ACML,,540146,ADITYA CONSUMER MARKETING LIMI,BSE,India,INE427V01013,,
ACROW.BO,ACROW,,513149,ACROW INDIA LTD.,BSE,India,INE950D01012,,
ACSTECH.NS,ACSTECH,ACSTECH,530745,ACS Technologies Limited,NSE,India,INE366C01021,,
ACTIVE.BO,ACTIVE,,541144,Active Clothing Co  Limited,BSE,India,INE380Z01015,,
ACTIVEINFR.NS,ACTIVEINFR,,,Active Infrastructures Limited,NSE,India,INE0KLO01025,,
ACUTAAS.NS,ACUTAAS,ACUTAAS,543349,Acutaas Chemicals Limited,NSE,India,INE00FF01025,Healthcare,
ADANIENSOL.NS,ADANIENSOL,ADANIENSOL,539254,Adani Energy Solutions Limited,NSE,India,INE931S01010,Power,
ADANIENT.NS,ADANIENT,ADANIENT,512599,Adani Enterprises Limited,NSE,India,INE423A01024,Metals & Mining,Y
ADANIGREEN.NS,ADANIGREEN,ADANIGREEN,541450,Adani Green Energy Limited,NSE,India,INE364U01010,Power,
ADANIPORTS.NS,ADANIPORTS,ADANIPORTS,532921,Adani Ports and Special Economic Zone Limited,NSE,India,INE742F01042,Services,Y
ADANIPOWER.NS,ADANIPOWER,ADANIPOWER,533096,Adani Power Limited,NSE,India,INE814H01029,Power,
ADARSHPL.BO,ADARSHPL,,526711,ADARSH PLANT PROTECT LTD.,BSE,India,INE627D01016,,
ADCINDIA.BO,ADCINDIA,,523411,ADC INDIA COMMUNICATIONS LIMIT,BSE,India,INE833A01016,,
ADCON.BO,ADCON,,539506,Adcon Capital Services Limited,BSE,India,INE805Q01028,,
ADCOUNTY.BO,ADCOUNTY,,544435,ADCOUNTY MEDIA INDIA LIMITED,BSE,India,INE0W1601012,,
ADDICTIVE.NS,ADDICTIVE,,,Addictive Learning Technology Limited,NSE,India,INE0RDH01021,,
ADDIND.NS,ADDIND,ADDIND,507852,Addi Industries Limited,NSE,India,INE757C01021,,
ADESHWAR.BO,ADESHWAR,,543309,Adeshwar Meditex Limited,BSE,India,INE0H8J01015,,
ADFFOODS.NS,ADFFOODS,ADFFOODS,519183,ADF Foods Limited,NSE,India,INE982B01027,,
ADHBHUTIN.BO,ADHBHUTIN,,539189,Adhbhut Infrastructure Ltd.,BSE,India,INE578L01014,,
ADHHATA.BO,ADHHATA,,531286,ADHATA GLOBAL LIMITED,BSE,India,INE586D01014,,
ADINATH.BO,ADINATH,,514113,ADINATH TEXTILES LTD.,BSE,India,INE207C01019,,
ADISHAKTI.BO,ADISHAKTI,,543377,Adishakti Loha and Ispat Limit,BSE,India,INE0CWK01019,,
ADISOFT.NS,ADISOFT,,,Adisoft Technologies Limited,NSE,India,INE20PL01012,,
ADITYA.BO,ADITYA,,513513,ADITYA ISPAT LTD.,BSE,India,INE570B01012,,
ADITYASP.BO,ADITYASP,,521141,ADITYA SPINNERS LTD.,BSE,India,INE122D01026,,
ADJIA.BO,ADJIA,,543269,Adjia Technologies Limited,BSE,India,INE0G0V01018,,
ADL.NS,ADL,ADL,543231,Archidply Decor Limited,NSE,India,INE0CHO01012,,
ADLINE.BO,ADLINE,,524604,ADLINE CHEM LAB LIMITED,BSE,India,INE276T01018,,
ADMACH.BO,ADMACH,,544669,ADMACH SYSTEMS LIMITED,BSE,India,INE0XLO01010,,
ADMANUM.BO,ADMANUM,,511359,AD-MANUM FINANCE LTD.,BSE,India,INE556D01017,,
ADON.BO,ADON,,544809,ADON AGRO COMMODITIES LIMITED,BSE,India,INE1SME01017,,
ADOR.NS,ADOR,ADOR,517041,Ador Welding Limited,NSE,India,INE045A01017,,
ADROITIND.NS,ADROITIND,ADROITIND,544950,Adroit Industries (India) Limited,NSE,India,INE505M01015,,
ADROITINFO.NS,ADROITINFO,ADROITINFO,532172,Adroit Infotech Limited,NSE,India,INE737B01033,,
ADSL.NS,ADSL,ADSL,532875,Allied Digital Services Limited,NSE,India,INE102I01027,,
ADTECH.BO,ADTECH,,544185,ADTECH SYSTEMS LIMITED,BSE,India,INE257C01014,,
ADTYFRG.BO,ADTYFRG,,522150,ADITYA FORGE LTD.,BSE,India,INE281H01013,,
ADVAIT.NS,ADVAIT,ADVAIT,543230,Advait Energy Transitions Limited,NSE,India,INE0ALI01010,,
ADVANCE.NS,ADVANCE,ADVANCE,544562,Advance Agrolife Limited,NSE,India,INE1B0W01010,,
ADVANCETL.BO,ADVANCETL,,544843,ADVANCE TECHNOFORGE LIMITED,BSE,India,INE13ZJ01010,,
ADVANIHOTR.NS,ADVANIHOTR,ADVANIHOTR,523269,Advani Hotels & Resorts (India) Limited,NSE,India,INE199C01026,,
ADVENTHTL.NS,ADVENTHTL,ADVENTHTL,544446,Advent Hotels International Limited,NSE,India,INE28GN01010,,
ADVENZYMES.NS,ADVENZYMES,ADVENZYMES,540025,Advanced Enzyme Technologies Limited,NSE,India,INE837H01020,,
ADVIKCA.NS,ADVIKCA,ADVIKCA,539773,Advik Capital Limited,NSE,India,INE178T01024,,
ADVIKLA.BO,ADVIKLA,,531686,ADVIK LABORATORIES LTD.,BSE,India,INE537C01019,,
ADVLIFE.BO,ADVLIFE,,521048,ADVANCE LIFESTYLES LTD.,BSE,India,INE900E01015,,
ADVMULT.BO,ADVMULT,,526331,ADVANCE MULTITECH LTD.,BSE,India,INE875S01019,,
ADVPETR-B.BO,ADVPETR-B,,506947,ADVANCE PETROCHEMICALS LTD.,BSE,India,INE334N01018,,
AEGEUS.BO,AEGEUS,,544858,AEGEUS TECHNOLOGIES LIMITED,BSE,India,INE0WR901013,,
AEGISLOG.NS,AEGISLOG,AEGISLOG,500003,Aegis Logistics Limited,NSE,India,INE208C01025,Oil Gas & Consumable Fuels,
AEGISVOPAK.NS,AEGISVOPAK,AEGISVOPAK,544407,Aegis Vopak Terminals Limited,NSE,India,INE0INX01018,Oil Gas & Consumable Fuels,
AEIM.BO,AEIM,,526443,Artificial Electronics Intelli,BSE,India,INE072B01027,,
AEL.BO,AEL,,539196,Amba Enterprises Ltd.,BSE,India,INE829P01020,,
AEONXDIGI.BO,AEONXDIGI,,524594,Aeonx Digital Technology Limit,BSE,India,INE994D01010,,
AEPL.NS,AEPL,AEPL,542670,Artemis Electricals and Projects Limited,NSE,India,INE757T01025,,
AEQUS.NS,AEQUS,AEQUS,544634,Aequs Limited,NSE,India,INE947N01017,,
AEROENTER.NS,AEROENTER,AEROENTER,511076,Aeroflex Enterprises Limited,NSE,India,INE065D01027,,
AEROFLEX.NS,AEROFLEX,AEROFLEX,543972,Aeroflex Industries Limited,NSE,India,INE024001021,,
AERON.NS,AERON,,,Aeron Composite Limited,NSE,India,INE0WL801011,,
AERONEU.NS,AERONEU,AERONEU,543743,Aeroflex Neu Limited,NSE,India,INE035801013,,
AEROPLANE.NS,AEROPLANE,AEROPLANE,544743,Amir Chand Jagdish Kumar (Exports) Limited,NSE,India,INE05TO01019,,
AERPACE.BO,AERPACE,,534733,Aerpace Industries Limited,BSE,India,INE175N01023,,
AESTHETIK.NS,AESTHETIK,,,Aesthetik Engineers Limited,NSE,India,INE0TSF01011,,
AETHER.NS,AETHER,AETHER,543534,Aether Industries Limited,NSE,India,INE0BWX01014,Chemicals,
AFCOM.BO,AFCOM,,544224,Afcom Holdings Limited,BSE,India,INE0OXY01013,,
AFCONS.NS,AFCONS,AFCONS,544280,Afcons Infrastructure Limited,NSE,India,INE101I01011,Construction,
AFEL.BO,AFEL,,538351,A.F. ENTERPRISES LTD,BSE,India,INE663P01015,,
AFFLE.NS,AFFLE,AFFLE,542752,Affle 3i Limited,NSE,India,INE00WC01027,Information Technology,
AFFORDABLE.NS,AFFORDABLE,AFFORDABLE,541402,Affordable Robotic & Automation Limited,NSE,India,INE692Z01013,,
AFIL.NS,AFIL,AFIL,544200,Akme Fintrade (India) Limited,NSE,India,INE916Y01027,,
AFLTD.BO,AFLTD,,544767,Autofurnish Limited,BSE,India,INE18HI01019,,
AFSL.NS,AFSL,AFSL,543712,Abans Financial Services Limited,NSE,India,INE00ZE01026,,
AGARIND.NS,AGARIND,AGARIND,531921,Agarwal Industrial Corporation Limited,NSE,India,INE204E01012,,
AGARWAL.BO,AGARWAL,,530765,AGARWAL FORTUNE INDIA LIMITED,BSE,India,INE510B01018,,
AGARWALEYE.NS,AGARWALEYE,AGARWALEYE,544350,Dr. Agarwal's Health Care Limited,NSE,India,INE943P01029,,
AGARWALFT.NS,AGARWALFT,,,Agarwal Float Glass India Limited,NSE,India,INE0MLA01012,,
AGARWALTUF.NS,AGARWALTUF,,,Agarwal Toughened Glass India Limited,NSE,India,INE0P8X01016,,
AGASTYAEN.NS,AGASTYAEN,,,Agastya Energy and Infrastructure Limited,NSE,India,INE753W01010,,
AGI.NS,AGI,AGI,500187,AGI Greenpac Limited,NSE,India,INE415A01038,,
AGIIL.NS,AGIIL,AGIIL,539042,Agi Infra Limited,NSE,India,INE976R01033,,
AGIOPAPER.BO,AGIOPAPER,,516020,AGIO PAPER & INDUSTRIES LTD.,BSE,India,INE112C01011,,
AGL.NS,AGL,AGL,544602,Allcargo Global Limited,NSE,India,INE1YPB01014,,
AGNI.NS,AGNI,,,Agni Green Power Limited,NSE,India,INE0LF301013,,
AGOL.BO,AGOL,,542579,Ashapuri Gold Ornament Limited,BSE,India,INE05FR01029,,
AGRIBIO.BO,AGRIBIO,,539546,AGRIBIO SPIRITS LIMITED,BSE,India,INE679E01015,,
AGRITECH.NS,AGRITECH,AGRITECH,537292,Agri-Tech (India) Limited,NSE,India,INE449G01018,,
AGROPHOS.NS,AGROPHOS,,,Agro Phos India Limited,NSE,India,INE740V01019,,
AGSTRA.NS,AGSTRA,AGSTRA,543451,AGS Transact Technologies Limited,NSE,India,INE583L01014,,
AGUL.NS,AGUL,,,A G Universal Limited,NSE,India,INE0O6N01012,,
AGVENTURES.BO,AGVENTURES,,506579,AG VENTURES LIMITED,BSE,India,INE321D01016,,
AHASOLAR.BO,AHASOLAR,,543941,AHASOLAR TECHNOLOGIES LIMITED,BSE,India,INE0NEV01011,,
AHCL.NS,AHCL,AHCL,544497,Anlon Healthcare Limited,NSE,India,INE0Y8W01025,,
AHIMSA.NS,AHIMSA,,,Ahimsa Industries Limited,NSE,India,INE136T01014,,
AHLADA.NS,AHLADA,,,Ahlada Engineers Limited,NSE,India,INE00PV01013,,
AHLEAST.NS,AHLEAST,AHLEAST,533227,Asian Hotels (East) Limited,NSE,India,INE926K01017,,
AHLUCONT.NS,AHLUCONT,AHLUCONT,532811,Ahluwalia Contracts (India) Limited,NSE,India,INE758C01029,,
AHLWEST.NS,AHLWEST,AHLWEST,533221,Asian Hotels (West) Limited,NSE,India,INE915K01010,,
AHMDSTE.BO,AHMDSTE,,522273,AHMEDABAD STEELCRAFT LTD.,BSE,India,INE868C01018,,
AIAENG.NS,AIAENG,AIAENG,532683,AIA Engineering Limited,NSE,India,INE212H01026,Capital Goods,
AICHAMP.BO,AICHAMP,,532806,AI CHAMPDANY INDUSTRIES LTD.,BSE,India,INE768E01024,,
AIHL.BO,AIHL,,542524,AMBASSADOR INTRA HOLDINGS LIMI,BSE,India,INE342U01016,,
AIIL.NS,AIIL,AIIL,539177,Authum Investment & Infrastructure Limited,NSE,India,INE206F01022,Financial Services,
AIKPIPES.BO,AIKPIPES,,544072,AIK Pipes and Polymers Limited,BSE,India,INE0QFT01015,,
AILIMITED.NS,AILIMITED,,,Abhishek Integrations Limited,NSE,India,INE0CAJ01017,,
AIMCOPEST.BO,AIMCOPEST,,524288,AIMCO PESTICIDES LTD.,BSE,India,INE008B01013,,
AIML.BO,AIML,,534064,ALLIANCE INTEGRATED METALIKS L,BSE,India,INE123D01024,,
AIMTRON.NS,AIMTRON,,,Aimtron Electronics Limited,NSE,India,INE0RUV01018,,
AIRAN.NS,AIRAN,AIRAN,543811,Airan Limited,NSE,India,INE645W01026,,
AIRFLOA.BO,AIRFLOA,,544516,AIRFLOA RAIL TECHNOLOGY LIMITE,BSE,India,INE0XBS01012,,
AIROLAM.NS,AIROLAM,,,Airo Lam limited,NSE,India,INE801L01010,,
AISL.NS,AISL,,,ANI Integrated Services Limited,NSE,India,INE635Y01015,,
AJANTPHARM.NS,AJANTPHARM,AJANTPHARM,532331,Ajanta Pharma Limited,NSE,India,INE031B01049,Healthcare,
AJANTSOY.BO,AJANTSOY,,519216,AJANTA SOYA LTD.,BSE,India,INE601B01023,,
AJAXENGG.NS,AJAXENGG,AJAXENGG,544356,Ajax Engineering Limited,NSE,India,INE274Y01021,,
AJCJEWEL.BO,AJCJEWEL,,544425,AJC Jewel Manufacturers Limite,BSE,India,INE0XRR01010,,
AJCON.BO,AJCON,,511692,AJCON GLOBAL SERVICES LTD.,BSE,India,INE759C01027,,
AJMERA.NS,AJMERA,AJMERA,513349,Ajmera Realty & Infra India Limited,NSE,India,INE298G01035,,
AJOONI.NS,AJOONI,,,Ajooni Biotech Limited,NSE,India,INE820Y01021,,
AJWAFUN.BO,AJWAFUN,,526628,AJWA FUN WORLD & RESORT LTD.,BSE,India,INE863E01015,,
AKANKSHA.NS,AKANKSHA,,,Akanksha Power and Infrastructure Limited,NSE,India,INE0PCY01014,,
AKASH.NS,AKASH,,,Akash Infra-Projects Limited,NSE,India,INE737W01013,,
AKCAPIT.NS,AKCAPIT,AKCAPIT,530499,AK Capital Services Limited,NSE,India,INE701G01012,,
AKG.NS,AKG,,,Akg Exim Limited,NSE,India,INE00Y801016,,
AKI.NS,AKI,AKI,542020,AKI India Limited,NSE,India,INE642Z01026,,
AKIKO.NS,AKIKO,,,Akiko Global Services Limited,NSE,India,INE0PMR01017,,
AKSHAR.NS,AKSHAR,AKSHAR,541303,Akshar Spintex Limited,NSE,India,INE256Z01025,,
AKSHARCHEM.NS,AKSHARCHEM,AKSHARCHEM,524598,AksharChem India Limited,NSE,India,INE542B01011,,
AKSHOPTFBR.NS,AKSHOPTFBR,AKSHOPTFBR,532351,Aksh Optifibre Limited,NSE,India,INE523B01011,,
AKUMS.NS,AKUMS,AKUMS,544222,Akums Drugs and Pharmaceuticals Limited,NSE,India,INE09XN01023,,
ALANKIT.NS,ALANKIT,ALANKIT,531082,Alankit Limited,NSE,India,INE914E01040,,
ALANSCOTT.BO,ALANSCOTT,,539115,ALAN SCOTT ENTERPRISES LIMITED,BSE,India,INE273F01022,,
ALBERTDAVD.NS,ALBERTDAVD,ALBERTDAVD,524075,Albert David Limited,NSE,India,INE155C01010,,
ALCHCORP.BO,ALCHCORP,,531409,ALCHEMIST CORPORATION LTD.,BSE,India,INE057D01016,,
ALCODIS.NS,ALCODIS,,,Alcokraft Distilleries Limited,NSE,India,INE448V01019,,
ALEMBICLTD.NS,ALEMBICLTD,ALEMBICLTD,506235,Alembic Limited,NSE,India,INE426A01027,,
ALEXANDER.BO,ALEXANDER,,511463,Alexander Stamps And Coin Limi,BSE,India,INE191N01012,,
ALFAICA.BO,ALFAICA,,530973,ALFA ICA (INDIA) LTD.,BSE,India,INE042C01010,,
ALFATRAN.BO,ALFATRAN,,517546,ALFA TRANSFORMERS LTD.,BSE,India,INE209C01015,,
ALFAVIO.BO,ALFAVIO,,531156,ALFAVISION OVERSEAS (INDIA) LT,BSE,India,INE883B01027,,
ALFL.BO,ALFL,,538952,Abhinav Leasing & Finance Limi,BSE,India,INE211D01027,,
ALFREDHE.NS,ALFREDHE,ALFREDHE,505216,Alfred Herbert India Limited,NSE,India,INE782D01027,,
ALGOQUANT.NS,ALGOQUANT,ALGOQUANT,505725,Algoquant Fintech Limited,NSE,India,INE598D01035,,
ALICON.NS,ALICON,ALICON,531147,Alicon Castalloy Limited,NSE,India,INE062D01024,,
ALIVUS.NS,ALIVUS,ALIVUS,543322,Alivus Life Sciences Limited,NSE,India,INE03Q201024,,
ALKALI.NS,ALKALI,ALKALI,533029,Alkali Metals Limited,NSE,India,INE773I01017,,
ALKEM.NS,ALKEM,ALKEM,539523,Alkem Laboratories Limited,NSE,India,INE540L01014,Healthcare,
ALKOSIGN.BO,ALKOSIGN,,543453,ALKOSIGN LIMITED,BSE,India,INE0KA601012,,
ALKYLAMINE.NS,ALKYLAMINE,ALKYLAMINE,506767,Alkyl Amines Chemicals Limited,NSE,India,INE150B01039,,
ALLCARGO.NS,ALLCARGO,ALLCARGO,532749,Allcargo Logistics Limited,NSE,India,INE418H01029,,
ALLDIGI.NS,ALLDIGI,ALLDIGI,532633,Alldigi Tech Limited,NSE,India,INE835G01018,,
ALLETEC.NS,ALLETEC,,,All E Technologies Limited,NSE,India,INE0M2X01012,,
ALLTIME.NS,ALLTIME,ALLTIME,544479,All Time Plastics Limited,NSE,India,INE0GV601021,,
ALMONDZ.NS,ALMONDZ,ALMONDZ,531400,Almondz Global Securities Limited,NSE,India,INE326B01035,,
ALOKINDS.NS,ALOKINDS,ALOKINDS,521070,Alok Industries Limited,NSE,India,INE270A01029,,
ALPA.NS,ALPA,ALPA,532878,Alpa Laboratories Limited,NSE,India,INE385I01010,,
ALPEXSOLAR.NS,ALPEXSOLAR,,,Alpex Solar Limited,NSE,India,INE0R4701017,,
ALPHAGEO.NS,ALPHAGEO,ALPHAGEO,526397,Alphageo (India) Limited,NSE,India,INE137C01018,,
ALPHAIND.BO,ALPHAIND,,543937,ALPHALOGIC INDUSTRIES LIMITED,BSE,India,INE0NZF01019,,
ALPHALOGIC.BO,ALPHALOGIC,,542770,Alphalogic Techsys Limited,BSE,India,INE08E401029,,
ALPINEHOU.BO,ALPINEHOU,,526519,ALPINE HOUSING DEVELOPMENT COR,BSE,India,INE840D01015,,
ALPINETEX.NS,ALPINETEX,ALPINETEX,544825,Alpine Texworld Limited,NSE,India,INE1JCQ01037,,
ALSL.BO,ALSL,,535916,ALACRITY SECURITIES LTD,BSE,India,INE030P01017,,
ALUFLUOR.NS,ALUFLUOR,ALUFLUOR,524634,Alufluoride Limited,NSE,India,INE058F01019,,
ALUWIND.NS,ALUWIND,,,ALUWIND INFRA-TECH LIMITED,NSE,India,INE0STM01017,,
AMAGI.NS,AMAGI,AMAGI,544679,Amagi Media Labs Limited,NSE,India,INE121R01077,,
AMAL.NS,AMAL,AMAL,506597,Amal Limited,NSE,India,INE841D01013,,
AMALGAM.BO,AMALGAM,,501622,AMALGAMATED ELECTRICITY CO.LTD,BSE,India,INE492N01022,,
AMANAYA.BO,AMANAYA,,543804,AMANAYA VENTURES LIMITED,BSE,India,INE0G1V01016,,
AMANTA.NS,AMANTA,AMANTA,544502,Amanta Healthcare Limited,NSE,India,INE084K01015,,
AMARJOTHI.NS,AMARJOTHI,AMARJOTHI,521097,Amarjothi Spinning Mills Limited,NSE,India,INE484D01012,,
AMARSEC.BO,AMARSEC,,538465,AMARNATH SECURITIES LTD,BSE,India,INE745P01010,,
AMBAAUTO.NS,AMBAAUTO,,,Amba Auto Sales and Services Limited,NSE,India,INE293601014,,
AMBALALSA.NS,AMBALALSA,AMBALALSA,500009,Ambalal Sarabhai Enterprises Limited,NSE,India,INE432A01017,,
AMBANIORGO.NS,AMBANIORGO,,,AMBANI ORGOCHEM LIMITED,NSE,India,INE00C501018,,
AMBARPIL.BO,AMBARPIL,,519471,Ambar Protein Industries Limit,BSE,India,INE072V01017,,
AMBER.NS,AMBER,AMBER,540902,Amber Enterprises India Limited,NSE,India,INE371P01015,Consumer Durables,
AMBICAAGAR.NS,AMBICAAGAR,AMBICAAGAR,532335,Ambica Agarbathies & Aroma industries Limited,NSE,India,INE792B01012,,
AMBIKCO.NS,AMBIKCO,AMBIKCO,531978,Ambika Cotton Mills Limited,NSE,India,INE540G01014,,
AMBIT.BO,AMBIT,,526439,AMBITIOUS PLASTOMAC COMPANY LT,BSE,India,INE267C01013,,
AMBOAGRI.BO,AMBOAGRI,,543678,AMBO AGRITEC LIMITED,BSE,India,INE0N6V01016,,
AMBUJACEM.NS,AMBUJACEM,AMBUJACEM,500425,Ambuja Cements Limited,NSE,India,INE079A01024,Construction Materials,
AMCL.NS,AMCL,,,ANB Metal Cast Limited,NSE,India,INE0VG001016,,
AMCOIND.BO,AMCOIND,,530133,AMCO INDIA LTD.,BSE,India,INE924B01011,,
AMDIND.NS,AMDIND,AMDIND,532828,AMD Industries Limited,NSE,India,INE005I01014,,
AMEENJI.BO,AMEENJI,,544555,AMEENJI RUBBER LIMITED,BSE,India,INE14QA01016,,
AMERISE.BO,AMERISE,,531681,AMERISE BIOSCIENCES LIMITED,BSE,India,INE673C01020,,
AMEYA.NS,AMEYA,,,Ameya Precision Engineers Limited,NSE,India,INE0KT901015,,
AMFORG.BO,AMFORG,,513117,AMFORGE INDUSTRIES LTD.,BSE,India,INE991A01020,,
AMIABLE.NS,AMIABLE,,,Amiable Logistics (India) Limited,NSE,India,INE0MTP01013,,
AMIC.BO,AMIC,,544037,Amic Forging Limited,BSE,India,INE0P9J01013,,
AMINTAN.BO,AMINTAN,,541771,AMIN TANNERY LIMITED,BSE,India,INE572Z01017,,
AMITSEC.BO,AMITSEC,,531557,AMIT SECURITIES LTD.,BSE,India,INE137E01014,,
AMJLAND.NS,AMJLAND,AMJLAND,500343,Amj Land Holdings Limited,NSE,India,INE606A01024,,
AMKAY.BO,AMKAY,,544169,Amkay Products Limited,BSE,India,INE0QSB01016,,
AMNPLST.NS,AMNPLST,AMNPLST,506248,Amines & Plasticizers Limited,NSE,India,INE275D01022,,
AMPL.BO,AMPL,,539598,AMPL Capital Limited,BSE,India,INE727C01024,,
AMPVOLTS.BO,AMPVOLTS,,535719,AMPVOLTS LIMITED,BSE,India,INE989J01017,,
AMRAAGRI.BO,AMRAAGRI,,531991,AMRAWORLD AGRICO LTD.,BSE,India,INE735C01027,,
AMRAFIN.BO,AMRAFIN,,539265,Amrapali Fincap Limited,BSE,India,INE990S01016,,
AMRAPLIN.BO,AMRAPLIN,,526241,AMRAPALI INDUSTRIES LTD.,BSE,India,INE762C01021,,
AMRUTANJAN.NS,AMRUTANJAN,AMRUTANJAN,590006,Amrutanjan Health Care Limited,NSE,India,INE098F01031,,
AMS.BO,AMS,,540066,AMS POLYMERS LIMITED,BSE,India,INE345U01019,,
AMTECH.BO,AMTECH,,544920,Amtech Esters Limited,BSE,India,INE0RMA01019,,
AMTL.BO,AMTL,,534612,ADVANCE METERING TECHNOLOGY LT,BSE,India,INE436N01029,,
AMWILL.BO,AMWILL,,544353,Amwill Health Care Limited,BSE,India,INE0U2L01017,,
ANAND.BO,ANAND,,544944,Anand Seamless Limited,BSE,India,INE0XDX01018,,
ANANDRATHI.NS,ANANDRATHI,ANANDRATHI,543415,Anand Rathi Wealth Limited,NSE,India,INE463V01026,Financial Services,
ANANTRAJ.NS,ANANTRAJ,ANANTRAJ,515055,Anant Raj Limited,NSE,India,INE242C01024,Realty,
ANAWIL.NS,ANAWIL,,,Anawil Wire and Engineering Limited,NSE,India,INE1J5V01013,,
ANDHRAPAP.NS,ANDHRAPAP,ANDHRAPAP,502330,ANDHRA PAPER LIMITED,NSE,India,INE435A01051,,
ANDHRAPET.BO,ANDHRAPET,,500012,ANDHRA PETROCHEMICALS LTD.,BSE,India,INE714B01016,,
ANDHRSUGAR.NS,ANDHRSUGAR,ANDHRSUGAR,590062,The Andhra Sugars Limited,NSE,India,INE715B01021,,
ANDREWYU.NS,ANDREWYU,ANDREWYU,526173,Andrew Yule & Company Limited,NSE,India,INE449C01025,,
ANG.BO,ANG,,540694,ANG Lifesciences India Limited,BSE,India,INE236W01016,,
ANGEL.BO,ANGEL,,541006,Angel Fibers Limited,BSE,India,INE339Z01011,,
ANGELONE.NS,ANGELONE,ANGELONE,543235,Angel One Limited,NSE,India,INE732I01021,Financial Services,
ANIKINDS.NS,ANIKINDS,ANIKINDS,519383,Anik Industries Limited,NSE,India,INE087B01017,,
ANIRIT.BO,ANIRIT,,530705,ANIRIT VENTURES LIMITED,BSE,India,INE161F01011,,
ANJANI.BO,ANJANI,,531223,ANJANI SYNTHETICS LTD.,BSE,India,INE364D01032,,
ANJANIFIN.BO,ANJANIFIN,,531878,ANJANI FINANCE LTD.,BSE,India,INE283D01018,,
ANJANIFOODS.BO,ANJANIFOODS,,511153,Anjani Foods Limited,BSE,India,INE096I01021,,
ANKIN.BO,ANKIN,,531673,ANKA INDIA LTD.,BSE,India,INE067C01025,,
ANKITMETAL.NS,ANKITMETAL,ANKITMETAL,532870,Ankit Metal & Power Limited,NSE,India,INE106I01010,,
ANL.BO,ANL,,544694,Accretion Nutraveda Limited,BSE,India,INE1KVQ01019,,
ANLON.NS,ANLON,,,Anlon Technology Solutions Limited,NSE,India,INE0LR101013,,
ANMOL.NS,ANMOL,ANMOL,542437,Anmol India Limited,NSE,India,INE02AR01019,,
ANNAINFRA.BO,ANNAINFRA,,530799,ANNA INFRASTRUCTURES LTD.,BSE,India,INE336D01014,,
ANNAPURNA.NS,ANNAPURNA,,,Annapurna Swadisht Limited,NSE,India,INE0MGM01017,,
ANNU.NS,ANNU,ANNU,544893,Annu Projects Limited,NSE,India,INE103001017,,
ANONDITA.NS,ANONDITA,,,Anondita Medicare Limited,NSE,India,INE0VTV01012,,
ANSALAPI.NS,ANSALAPI,ANSALAPI,500013,Ansal Properties & Infrastructure Limited,NSE,India,INE436A01026,,
ANSALBU.NS,ANSALBU,ANSALBU,523007,Ansal Buildwell Limited,NSE,India,INE030C01015,,
ANSALHSG.BO,ANSALHSG,,507828,ANSAL HOUSING LIMITED,BSE,India,INE880B01015,,
ANSINDUS.BO,ANSINDUS,,531406,ANS INDUSTRIES LTD,BSE,India,INE234J01018,,
ANTARIKSH.BO,ANTARIKSH,,501270,ANTARIKSH INDUSTRIES LIMITED,BSE,India,INE825M01017,,
ANTELOPUS.NS,ANTELOPUS,ANTELOPUS,530075,Antelopus Selan Energy Limited,NSE,India,INE818A01017,,
ANTGRAPHIC.NS,ANTGRAPHIC,,,Antarctica Limited,NSE,India,INE414B01021,,
ANTHEM.NS,ANTHEM,ANTHEM,544449,Anthem Biosciences Limited,NSE,India,INE0CZ201020,Healthcare,
ANUBHAV.BO,ANUBHAV,,544800,ANUBHAV PLAST LIMITED,BSE,India,INE1O7201010,,
ANUHPHR.NS,ANUHPHR,ANUHPHR,506260,Anuh Pharma Limited,NSE,India,INE489G01022,,
ANUP.NS,ANUP,ANUP,542460,The Anup Engineering Limited,NSE,India,INE294Z01018,,
ANUPAM.BO,ANUPAM,,530109,ANUPAM FINSERV LIMITED,BSE,India,INE069B01023,,
ANURAS.NS,ANURAS,ANURAS,543275,Anupam Rasayan India Limited,NSE,India,INE930P01018,Chemicals,
ANUROOP.BO,ANUROOP,,542865,Anuroop Packaging Limited,BSE,India,INE490Z01012,,
ANVRDHI.BO,ANVRDHI,,538539,ANNVRRIDHHI VENTURES LIMITED,BSE,India,INE075K01013,,
ANYA.NS,ANYA,,,Anya Polytech & Fertilizers Limited,NSE,India,INE0SI601032,,
AONESTEELS.NS,AONESTEELS,AONESTEELS,544952,A-One Steels India Limited,NSE,India,INE0OTC01025,,
APANA.BO,APANA,,544910,Apana Logistics Limited,BSE,India,INE1ET101019,,
APARINDS.NS,APARINDS,APARINDS,532259,Apar Industries Limited,NSE,India,INE372A01015,Capital Goods,
APCL.NS,APCL,APCL,518091,Anjani Portland Cement Limited,NSE,India,INE071F01012,,
APCOTEXIND.NS,APCOTEXIND,APCOTEXIND,523694,Apcotex Industries Limited,NSE,India,INE116A01032,,
APEX.NS,APEX,APEX,540692,Apex Frozen Foods Limited,NSE,India,INE346W01013,,
APEXECO.NS,APEXECO,,,Apex Ecotech Limited,NSE,India,INE0T4V01015,,
APIL.BO,APIL,,523896,AVI PRODUCTS INDIA LIMITED,BSE,India,INE316O01021,,
APIS.BO,APIS,,506166,APIS INDIA LTD.,BSE,India,INE070K01014,,
APL.BO,APL,,544445,ASSTON PHARMACEUTICALS LIMITED,BSE,India,INE0SJX01015,,
APLAB.BO,APLAB,,517096,APLAB LTD.,BSE,India,INE273A01015,,
APLAPOLLO.NS,APLAPOLLO,APLAPOLLO,533758,APL Apollo Tubes Limited,NSE,India,INE702C01027,Capital Goods,
APLLTD.NS,APLLTD,APLLTD,533573,Alembic Pharmaceuticals Limited,NSE,India,INE901L01018,,
APMIN.BO,APMIN,,523537,APM INDUSTRIES LTD.,BSE,India,INE170D01025,,
APOLLO.NS,APOLLO,APOLLO,540879,Apollo Micro Systems Limited,NSE,India,INE713T01028,,
APOLLOFI.BO,APOLLOFI,,512437,APOLLO FINVEST (INDIA) LTD.,BSE,India,INE412D01013,,
APOLLOHOSP.NS,APOLLOHOSP,APOLLOHOSP,508869,Apollo Hospitals Enterprise Limited,NSE,India,INE437A01024,Healthcare,Y
APOLLOIN.BO,APOLLOIN,,503639,Apollo Ingredients Limited,BSE,India,INE314N01028,,
APOLLOPIPE.NS,APOLLOPIPE,APOLLOPIPE,531761,Apollo Pipes Limited,NSE,India,INE126J01016,,
APOLLOTYRE.NS,APOLLOTYRE,APOLLOTYRE,500877,Apollo Tyres Limited,NSE,India,INE438A01022,Automobile and Auto Components,
APOLSINHOT.NS,APOLSINHOT,,,Apollo Sindoori Hotels Limited,NSE,India,INE451F01024,,
APOORVA.NS,APOORVA,APOORVA,539545,Apoorva Leasing Finance and Investment Company Limited,NSE,India,INE217S01014,,
APPL.BO,APPL,,544529,Aptus Pharma Limited,BSE,India,INE15XJ01010,,
APRAMEYA.NS,APRAMEYA,,,Aprameya Engineering Limited,NSE,India,INE0LQG01010,,
APS.NS,APS,,,Australian Premium Solar (India) Limited,NSE,India,INE0P0001010,,
APSISAERO.NS,APSISAERO,,,Apsis Aerocom Limited,NSE,India,INE1OOJ01011,,
APTECHT.NS,APTECHT,APTECHT,532475,Aptech Limited,NSE,India,INE266F01018,,
APTPACK.BO,APTPACK,,506979,APT PACKAGING LTD.,BSE,India,INE046E01025,,
APTUS.NS,APTUS,APTUS,543335,Aptus Value Housing Finance India Limited,NSE,India,INE852O01025,Financial Services,
AQYLON.NS,AQYLON,AQYLON,530943,Aqylon Nexus Limited,NSE,India,INE416A01051,,
ARABIAN.NS,ARABIAN,,,Arabian Petroleum Limited,NSE,India,INE08NJ01024,,
ARAVALIS.BO,ARAVALIS,,512344,ARAVALI SECURITIES & FINANCE L,BSE,India,INE068C01015,,
ARCEEIN.BO,ARCEEIN,,520121,ARCEE INDUSTRIES LTD.,BSE,India,INE276D01012,,
ARCFIN.BO,ARCFIN,,540135,ARC Finance Limited,BSE,India,INE202R01026,,
ARCHIDPLY.NS,ARCHIDPLY,ARCHIDPLY,532994,Archidply Industries Limited,NSE,India,INE877I01016,,
ARCHIES.NS,ARCHIES,ARCHIES,532212,Archies Limited,NSE,India,INE731A01020,,
ARCHITORG.BO,ARCHITORG,,524640,ARCHIT ORGANOSYS LTD.,BSE,India,INE078I01011,,
ARCIIL.NS,ARCIIL,,,ARC Insulation & Insulators Limited,NSE,India,INE0YDV01010,,
ARCIL.NS,ARCIL,ARCIL,544921,Asset Reconstruction Company (India) Limited,NSE,India,INE148G01016,,
ARCL.NS,ARCL,ARCL,543993,ARCL Organics Limited,NSE,India,INE372M01010,,
ARDEE.NS,ARDEE,ARDEE,544860,Ardee Industries Limited,NSE,India,INE0XNF01022,,
ARE&M.NS,ARE&M,ARE&M,500008,Amara Raja Energy & Mobility Limited,NSE,India,INE885A01032,Automobile and Auto Components,
ARENTERP.NS,ARENTERP,ARENTERP,526662,Rajdarshan Industries Limited,NSE,India,INE610C01014,,
AREXMIS.BO,AREXMIS,,526851,AREX INDUSTRIES LTD.,BSE,India,INE480H01011,,
ARFIN.NS,ARFIN,ARFIN,539151,Arfin India Limited,NSE,India,INE784R01023,,
ARHAM.NS,ARHAM,,,Arham Technologies Limited,NSE,India,INE0L2Y01011,,
ARIES.NS,ARIES,ARIES,532935,Aries Agro Limited,NSE,India,INE298I01015,,
ARIGATO.BO,ARIGATO,,530267,ARIGATO UNIVERSE LIMITED,BSE,India,INE021N01011,,
ARIHANT.NS,ARIHANT,ARIHANT,531381,Arihant Foundations & Housing Limited,NSE,India,INE413D01011,,
ARIHANTACA.NS,ARIHANTACA,,,Arihant Academy Limited,NSE,India,INE0NCC01015,,
ARIHANTCAP.NS,ARIHANTCAP,ARIHANTCAP,511605,Arihant Capital Markets Limited,NSE,India,INE420B01036,,
ARIHANTSUP.NS,ARIHANTSUP,ARIHANTSUP,506194,Arihant Superstructures Limited,NSE,India,INE643K01018,,
ARIS.NS,ARIS,ARIS,544419,Arisinfra Solutions Limited,NSE,India,INE0H9P01028,,
ARISE.BO,ARISE,,531017,ARIHANTS SECURITIES LTD.,BSE,India,INE190D01015,,
ARISTO.NS,ARISTO,,,Aristo Bio-Tech And Lifescience Limited,NSE,India,INE082101010,,
ARITAS.BO,ARITAS,,544683,Aritas Vinyl Limited,BSE,India,INE1D8001016,,
ARKADE.NS,ARKADE,ARKADE,544261,Arkade Developers Limited,NSE,India,INE0QRL01017,,
ARL.BO,ARL,,542721,Anand Rayons Limited,BSE,India,INE02GA01012,,
ARMAN.BO,ARMAN,,538556,ARMAN HOLDINGS LTD,BSE,India,INE510P01018,,
ARMANFIN.NS,ARMANFIN,ARMANFIN,531179,Arman Financial Services Limited,NSE,India,INE109C01017,,
ARMEE.NS,ARMEE,ARMEE,544951,ArMee Infotech Limited,NSE,India,INE0TWE01016,,
ARMOUR.NS,ARMOUR,,,Armour Security (India) Limited,NSE,India,INE0TZX01019,,
ARNOLD.BO,ARNOLD,,537069,ARNOLD HOLDINGS LTD,BSE,India,INE185K01036,,
AROGRANITE.NS,AROGRANITE,AROGRANITE,513729,Aro Granite Industries Limited,NSE,India,INE210C01013,,
ARROWGREEN.NS,ARROWGREEN,ARROWGREEN,516064,Arrow Greentech Limited,NSE,India,INE570D01018,,
ARROWHEAD.BO,ARROWHEAD,,544025,Arrowhead Seperation Engineeri,BSE,India,INE0PP401015,,
ARSHIYA.NS,ARSHIYA,ARSHIYA,506074,Arshiya Limited,NSE,India,INE968D01022,,
ARSSBL.NS,ARSSBL,ARSSBL,544530,Anand Rathi Share and Stock Brokers Limited,NSE,India,INE549H01021,,
ARTEFACT.BO,ARTEFACT,,531297,ARTEFACT PROJECTS LTD.,BSE,India,INE885B01014,,
ARTEMISMED.NS,ARTEMISMED,ARTEMISMED,542919,Artemis Medicare Services Limited,NSE,India,INE025R01021,,
ARTNIRMAN.NS,ARTNIRMAN,,,Art Nirman Limited,NSE,India,INE738V01013,,
ARTSON.BO,ARTSON,,522134,ARTSON LIMITED,BSE,India,INE133D01023,,
ARUNAHTEL.BO,ARUNAHTEL,,500016,ARUNA HOTELS LTD.,BSE,India,INE957C01019,,
ARUNAYA.NS,ARUNAYA,,,Arunaya Organics Limited,NSE,India,INE0TTG01017,,
ARVAYA.BO,ARVAYA,,524723,Arvaya Healthcare Limited,BSE,India,INE491D01017,,
ARVEE.NS,ARVEE,,,Arvee Laboratories (India) Limited,NSE,India,INE006Z01016,,
ARVIND.NS,ARVIND,ARVIND,500101,Arvind Limited,NSE,India,INE034A01011,,
ARVINDFASN.NS,ARVINDFASN,ARVINDFASN,542484,Arvind Fashions Limited,NSE,India,INE955V01021,,
ARVINDPORT.NS,ARVINDPORT,,,ARVIND PORT AND INFRA LIMITED,NSE,India,INE0P4T01013,,
ARVSMART.NS,ARVSMART,ARVSMART,539301,Arvind SmartSpaces Limited,NSE,India,INE034S01021,,
ARYACAPM.BO,ARYACAPM,,538716,Aryaman Capital Markets Limite,BSE,India,INE229R01011,,
ARYAMAN.NS,ARYAMAN,ARYAMAN,530245,Aryaman Financial Services Limited,NSE,India,INE032E01017,,
ARYAN.BO,ARYAN,,542176,Aryan Share & Stock Brokers Lt,BSE,India,INE016X01010,,
ASAHIINDIA.NS,ASAHIINDIA,ASAHIINDIA,515030,Asahi India Glass Limited,NSE,India,INE439A01020,Automobile and Auto Components,
ASAHISONG.NS,ASAHISONG,ASAHISONG,532853,Asahi Songwon Colors Limited,NSE,India,INE228I01012,,
ASAL.NS,ASAL,ASAL,520119,Automotive Stampings and Assemblies Limited,NSE,India,INE900C01027,,
ASALCBR.NS,ASALCBR,ASALCBR,507526,Associated Alcohols & Breweries Ltd.,NSE,India,INE073G01016,,
ASARFI.BO,ASARFI,,543943,ASARFI HOSPITAL LIMITED,BSE,India,INE0DN001027,,
ASCENSIVE.BO,ASCENSIVE,,543443,Ascensive Educare Limited,BSE,India,INE0E4I01027,,
ASCOM.NS,ASCOM,,,Ascom Leasing & Investments Limited,NSE,India,INE08KD01015,,
ASGARD.BO,ASGARD,,512025,ASGARD ALCOBEV LIMITED,BSE,India,INE767M01029,,
ASHAI.BO,ASHAI,,519174,ASHIANA AGRO INDUSTRIES LTD.,BSE,India,INE709D01012,,
ASHALOG.NS,ASHALOG,,,Ashapura Logistics Limited,NSE,India,INE0LAA01017,,
ASHAPURMIN.NS,ASHAPURMIN,ASHAPURMIN,527001,Ashapura Minechem Limited,NSE,India,INE348A01023,,
ASHCAP.BO,ASHCAP,,512247,ASHIRWAD CAPITAL LTD.,BSE,India,INE894A01026,,
ASHIANA.NS,ASHIANA,ASHIANA,523716,Ashiana Housing Limited,NSE,India,INE365D01021,,
ASHIKAG.NS,ASHIKAG,ASHIKAG,543766,Ashika Global Securities Limited,NSE,India,INE094B01013,,
ASHIMASYN.NS,ASHIMASYN,ASHIMASYN,514286,Ashima Limited,NSE,India,INE440A01010,,
ASHISHPO.BO,ASHISHPO,,530429,ASHISH POLYPLAST LTD.,BSE,India,INE831C01016,,
ASHNI.BO,ASHNI,,541702,Ashnisha Industries Limited,BSE,India,INE694W01024,,
ASHNOOR.BO,ASHNOOR,,507872,ASHNOOR TEXTILE MILLS LTD.,BSE,India,INE372I01018,,
ASHOKA.NS,ASHOKA,ASHOKA,533271,Ashoka Buildcon Limited,NSE,India,INE442H01029,,
ASHOKAMET.NS,ASHOKAMET,ASHOKAMET,540923,Ashoka Metcast Limited,NSE,India,INE760Y01011,,
ASHOKLEY.NS,ASHOKLEY,ASHOKLEY,500477,Ashok Leyland Limited,NSE,India,INE208A01029,Capital Goods,
ASHOKRE.BO,ASHOKRE,,526983,ASHOKA REFINERIES LTD.,BSE,India,INE760M01016,,
ASHRAM.BO,ASHRAM,,526187,ASHRAM ONLINE.COM LTD.,BSE,India,INE293C01019,,
ASHSI.BO,ASHSI,,526847,ASHIRWAD STEELS & INDUSTRIES L,BSE,India,INE338C01012,,
ASHUTOSH.NS,ASHUTOSH,,,Ashutosh Fibre Limited,NSE,India,INE19FR01012,,
ASHWINI.NS,ASHWINI,,,Ashwini Container Movers Limited,NSE,India,INE1A6Q01010,,
ASIACAP.BO,ASIACAP,,538777,ASIA CAPITAL LIMITED,BSE,India,INE131Q01011,,
ASIAN.BO,ASIAN,,543927,Asian Warehousing Limited,BSE,India,INE04Z101016,,
ASIANENE.NS,ASIANENE,ASIANENE,530355,Asian Energy Services Limited,NSE,India,INE276G01015,,
ASIANHOTNR.NS,ASIANHOTNR,ASIANHOTNR,500023,Asian Hotels (North) Limited,NSE,India,INE363A01022,,
ASIANPAINT.NS,ASIANPAINT,ASIANPAINT,500820,Asian Paints Limited,NSE,India,INE021A01026,Consumer Durables,Y
ASIANTILES.NS,ASIANTILES,ASIANTILES,532888,Asian Granito India Limited,NSE,India,INE022I01019,,
ASIANTNE.NS,ASIANTNE,ASIANTNE,519532,Asian Tea & Exports Limited,NSE,India,INE822B01017,,
ASIAPAK.BO,ASIAPAK,,530899,ASIA PACK LTD.,BSE,India,INE784M01016,,
ASIIL.BO,ASIIL,,502015,ASI INDUSTRIES LIMITED,BSE,India,INE443A01030,,
ASINPET.BO,ASINPET,,524434,ASIAN PETROPRODUCTS & EXPORTS,BSE,India,INE810M01019,,
ASITCFIN.BO,ASITCFIN,,530723,ASIT C.MEHTA FINANCIAL SERVICE,BSE,India,INE041B01014,,
ASKAUTOLTD.NS,ASKAUTOLTD,ASKAUTOLTD,544022,ASK Automotive Limited,NSE,India,INE491J01022,,
ASMS.NS,ASMS,ASMS,532694,Avio Smart Market Stack Limited,NSE,India,INE855F01042,,
ASMTEC.BO,ASMTEC,,526433,ASM TECHNOLOGIES LTD.,BSE,India,INE867C01010,,
ASPINWALL.NS,ASPINWALL,,,Aspinwall and Company Limited,NSE,India,INE991I01015,,
ASPIRA.BO,ASPIRA,,540788,Aspira Pathlab & Diagnostics L,BSE,India,INE500C01017,,
ASPIRE.NS,ASPIRE,,,Aspire & Innovative Advertising Limited,NSE,India,INE0S7801010,,
ASRL.BO,ASRL,,541865,Add-Shop E-Retail Limited,BSE,India,INE01B501018,,
ASSAMENT.NS,ASSAMENT,ASSAMENT,542911,Assam Entrade Limited,NSE,India,INE165G01010,,
ASSOCER.BO,ASSOCER,,531168,ASSOCIATED CERAMICS LTD.,BSE,India,INE771E01010,,
ASSOCIATED.BO,ASSOCIATED,,544183,Associated Coaters Limited,BSE,India,INE0RIQ01013,,
ASTALLTD.BO,ASTALLTD,,512600,ASTAL LABORATORIES LIMITED,BSE,India,INE307N01014,,
ASTAR.NS,ASTAR,ASTAR,531847,Asian Star Company Limited,NSE,India,INE194D01017,,
ASTEC.NS,ASTEC,ASTEC,533138,Astec LifeSciences Limited,NSE,India,INE563J01010,,
ASTERDM.NS,ASTERDM,ASTERDM,540975,Aster DM Quality Care Limited,NSE,India,INE914M01019,Healthcare,
ASTONEALAB.BO,ASTONEALAB,,544409,ASTONEA LABS LIMITED,BSE,India,INE0TG901011,,
ASTRAL.NS,ASTRAL,ASTRAL,532830,Astral Limited,NSE,India,INE006I01046,Capital Goods,
ASTRAMICRO.NS,ASTRAMICRO,ASTRAMICRO,532493,Astra Microwave Products Limited,NSE,India,INE386C01029,,
ASTRAZEN.NS,ASTRAZEN,ASTRAZEN,506820,AstraZeneca Pharma India Limited,NSE,India,INE203A01020,,
ASTRON.NS,ASTRON,ASTRON,540824,Astron Paper & Board Mill Limited,NSE,India,INE646X01014,,
ASTRONMULT.BO,ASTRONMULT,,544628,Astron Multigrain Limited,BSE,India,INE0RUY01012,,
ASYL.BO,ASYL,,539982,Advance Syntex Limited,BSE,India,INE184U01012,,
ATALREAL.NS,ATALREAL,ATALREAL,543911,Atal Realtech Limited,NSE,India,INE0ALR01029,,
ATAM.NS,ATAM,ATAM,543236,Atam Valves Limited,NSE,India,INE09KD01013,,
ATCENERGY.NS,ATCENERGY,,,ATC Energies System Limited,NSE,India,INE0V0Q01019,,
ATENPAPERS.BO,ATENPAPERS,,544417,Aten Papers & Foam Limited,BSE,India,INE0XCV01014,,
ATGL.NS,ATGL,ATGL,542066,Adani Total Gas Limited,NSE,India,INE399L01023,Oil Gas & Consumable Fuels,
ATHARVA.BO,ATHARVA,,544812,Atharva Poly-Plast Limited,BSE,India,INE226801012,,
ATHARVENT.BO,ATHARVENT,,530187,ATHARV ENTERPRISES LTD.,BSE,India,INE354E01031,,
ATHCON.BO,ATHCON,,539099,Athena Constructions Limited,BSE,India,INE291R01011,,
ATHENAGLO.BO,ATHENAGLO,,517429,Athena Global Technologies Lim,BSE,India,INE576B01019,,
ATHERENERG.NS,ATHERENERG,ATHERENERG,544397,Ather Energy Limited,NSE,India,INE0LEZ01016,Automobile and Auto Components,
ATIL.BO,ATIL,,544671,APOLLO TECHNO INDUSTRIES LIMIT,BSE,India,INE0X4A01013,,
ATISHAY.BO,ATISHAY,,538713,Atishay Limited,BSE,India,INE011R01013,,
ATL.NS,ATL,ATL,543954,Allcargo Terminals Limited,NSE,India,INE0NN701020,,
ATLANTAA.NS,ATLANTAA,ATLANTAA,532759,ATLANTAA LIMITED,NSE,India,INE285H01022,,
ATLANTAELE.NS,ATLANTAELE,ATLANTAELE,544527,Atlanta Electricals Limited,NSE,India,INE0Z4F01028,,
ATLASCYCLE.NS,ATLASCYCLE,ATLASCYCLE,505029,Atlas Cycles (Haryana) Limited,NSE,India,INE446A01025,,
ATMASTCO.NS,ATMASTCO,,,Atmastco Limited,NSE,India,INE05DH01017,,
ATUL.NS,ATUL,ATUL,500027,Atul Limited,NSE,India,INE100A01010,Chemicals,
ATULAUTO.NS,ATULAUTO,ATULAUTO,531795,Atul Auto Limited,NSE,India,INE951D01028,,
ATVOENT.BO,ATVOENT,,532090,Atvo Enterprises Limited,BSE,India,INE219M01021,,
ATVPR.BO,ATVPR,,500028,ATV PROJECTS INDIA LTD.,BSE,India,INE447A01015,,
AUBANK.NS,AUBANK,AUBANK,540611,AU Small Finance Bank Limited,NSE,India,INE949L01017,Financial Services,
AUDROC.BO,AUDROC,,530889,AUDROC Limited,BSE,India,INE061B01038,,
AUGMONT.NS,AUGMONT,AUGMONT,544888,Augmont Enterprises Limited,NSE,India,INE16W401027,,
AUREATE.BO,AUREATE,,544772,AUREATE TRADDE LIMITED,BSE,India,INE1KVL01010,,
AURIONPRO.NS,AURIONPRO,AURIONPRO,532668,Aurionpro Solutions Limited,NSE,India,INE132H01018,,
AURIQUE.BO,AURIQUE,,517230,AURIQUE LIMITED,BSE,India,INE766A01026,,
AUROIMPEX.NS,AUROIMPEX,,,Auro Impex  & Chemicals Limited,NSE,India,INE0NUL01018,,
AUROLAB.BO,AUROLAB,,530233,AURO LABORATORIES LTD.,BSE,India,INE292C01011,,
AUROPHARMA.NS,AUROPHARMA,AUROPHARMA,524804,Aurobindo Pharma Limited,NSE,India,INE406A01037,Healthcare,
AURUM.NS,AURUM,AURUM,539289,Aurum PropTech Limited,NSE,India,INE898S01029,,
AURUS.NS,AURUS,AURUS,534532,AURUS GEM CORPORATION LIMITED,NSE,India,INE142K01011,,
AUSL.NS,AUSL,,,Aditya Ultra Steel Limited,NSE,India,INE01YQ01013,,
AUSOMENT.NS,AUSOMENT,AUSOMENT,509009,Ausom Enterprise Limited,NSE,India,INE218C01016,,
AUSTENG.NS,AUSTENG,AUSTENG,522005,Austin Engineering Company  Limited,NSE,India,INE759F01012,,
AUSTERE.BO,AUSTERE,,544505,AUSTERE SYSTEMS LIMITED,BSE,India,INE104201012,,
AUTOAXLES.NS,AUTOAXLES,AUTOAXLES,505010,Automotive Axles Limited,NSE,India,INE449A01011,,
AUTOIND.NS,AUTOIND,AUTOIND,532797,Autoline Industries Limited,NSE,India,INE718H01014,,
AUTOINT.BO,AUTOINT,,512277,AUTORIDERS INTERNATIONAL LTD.,BSE,India,INE340U01010,,
AUTOPINS.BO,AUTOPINS,,531994,AUTO PINS (INDIA) LTD.,BSE,India,INE706C01028,,
AUTOPRD.BO,AUTOPRD,,505032,AUTOMOBILE PRODUCTS OF INDIA L,BSE,India,INE0NY101012,,
AVADHSUGAR.NS,AVADHSUGAR,AVADHSUGAR,540649,Avadh Sugar & Energy Limited,NSE,India,INE349W01017,,
AVAILFC.BO,AVAILFC,,531310,AVAILABLE FINANCE LTD.,BSE,India,INE325G01010,,
AVALON.NS,AVALON,AVALON,543896,Avalon Technologies Limited,NSE,India,INE0LCL01028,,
AVANA.NS,AVANA,,,Avana Electrosystems Limited,NSE,India,INE1KU201016,,
AVANCE.NS,AVANCE,AVANCE,512149,Avance Technologies Limited,NSE,India,INE758A01072,,
AVANTEL.NS,AVANTEL,AVANTEL,532406,Avantel Limited,NSE,India,INE005B01027,,
AVANTIFEED.NS,AVANTIFEED,AVANTIFEED,512573,Avanti Feeds Limited,NSE,India,INE871C01038,Fast Moving Consumer Goods,
AVATAR.NS,AVATAR,,,AVATAR Industries Limited,NSE,India,INE617I01024,,
AVAX.BO,AVAX,,544337,Avax Apparels and Ornaments Li,BSE,India,INE0NQ401024,,
AVEER.BO,AVEER,,543737,Aveer Foods Limited,BSE,India,INE09BN01011,,
AVG.NS,AVG,AVG,543910,AVG Logistics Limited,NSE,India,INE680Z01018,,
AVIANSH.NS,AVIANSH,,,Avi Ansh Textile Limited,NSE,India,INE0TFB01017,,
AVIENCE.NS,AVIENCE,,,Avience Biomedicals Limited,NSE,India,INE0V9I01017,,
AVIVA.BO,AVIVA,,512109,AVIVA INDUSTRIES LTD.,BSE,India,INE461H01011,,
AVL.NS,AVL,AVL,540205,Aditya Vision Limited,NSE,India,INE679V01027,,
AVONMORE.NS,AVONMORE,AVONMORE,511589,Avonmore Capital & Management Services Limited,NSE,India,INE323B01024,,
AVPINFRA.NS,AVPINFRA,,,AVP Infracon Limited,NSE,India,INE0R9401019,,
AVROIND.NS,AVROIND,AVROIND,543512,AVRO INDIA LIMITED,NSE,India,INE652Z01025,,
AVSL.NS,AVSL,,,AVSL Industries Limited,NSE,India,INE522V01011,,
AVTNPL.NS,AVTNPL,AVTNPL,519105,AVT Natural Products Limited,NSE,India,INE488D01021,,
AWFIS.NS,AWFIS,AWFIS,544181,Awfis Space Solutions Limited,NSE,India,INE108V01019,,
AWHCL.NS,AWHCL,AWHCL,543254,Antony Waste Handling Cell Limited,NSE,India,INE01BK01022,,
AWL.NS,AWL,AWL,543458,AWL Agri Business Limited,NSE,India,INE699H01024,Fast Moving Consumer Goods,
AXELPOLY.BO,AXELPOLY,,513642,AXEL POLYMERS LTD.,BSE,India,INE197C01012,,
AXENTRA.BO,AXENTRA,,511634,AXENTRA CORP LIMITED,BSE,India,INE919M01026,,
AXIOMGAS.NS,AXIOMGAS,,,Axiom Gas Engineering Limited,NSE,India,INE16J201028,,
AXISBANK.NS,AXISBANK,AXISBANK,532215,Axis Bank Limited,NSE,India,INE238A01034,Financial Services,Y
AXISCADES.NS,AXISCADES,AXISCADES,532395,AXISCADES Technologies Limited,NSE,India,INE555B01013,,
AXISOL.BO,AXISOL,,511144,AXIS SOLUTIONS LIMITED,BSE,India,INE520G01024,,
AXITA.NS,AXITA,AXITA,542285,Axita Cotton Limited,NSE,India,INE02EZ01022,,
AXTEL.NS,AXTEL,AXTEL,523850,Axtel Industries Limited,NSE,India,INE767C01012,,
AYE.NS,AYE,AYE,544699,Aye Finance Limited,NSE,India,INE501X01029,,
AYMSYNTEX.NS,AYMSYNTEX,AYMSYNTEX,508933,AYM Syntex Limited,NSE,India,INE193B01039,,
AZAD.NS,AZAD,AZAD,544061,Azad Engineering Limited,NSE,India,INE02IJ01035,Capital Goods,
AZADIND.NS,AZADIND,AZADIND,504731,Azad India Mobility Limited,NSE,India,INE566M01017,,
AZTEC.BO,AZTEC,,544177,Aztec Fluids & Machinery Limit,BSE,India,INE0SCB01016,,
B2BSOFT.BO,B2BSOFT,,531268,B2B SOFTWARE TECHNOLOGIES LTD.,BSE,India,INE151B01011,,
BABA.BO,BABA,,532380,BABA ARTS LTD.,BSE,India,INE893A01036,,
BABAFP.NS,BABAFP,,,Baba Food Processing (India) Limited,NSE,India,INE0QW501012,,
BACPHAR.BO,BACPHAR,,524516,BACIL PHARMA LTD.,BSE,India,INE711D01018,,
BAFNAPH.NS,BAFNAPH,BAFNAPH,532989,Bafna Pharmaceuticals Limited,NSE,India,INE878I01022,,
BAGDIGITAL.NS,BAGDIGITAL,,,B.A.G. Convergence Limited,NSE,India,INE17CQ01015,,
BAGFILMS.NS,BAGFILMS,BAGFILMS,532507,B.A.G Films and Media Limited,NSE,India,INE116D01028,,
BAHETI.NS,BAHETI,,,Baheti Recycling Industries Limited,NSE,India,INE029Q01017,,
BAIDFIN.NS,BAIDFIN,BAIDFIN,511724,Baid Finserv Limited,NSE,India,INE020D01022,,
BAIKAKAJI.BO,BAIKAKAJI,,544670,BAI-KAKAJI POLYMERS LIMITED,BSE,India,INE1IJQ01026,,
BAJAJ-AUTO.NS,BAJAJ-AUTO,BAJAJ-AUTO,532977,Bajaj Auto Limited,NSE,India,INE917I01010,Automobile and Auto Components,Y
BAJAJCON.NS,BAJAJCON,BAJAJCON,533229,Bajaj Consumer Care Limited,NSE,India,INE933K01021,,
BAJAJELEC.NS,BAJAJELEC,BAJAJELEC,500031,Bajaj Electricals Limited,NSE,India,INE193E01025,,
BAJAJFINSV.NS,BAJAJFINSV,BAJAJFINSV,532978,Bajaj Finserv Limited,NSE,India,INE918I01026,Financial Services,Y
BAJAJHCARE.NS,BAJAJHCARE,BAJAJHCARE,539872,Bajaj Healthcare Limited,NSE,India,INE411U01027,,
BAJAJHFL.NS,BAJAJHFL,BAJAJHFL,544252,Bajaj Housing Finance Limited,NSE,India,INE377Y01014,Financial Services,
BAJAJHIND.NS,BAJAJHIND,BAJAJHIND,500032,Bajaj Hindusthan Sugar Limited,NSE,India,INE306A01021,,
BAJAJHLDNG.NS,BAJAJHLDNG,BAJAJHLDNG,500490,Bajaj Holdings & Investment Limited,NSE,India,INE118A01012,Financial Services,
BAJAJINDEF.NS,BAJAJINDEF,BAJAJINDEF,544364,Indef Manufacturing Limited,NSE,India,INE0O9T01021,,
BAJAJST.NS,BAJAJST,BAJAJST,507944,Bajaj Steel Industries Limited,NSE,India,INE704G01024,,
BAJEL.NS,BAJEL,BAJEL,544042,Bajel Projects Limited,NSE,India,INE0KQN01018,,
BAJFINANCE.NS,BAJFINANCE,BAJFINANCE,500034,Bajaj Finance Limited,NSE,India,INE296A01032,Financial Services,Y
BALAJEE.NS,BALAJEE,BALAJEE,544249,Shree Tirupati Balajee Agro Trading Company Limited,NSE,India,INE0S2G01011,,
BALAJIPHOS.NS,BALAJIPHOS,,,Balaji Phosphates Limited,NSE,India,INE0PQ601019,,
BALAJITELE.NS,BALAJITELE,BALAJITELE,532382,Balaji Telefilms Limited,NSE,India,INE794B01026,,
BALAMINES.NS,BALAMINES,BALAMINES,530999,Balaji Amines Limited,NSE,India,INE050E01027,,
BALAXI.NS,BALAXI,,,BALAXI PHARMACEUTICALS LIMITED,NSE,India,INE618N01022,,
BALCO.NS,BALCO,,,Solve Plastic Products Limited,NSE,India,INE0U0201016,,
BALGOPAL.BO,BALGOPAL,,539834,Balgopal Commercial limited,BSE,India,INE119R01014,,
BALKRISHNA.NS,BALKRISHNA,BALKRISHNA,539251,Balkrishna Paper Mills Limited,NSE,India,INE875R01011,,
BALKRISIND.NS,BALKRISIND,BALKRISIND,502355,Balkrishna Industries Limited,NSE,India,INE787D01026,Automobile and Auto Components,
BALMLAWRIE.NS,BALMLAWRIE,BALMLAWRIE,523319,Balmer Lawrie & Company Limited,NSE,India,INE164A01016,,
BALPHARMA.NS,BALPHARMA,BALPHARMA,524824,Bal Pharma Limited,NSE,India,INE083D01012,,
BALRAMCHIN.NS,BALRAMCHIN,BALRAMCHIN,500038,Balrampur Chini Mills Limited,NSE,India,INE119A01028,Fast Moving Consumer Goods,
BALTE.BO,BALTE,,520127,BALURGHAT TECHNOLOGIES LTD.,BSE,India,INE654B01014,,
BALUFORGE.NS,BALUFORGE,BALUFORGE,531112,Balu Forge Industries Limited,NSE,India,INE011E01029,,
BAMBINO.BO,BAMBINO,,519295,BAMBINO AGRO INDUSTRIES LTD.,BSE,India,INE921D01013,,
BAMPSL.BO,BAMPSL,,531591,BAMPSL SECURITIES LTD.,BSE,India,INE802A01037,,
BANARBEADS.NS,BANARBEADS,BANARBEADS,526849,Banaras Beads Limited,NSE,India,INE655B01011,,
BANARISUG.NS,BANARISUG,BANARISUG,500041,Bannari Amman Sugars Limited,NSE,India,INE459A01010,,
BANASFN.BO,BANASFN,,509053,BANAS FINANCE LTD.,BSE,India,INE521L01030,,
BANCOINDIA.NS,BANCOINDIA,BANCOINDIA,500039,Banco Products (I) Limited,NSE,India,INE213C01025,,
BANDARAM.BO,BANDARAM,,524602,BANDARAM PHARMA PACKTECH LIMIT,BSE,India,INE875N01036,,
BANDHANBNK.NS,BANDHANBNK,BANDHANBNK,541153,Bandhan Bank Limited,NSE,India,INE545U01014,Financial Services,
BANG.NS,BANG,BANG,532946,Bang Overseas Limited,NSE,India,INE863I01016,,
BANKA.NS,BANKA,,,Banka BioLoo Limited,NSE,India,INE862Y01015,,
BANKBARODA.NS,BANKBARODA,BANKBARODA,532134,Bank of Baroda,NSE,India,INE028A01039,Financial Services,
BANKINDIA.NS,BANKINDIA,BANKINDIA,532149,Bank of India,NSE,India,INE084A01016,Financial Services,
BANSALWIRE.NS,BANSALWIRE,BANSALWIRE,544209,Bansal Wire Industries Limited,NSE,India,INE0B9K01025,,
BANSWRAS.NS,BANSWRAS,BANSWRAS,503722,Banswara Syntex Limited,NSE,India,INE629D01020,,
BAPACK.BO,BAPACK,,523186,B&A PACKAGING INDIA LIMITED,BSE,India,INE00FM01013,,
BARFLEX.NS,BARFLEX,,,Barflex Polyfilms Limited,NSE,India,INE0QX401014,,
BARODARY.BO,BARODARY,,500270,BARODA RAYON CORPORATION LTD.,BSE,India,INE461A01024,,
BAROEXT.BO,BAROEXT,,513502,BARODA EXTRUSION LTD.,BSE,India,INE927K01023,,
BARONINF.BO,BARONINF,,532336,BARON INFOTECH LTD.,BSE,India,INE228B01017,,
BASANTGL.BO,BASANTGL,,524687,BASANT AGRO TECH (INDIA) LTD.,BSE,India,INE473E01021,,
BASF.NS,BASF,BASF,500042,BASF India Limited,NSE,India,INE373A01013,,
BASILIC.NS,BASILIC,,,Basilic Fly Studio Limited,NSE,India,INE0OCC01013,,
BASML.NS,BASML,BASML,532674,Bannari Amman Spinning Mills Limited,NSE,India,INE186H01022,,
BATAINDIA.NS,BATAINDIA,BATAINDIA,500043,Bata India Limited,NSE,India,INE176A01028,Consumer Durables,
BATLIBOI.NS,BATLIBOI,BATLIBOI,522004,Batliboi Limited,NSE,India,INE177C01022,,
BAWEJA.NS,BAWEJA,,,Baweja Studios Limited,NSE,India,INE0JFJ01011,,
BAYERCROP.NS,BAYERCROP,BAYERCROP,506285,Bayer Cropscience Limited,NSE,India,INE462A01022,,
BAZELINTER.BO,BAZELINTER,,539946,Bazel International Limited,BSE,India,INE217E01014,,
BBL.NS,BBL,BBL,503960,Bharat Bijlee Limited,NSE,India,INE464A01036,,
BBOX.NS,BBOX,BBOX,500463,Black Box Limited,NSE,India,INE676A01027,Information Technology,
BBTC.NS,BBTC,BBTC,501425,The Bombay Burmah Trading Corporation Limited,NSE,India,INE050A01025,,
BBTCL.NS,BBTCL,BBTCL,543668,B&B Triplewall Containers Limited,NSE,India,INE01EE01011,,
BCCFUBA.BO,BCCFUBA,,517246,BCC FUBA INDIA LTD.,BSE,India,INE788D01016,,
BCCL.BO,BCCL,,543497,Bhatia Colour Chem Limited,BSE,India,INE0KQ001017,,
BCG.NS,BCG,BCG,532368,Brightcom Group Limited,NSE,India,INE425B01027,,
BCLENTERPR.BO,BCLENTERPR,,539621,BCL Enterprises Limited,BSE,India,INE368E01023,,
BCLIND.NS,BCLIND,BCLIND,524332,Bcl Industries Limited,NSE,India,INE412G01024,,
BCONCEPTS.NS,BCONCEPTS,BCONCEPTS,543442,Brand Concepts Limited,NSE,India,INE977Y01011,,
BCP.BO,BCP,,537766,B.C. POWER CONTROLS LTD,BSE,India,INE905P01028,,
BCPL.NS,BCPL,BCPL,542057,BCPL Railway Infrastructure Limited,NSE,India,INE00SW01015,,
BDH.BO,BDH,,524828,BDH INDUSTRIES LTD.,BSE,India,INE278D01018,,
BDI.BO,BDI,,544468,B. D. Industries (Pune) Limite,BSE,India,INE1LJ801017,,
BDL.NS,BDL,BDL,541143,Bharat Dynamics Limited,NSE,India,INE171Z01026,Capital Goods,
BEACON.NS,BEACON,,,Beacon Trusteeship Limited,NSE,India,INE639X01027,,
BEARDSELL.NS,BEARDSELL,,,Beardsell Limited,NSE,India,INE520H01022,,
BECTORFOOD.NS,BECTORFOOD,BECTORFOOD,543253,Mrs. Bectors Food Specialities Limited,NSE,India,INE495P01020,,
BEDMUTHA.NS,BEDMUTHA,BEDMUTHA,533270,Bedmutha Industries Limited,NSE,India,INE844K01012,,
BEEKAY.NS,BEEKAY,BEEKAY,539018,Beekay Steel Industries Limited,NSE,India,INE213D01015,,
BEEYU.BO,BEEYU,,532645,BEEYU OVERSEAS LTD.,BSE,India,INE052B01011,,
BEEZAASAN.BO,BEEZAASAN,,544369,Beezaasan Explotech Limited,BSE,India,INE13VU01016,,
BEFOUNDMOL.BO,BEFOUNDMOL,,511585,BEFOUND MOVEMENT LIMITED,BSE,India,INE425F01028,,
BEL.NS,BEL,BEL,500049,Bharat Electronics Limited,NSE,India,INE263A01024,Capital Goods,Y
BELDING.BO,BELDING,,513307,BELDING INDIA LIMITED,BSE,India,INE363L01045,,
BELLACASA.NS,BELLACASA,BELLACASA,539399,Bella Casa Fashion & Retail Limited,NSE,India,INE344T01014,,
BELRISE.NS,BELRISE,BELRISE,544405,Belrise Industries Limited,NSE,India,INE894V01022,Automobile and Auto Components,
BEMHY.BO,BEMHY,,522650,BEMCO HYDRAULICS LTD.,BSE,India,INE142E01022,,
BEML.NS,BEML,BEML,500048,BEML Limited,NSE,India,INE258A01024,Capital Goods,
BENARA.BO,BENARA,,541178,Benara Bearings and Pistons Li,BSE,India,INE495Z01011,,
BENARAS.NS,BENARAS,BENARAS,509438,Benares Hotels Limited,NSE,India,INE664D01019,,
BENCHMARK.BO,BENCHMARK,,544052,Benchmark Computer Solutions L,BSE,India,INE0Q2Z01013,,
BENGALASM.NS,BENGALASM,BENGALASM,533095,Bengal & Assam Company Limited,NSE,India,INE083K01017,,
BENGALT.BO,BENGALT,,532230,BENGAL TEA & FABRICS LTD.,BSE,India,INE665D01016,,
BEPL.NS,BEPL,BEPL,500052,Bhansali Engineering Polymers Limited,NSE,India,INE922A01025,,
BERGEPAINT.NS,BERGEPAINT,BERGEPAINT,509480,Berger Paints (I) Limited,NSE,India,INE463A01038,Consumer Durables,
BERLDRG.BO,BERLDRG,,524606,BERYL DRUGS LTD.,BSE,India,INE415H01017,,
BERVINL.BO,BERVINL,,531340,BERVIN INVESTMENT & LEASING LT,BSE,India,INE348I01018,,
BERYLSE.BO,BERYLSE,,531582,BERYL SECURITIES LTD.,BSE,India,INE508J01015,,
BESTAGRO.NS,BESTAGRO,BESTAGRO,539660,Best Agrolife Limited,NSE,India,INE052T01021,,
BESTEAST.BO,BESTEAST,,508664,BEST EASTERN HOTELS LTD.,BSE,India,INE553F01035,,
BETA.NS,BETA,,,Beta Drugs Limited,NSE,India,INE351Y01019,,
BETALA.BO,BETALA,,531530,BETALA GLOBAL SECURITIES LTD.,BSE,India,INE658E01027,,
BETXIND.BO,BETXIND,,512477,BETEX INDIA LTD.,BSE,India,INE765L01017,,
BEWLTD.NS,BEWLTD,,,BEW Engineering Limited,NSE,India,INE0HQI01014,,
BFINVEST.NS,BFINVEST,BFINVEST,533303,BF Investment Limited,NSE,India,INE878K01010,,
BFLAFL.BO,BFLAFL,,539662,BFL Asset Finvest Limited,BSE,India,INE948Q01018,,
BFUTILITIE.NS,BFUTILITIE,BFUTILITIE,532430,BF Utilities Limited,NSE,India,INE243D01012,,
BGDL.BO,BGDL,,521238,BHARAT GLOBAL DEVELOPERS LIMIT,BSE,India,INE893C01032,,
BGIL.BO,BGIL,,511664,BGIL FILMS & TECHNOLOGIES LTD.,BSE,India,INE443D01018,,
BGLOBAL.BO,BGLOBAL,,533499,BHARATIYA GLOBAL INFOMEDIA LTD,BSE,India,INE224M01013,,
BGRENERGY.NS,BGRENERGY,BGRENERGY,532930,BGR Energy Systems Limited,NSE,India,INE661I01014,,
BGWTATO.BO,BGWTATO,,504646,BHAGWATI AUTOCAST LTD.,BSE,India,INE106G01014,,
BHADORA.NS,BHADORA,,,Bhadora Industries Limited,NSE,India,INE0ZRC01017,,
BHAGCHEM.NS,BHAGCHEM,BHAGCHEM,531719,Bhagiradha Chemicals & Industries Limited,NSE,India,INE414D01027,,
BHAGERIA.NS,BHAGERIA,BHAGERIA,530803,Bhageria Industries Limited,NSE,India,INE354C01027,,
BHAGGAS.BO,BHAGGAS,,500051,BHAGAWATI GAS LIMITED,BSE,India,INE099C01010,,
BHAGWOX.BO,BHAGWOX,,509449,BHAGWATI OXYGEN LTD.,BSE,India,INE026I01010,,
BHAGYANGR.NS,BHAGYANGR,BHAGYANGR,512296,Bhagyanagar India Limited,NSE,India,INE458B01036,,
BHANDARI.NS,BHANDARI,BHANDARI,512608,Bhandari Hosiery Exports Limited,NSE,India,INE474E01029,,
BHANDERI.BO,BHANDERI,,538576,BHANDERI INFRACON LTD,BSE,India,INE336Q01016,,
BHARAT.BO,BHARAT,,511501,Bharat Bhushan Finance & Commo,BSE,India,INE900A01013,,
BHARATAGRI.BO,BHARATAGRI,,531862,BHARAT AGRI FERT & REALTY LTD.,BSE,India,INE842D01029,,
BHARATCOAL.NS,BHARATCOAL,BHARATCOAL,544678,Bharat Coking Coal Limited,NSE,India,INE05XR01022,Oil Gas & Consumable Fuels,
BHARATFORG.NS,BHARATFORG,BHARATFORG,500493,Bharat Forge Limited,NSE,India,INE465A01025,Automobile and Auto Components,
BHARATGEAR.NS,BHARATGEAR,BHARATGEAR,505688,Bharat Gears Limited,NSE,India,INE561C01019,,
BHARATRAS.NS,BHARATRAS,BHARATRAS,590021,Bharat Rasayan Limited,NSE,India,INE838B01021,,
BHARATROHAN.BO,BHARATROHAN,,544535,BHARATROHAN AIRBORNE INNOVATIO,BSE,India,INE0QMV01017,,
BHARATSE.NS,BHARATSE,BHARATSE,523229,Bharat Seats Limited,NSE,India,INE415D01024,,
BHARATWIRE.NS,BHARATWIRE,BHARATWIRE,539799,Bharat Wire Ropes Limited,NSE,India,INE316L01019,,
BHARTIARTL.NS,BHARTIARTL,BHARTIARTL,532454,Bharti Airtel Limited,NSE,India,INE397D01024,Telecommunication,Y
BHARTIHEXA.NS,BHARTIHEXA,BHARTIHEXA,544162,Bharti Hexacom Limited,NSE,India,INE343G01021,Telecommunication,
BHASKAGR.BO,BHASKAGR,,524534,BHASKAR AGROCHEMICALS LTD.,BSE,India,INE972C01018,,
BHATEXT.BO,BHATEXT,,531029,BHARAT TEXTILES & PROOFING IND,BSE,India,INE201N01019,,
BHATIA.BO,BHATIA,,540956,Bhatia Communications & Retail,BSE,India,INE341Z01025,,
BHAVIK.BO,BHAVIK,,544551,BHAVIK ENTERPRISES LIMITED,BSE,India,INE18PB01017,,
BHEL.NS,BHEL,BHEL,500103,Bharat Heavy Electricals Limited,NSE,India,INE257A01026,Capital Goods,
BHILSPIN.BO,BHILSPIN,,514272,BHILWARA SPINNERS LTD.,BSE,India,INE436C01014,,
BHUDEVI.BO,BHUDEVI,,526488,BHUDEVI INFRA PROJECTS LIMITED,BSE,India,INE432N01010,,
BI.NS,BI,BI,526853,Bilcare Limited,NSE,India,INE986A01012,,
BIBCL.BO,BIBCL,,524663,BHARAT IMMUNOLOGICALS & BIOLOG,BSE,India,INE994B01014,,
BIGBLOC.NS,BIGBLOC,BIGBLOC,540061,Bigbloc Construction Limited,NSE,India,INE412U01025,,
BIHSPONG.BO,BIHSPONG,,500058,BIHAR SPONGE IRON LTD.,BSE,India,INE819C01011,,
BIKAJI.NS,BIKAJI,BIKAJI,543653,Bikaji Foods International Limited,NSE,India,INE00E101023,,
BIKEWO.NS,BIKEWO,,,Bikewo Green Tech Limited,NSE,India,INE0SQH01013,,
BIL.NS,BIL,BIL,526666,Bhartiya International Limited,NSE,India,INE828A01016,,
BILLWIN.BO,BILLWIN,,543209,Billwin Industries Limited,BSE,India,INE0CRS01012,,
BILVYAPAR.NS,BILVYAPAR,BILVYAPAR,500059,BIL VYAPAR LIMITED,NSE,India,INE071A01013,,
BIMETAL.NS,BIMETAL,BIMETAL,505681,Bimetal Bearings Limited,NSE,India,INE469A01019,,
BINNYMILLS.BO,BINNYMILLS,,535620,BINNY MILLS LTD.,BSE,India,INE160L01011,,
BIOCON.NS,BIOCON,BIOCON,532523,Biocon Limited,NSE,India,INE376G01013,Healthcare,
BIOFILCHEM.NS,BIOFILCHEM,BIOFILCHEM,524396,Biofil Chemicals & Pharmaceuticals Limited,NSE,India,INE829A01014,,
BIOGEN.BO,BIOGEN,,531752,BIOGEN PHARMACHEM INDUSTRIES L,BSE,India,INE703D01023,,
BIOPOL.NS,BIOPOL,,,Biopol Chemicals Limited,NSE,India,INE0XW001014,,
BIRDYS.NS,BIRDYS,,,Grill Splendour Services Limited,NSE,India,INE0PC901019,,
BIRLACABLE.NS,BIRLACABLE,BIRLACABLE,500060,Birla Cable Limited,NSE,India,INE800A01015,,
BIRLACORPN.NS,BIRLACORPN,BIRLACORPN,500335,Birla Corporation Limited,NSE,India,INE340A01012,,
BIRLACOT.BO,BIRLACOT,,533006,BIRLA COTSYN (INDIA) LTD.,BSE,India,INE655I01032,,
BIRLAMONEY.NS,BIRLAMONEY,BIRLAMONEY,532974,Aditya Birla Money Limited,NSE,India,INE865C01022,,
BIRLANU.NS,BIRLANU,BIRLANU,509675,BirlaNu Limited,NSE,India,INE557A01011,,
BIRLAPREC.NS,BIRLAPREC,BIRLAPREC,522105,Birla Precision Technologies Limited,NSE,India,INE372E01025,,
BITS.BO,BITS,,526709,BITS LTD.,BSE,India,INE839A01021,,
BIZOTIC.BO,BIZOTIC,,543926,Bizotic Commercial Limited,BSE,India,INE0OJ401014,,
BKV.BO,BKV,,519500,BKV INDUSTRIES LTD.,BSE,India,INE356C01022,,
BLACKBUCK.NS,BLACKBUCK,BLACKBUCK,544288,BLACKBUCK LIMITED,NSE,India,INE0UIZ01018,,
BLACKROSE.NS,BLACKROSE,BLACKROSE,514183,Black Rose Inds. Limited,NSE,India,INE761G01016,,
BLAL.NS,BLAL,BLAL,543898,BEML Land Assets Limited,NSE,India,INE0N7W01012,,
BLBLIMITED.NS,BLBLIMITED,BLBLIMITED,532290,BLB Limited,NSE,India,INE791A01024,,
BLEL.NS,BLEL,BLEL,544870,Behari Lal Engineering Limited,NSE,India,INE1EEM01017,,
BLIL.NS,BLIL,BLIL,532485,Balmer Lawrie Investments Limited,NSE,India,INE525F01025,,
BLISSGVS.NS,BLISSGVS,BLISSGVS,506197,Bliss GVS Pharma Limited,NSE,India,INE416D01022,,
BLKASHYAP.NS,BLKASHYAP,BLKASHYAP,532719,B. L. Kashyap and Sons Limited,NSE,India,INE350H01032,,
BLOIN.BO,BLOIN,,513422,BLOOM INDUSTRIES LTD.,BSE,India,INE373E01015,,
BLS.NS,BLS,BLS,540073,BLS International Services Limited,NSE,India,INE153T01027,Consumer Services,
BLSE.BO,BLSE,,544107,BLS E-Services Limited,BSE,India,INE0NLT01010,,
BLSE.NS,BLSE,BLSE,544107,BLS E-Services Limited,NSE,India,INE0NLT01028,,
BLT.BO,BLT,,544474,BLT Logistics Limited,BSE,India,INE0W4K01013,,
BLUECHIP.BO,BLUECHIP,,531936,BLUE CHIP INDIA LTD.,BSE,India,INE657B01025,,
BLUECHIPT.BO,BLUECHIPT,,506981,BLUE CHIP TEX INDUSTRIES LTD.,BSE,India,INE472D01017,,
BLUECLOUDS.NS,BLUECLOUDS,BLUECLOUDS,539607,Blue Cloud Softech Solutions Limited,NSE,India,INE373T01047,,
BLUECOAST.NS,BLUECOAST,BLUECOAST,531495,Blue Coast Hotels Limited,NSE,India,INE472B01011,,
BLUEDART.NS,BLUEDART,BLUEDART,526612,Blue Dart Express Limited,NSE,India,INE233B01017,,
BLUEJET.NS,BLUEJET,BLUEJET,544009,Blue Jet Healthcare Limited,NSE,India,INE0KBH01020,,
BLUEPEBBLE.NS,BLUEPEBBLE,,,Blue Pebble Limited,NSE,India,INE0SAK01011,,
BLUESTARCO.NS,BLUESTARCO,BLUESTARCO,500067,Blue Star Limited,NSE,India,INE472A01039,Consumer Durables,
BLUESTONE.NS,BLUESTONE,BLUESTONE,544484,BlueStone Jewellery and Lifestyle Limited,NSE,India,INE304W01038,,
BLUEWATER.NS,BLUEWATER,,,Blue Water Logistics Limited,NSE,India,INE0X3M01010,,
BLUSPRING.NS,BLUSPRING,BLUSPRING,544414,Bluspring Enterprises Limited,NSE,India,INE0U4101014,,
BMBMUMG.BO,BMBMUMG,,531420,BMB MUSIC & MAGNETICS LTD.,BSE,India,INE644K01016,,
BMETRICS.NS,BMETRICS,,,Bombay Metrics Supply Chain Limited,NSE,India,INE0I3Y01014,,
BMISL.NS,BMISL,,,Bench Mark Infotech Services Limited,NSE,India,INE2OKU01014,,
BMLL.NS,BMLL,,,Bio Medica Laboratories Limited,NSE,India,INE1BKA01015,,
BMW.BO,BMW,,542669,BMW INDUSTRIES LIMITED,BSE,India,INE374E01021,,
BMWVENTLTD.NS,BMWVENTLTD,BMWVENTLTD,544543,BMW Ventures Limited,NSE,India,INE965W01036,,
BNAGROCHEM.NS,BNAGROCHEM,BNAGROCHEM,526125,BN Agrochem Limited,NSE,India,INE00HZ01011,,
BNALTD.NS,BNALTD,BNALTD,508136,B & A Limited,NSE,India,INE489D01011,,
BNRSEC.BO,BNRSEC,,523019,B.N.RATHI SECURITIES LTD.,BSE,India,INE710D01028,,
BNRUDY.BO,BNRUDY,,530809,BNR UDYOG LTD.,BSE,India,INE355C01016,,
BODALCHEM.NS,BODALCHEM,BODALCHEM,524370,Bodal Chemicals Limited,NSE,India,INE338D01028,,
BODHTREE.BO,BODHTREE,,539122,Bodhtree Consulting Limited,BSE,India,INE104F01029,,
BOHRAIND.NS,BOHRAIND,,,Bohra Industries Limited,NSE,India,INE802W01023,,
BOMBCYC.BO,BOMBCYC,,501430,BOMBAY CYCLE & MOTOR AGENCY LT,BSE,India,INE691K01017,,
BOMBWIR.BO,BOMBWIR,,504648,BOMBAY WIRE ROPES LTD.,BSE,India,INE089T01023,,
BOMDYEING.NS,BOMDYEING,BOMDYEING,500020,Bombay Dyeing & Mfg Company Limited,NSE,India,INE032A01023,,
BOMOXY-B1.BO,BOMOXY-B1,,509470,BOMBAY OXYGEN INVESTMENTS LIMI,BSE,India,INE01TL01014,,
BOMTALKIES.BO,BOMTALKIES,,511246,BOMBAY TALKIES LIMITED,BSE,India,INE910D01024,,
BONDADA.BO,BONDADA,,543971,Bondada Engineering Limited,BSE,India,INE0Q8P01029,,
BONLON.NS,BONLON,BONLON,543211,Bonlon Industries Limited,NSE,India,INE0B9A01018,,
BORANA.NS,BORANA,BORANA,544404,Borana Weaves Limited,NSE,India,INE16SF01016,,
BOROLTD.NS,BOROLTD,BOROLTD,543212,Borosil Limited,NSE,India,INE02PY01013,,
BORORENEW.NS,BORORENEW,BORORENEW,502219,BOROSIL RENEWABLES LIMITED,NSE,India,INE666D01022,,
BOROSCI.NS,BOROSCI,BOROSCI,544184,Borosil Scientific Limited,NSE,India,INE02L001032,,
BOSCH-HCIL.NS,BOSCH-HCIL,BOSCH-HCIL,523398,BOSCH HOME COMFORT INDIA LIMITED,NSE,India,INE782A01015,,
BOSCHLTD.NS,BOSCHLTD,BOSCHLTD,500530,Bosch Limited,NSE,India,INE323A01026,Automobile and Auto Components,
BOSS.NS,BOSS,,,Boss Packaging Solutions Limited,NSE,India,INE0QNI01012,,
BOSTON.BO,BOSTON,,531458,BOSTON COMMERCE LIMITED,BSE,India,INE109B01019,,
BPAGRI.BO,BPAGRI,,514440,Blue Pearl Agriventures Limite,BSE,India,INE439N01031,,
BPCAP.BO,BPCAP,,536965,B. P. CAPITAL LTD,BSE,India,INE947C01010,,
BPCL.NS,BPCL,BPCL,500547,Bharat Petroleum Corporation Limited,NSE,India,INE029A01011,Oil Gas & Consumable Fuels,
BPL.NS,BPL,BPL,500074,BPL Limited,NSE,India,INE110A01019,,
BPLPHARMA.NS,BPLPHARMA,BPLPHARMA,541096,Bharat Parenterals Limited,NSE,India,INE365Y01019,,
BRACEPORT.NS,BRACEPORT,,,Brace Port Logistics Limited,NSE,India,INE0R4Z01018,,
BRADYM.BO,BRADYM,,505690,BRADY & MORRIS ENGINEERING CO.,BSE,India,INE856A01017,,
BRAHMINFRA.NS,BRAHMINFRA,BRAHMINFRA,535693,Brahmaputra Infrastructure Limited,NSE,India,INE320I01017,,
BRANDMAN.NS,BRANDMAN,,,Brandman Retail Limited,NSE,India,INE0XUD01014,,
BRAWN.BO,BRAWN,,530207,BRAWN BIOTECH LTD.,BSE,India,INE899B01015,,
BRGIL.BO,BRGIL,,544335,B.R.GOYAL INFRASTRUCTURE LIMIT,BSE,India,INE00ST01011,,
BRIDGESE.BO,BRIDGESE,,530249,BRIDGE SECURITIES LTD.,BSE,India,INE958C01025,,
BRIGADE.NS,BRIGADE,BRIGADE,532929,Brigade Enterprises Limited,NSE,India,INE791I01019,Realty,
BRIGHOTEL.NS,BRIGHOTEL,BRIGHOTEL,544457,Brigade Hotel Ventures Limited,NSE,India,INE03NU01014,,
BRIGHT.BO,BRIGHT,,543831,Bright Outdoor Media Limited,BSE,India,INE0OMI01019,,
BRIGHTBR.NS,BRIGHTBR,BRIGHTBR,526731,Bright Brothers Limited,NSE,India,INE630D01010,,
BRIJLEAS.BO,BRIJLEAS,,532113,BRIJLAXMI LEASING & FINANCE LT,BSE,India,INE957E01031,,
BRISK.BO,BRISK,,544101,Brisk Technovision Limited,BSE,India,INE0Q6L01014,,
BRITANNIA.NS,BRITANNIA,BRITANNIA,500825,Britannia Industries Limited,NSE,India,INE216A01030,Fast Moving Consumer Goods,
BRNL.NS,BRNL,BRNL,540700,Bharat Road Network Limited,NSE,India,INE727S01012,,
BROACH.BO,BROACH,,544231,BROACH LIFECARE HOSPITAL LIMIT,BSE,India,INE0SFZ01018,,
BROOKS.NS,BROOKS,BROOKS,533543,Brooks Laboratories Limited,NSE,India,INE650L01011,,
BRPL.BO,BRPL,,538546,BANSAL ROOFING PRODUCTS LTD,BSE,India,INE319Q01012,,
BRRL.BO,BRRL,,543543,B-RIGHT REALESTATE LIMITED,BSE,India,INE0IZQ01016,,
BSE.NS,BSE,,,BSE Limited,NSE,India,INE118H01025,Financial Services,Y
BSELALGO.BO,BSELALGO,,532123,BSEL ALGO LIMITED,BSE,India,INE395A01016,,
BSHSL.NS,BSHSL,BSHSL,544757,Bombay Super Hybrid Seeds Limited,NSE,India,INE032Z01020,,
BSL.NS,BSL,BSL,514045,BSL Limited,NSE,India,INE594B01012,,
BSOFT.NS,BSOFT,BSOFT,532400,BIRLASOFT LIMITED,NSE,India,INE836A01035,Information Technology,
BTML.NS,BTML,BTML,543767,Bodhi Tree Multimedia Limited,NSE,India,INE0EEJ01023,,
BTTL.NS,BTTL,BTTL,533108,Bhilwara Technical Textiles Limited,NSE,India,INE274K01012,,
BUILDPRO.NS,BUILDPRO,BUILDPRO,544517,Shankara Buildpro Limited,NSE,India,INE24OJ01011,,
BULKCORP.NS,BULKCORP,,,Bulkcorp International Limited,NSE,India,INE0SZ301012,,
BURNPUR.NS,BURNPUR,BURNPUR,532931,Burnpur Cement Limited,NSE,India,INE817H01022,,
BUTTERFLY.NS,BUTTERFLY,BUTTERFLY,517421,Butterfly Gandhimathi Appliances Limited,NSE,India,INE295F01017,,
BVCL.NS,BVCL,BVCL,532916,Barak Valley Cements Limited,NSE,India,INE139I01011,,
BYKE.NS,BYKE,BYKE,531373,The Byke Hospitality Ltd,NSE,India,INE319B01014,,
C2C.NS,C2C,,,C2C Advanced Systems Limited,NSE,India,INE0U7V01015,,
CADSYS.NS,CADSYS,,,Cadsys (India) Limited,NSE,India,INE090Y01013,,
CALCOM.BO,CALCOM,,517236,CALCOM VISION LTD.,BSE,India,INE216C01010,,
CALLISTA.BO,CALLISTA,,539335,Callista Industries Limited,BSE,India,INE714Q01014,,
CALSOFT.NS,CALSOFT,CALSOFT,532386,California Software Company Limited,NSE,India,INE526B01014,,
CAMEXLTD.BO,CAMEXLTD,,524440,CAMEX LTD.,BSE,India,INE198C01010,,
CAMLINFINE.NS,CAMLINFINE,CAMLINFINE,532834,Camlin Fine Sciences Limited,NSE,India,INE052I01032,,
CAMPUS.NS,CAMPUS,CAMPUS,543523,Campus Activewear Limited,NSE,India,INE278Y01022,,
CAMS.NS,CAMS,CAMS,543232,Computer Age Management Services Limited,NSE,India,INE596I01020,Financial Services,
CANARYS.NS,CANARYS,,,Canarys Automations Limited,NSE,India,INE0QG301017,,
CANBK.NS,CANBK,CANBK,532483,Canara Bank,NSE,India,INE476A01022,Financial Services,
CANDOUR.BO,CANDOUR,,522292,CANDOUR TECHTEX LIMITED,BSE,India,INE713D01055,,
CANFINHOME.NS,CANFINHOME,CANFINHOME,511196,Can Fin Homes Limited,NSE,India,INE477A01020,Financial Services,
CANHLIFE.NS,CANHLIFE,CANHLIFE,544583,Canara HSBC Life Insurance Company Limited,NSE,India,INE01TY01017,Financial Services,
CANTABIL.NS,CANTABIL,CANTABIL,533267,Cantabil Retail India Limited,NSE,India,INE068L01024,,
CAPACITE.NS,CAPACITE,CAPACITE,540710,Capacit'e Infraprojects Limited,NSE,India,INE264T01014,,
CAPFIN.BO,CAPFIN,,539198,Capfin India Limited,BSE,India,INE960C01013,,
CAPILLARY.NS,CAPILLARY,CAPILLARY,544614,Capillary Technologies India Limited,NSE,India,INE0ILV01024,,
CAPITALSFB.NS,CAPITALSFB,CAPITALSFB,544120,Capital Small Finance Bank Limited,NSE,India,INE646H01017,,
CAPLIPOINT.NS,CAPLIPOINT,CAPLIPOINT,524742,Caplin Point Laboratories Limited,NSE,India,INE475E01026,Healthcare,
CAPPIPES.BO,CAPPIPES,,538817,Captain Pipes Limited,BSE,India,INE513R01026,,
CAPRICORN.BO,CAPRICORN,,512169,CAPRICORN SYSTEMS GLOBAL SOLUT,BSE,India,INE968E01012,,
CAPRIHANS.BO,CAPRIHANS,,509486,CAPRIHANS INDIA LTD.,BSE,India,INE479A01018,,
CAPRO.BO,CAPRO,,507486,CAPROLACTAM CHEMICALS LTD.,BSE,India,INE470N01010,,
CAPTRUST.NS,CAPTRUST,CAPTRUST,511505,Capital Trust Limited,NSE,India,INE707C01018,,
CARBORUNIV.NS,CARBORUNIV,CARBORUNIV,513375,Carborundum Universal Limited,NSE,India,INE120A01034,Capital Goods,
CARERATING.NS,CARERATING,CARERATING,534804,CARE Ratings Limited,NSE,India,INE752H01013,,
CARGOTRANS.BO,CARGOTRANS,,543618,Cargotrans Maritime Limited,BSE,India,INE0M4L01013,,
CARNATIN.BO,CARNATIN,,530609,CARNATION INDUSTRIES LTD.,BSE,India,INE081B01028,,
CARRARO.NS,CARRARO,CARRARO,544320,Carraro India Limited,NSE,India,INE0V7W01012,,
CARTRADE.NS,CARTRADE,CARTRADE,543333,Cartrade Tech Limited,NSE,India,INE290S01011,Consumer Services,
CARYSIL.NS,CARYSIL,CARYSIL,524091,CARYSIL LIMITED,NSE,India,INE482D01024,,
CASPIAN.BO,CASPIAN,,534732,CASPIAN CORPORATE SERVICES LIM,BSE,India,INE176N01039,,
CASTORA.BO,CASTORA,,531913,CASTORA AGRI COMMODITIES LIMIT,BSE,India,INE641H01018,,
CASTROLIND.NS,CASTROLIND,CASTROLIND,500870,Castrol India Limited,NSE,India,INE172A01027,Oil Gas & Consumable Fuels,
CATVISION.BO,CATVISION,,531158,CATVISION  LIMITED,BSE,India,INE660B01011,,
CBAZAAR.NS,CBAZAAR,,,Net Avenue Technologies Limited,NSE,India,INE518X01015,,
CBPL.BO,CBPL,,542934,Chandra Bhagat Pharma Limited,BSE,India,INE07QQ01016,,
CCAL.BO,CCAL,,544000,CITY CROPS AGRO LIMITED,BSE,India,INE0M7501019,,
CCAVENUE.NS,CCAVENUE,CCAVENUE,539807,AvenuesAI Limited,NSE,India,INE483S01020,,
CCCL.NS,CCCL,CCCL,532902,Consolidated Construction Consortium Limited,NSE,India,INE429I01024,,
CCDL.BO,CCDL,,539091,Consecutive Commodities Limite,BSE,India,INE187R01029,,
CCHHL.NS,CCHHL,CCHHL,526550,Country Club Hospitality & Holidays Limited,NSE,India,INE652F01027,,
CCL.NS,CCL,CCL,519600,CCL Products (India) Limited,NSE,India,INE421D01022,Fast Moving Consumer Goods,
CCLINTER.BO,CCLINTER,,531900,CCL INTERNATIONAL LTD.,BSE,India,INE778E01031,,
CCME.BO,CCME,,514336,CCME GLOBAL LIMITED,BSE,India,INE194N01016,,
CDSL.NS,CDSL,,,Central Depository Services (India) Limited,NSE,India,INE736A01011,Financial Services,
CEATLTD.NS,CEATLTD,CEATLTD,500878,CEAT Limited,NSE,India,INE482A01020,Automobile and Auto Components,
CEDAAR.NS,CEDAAR,,,Cedaar Textile Limited,NSE,India,INE11J101017,,
CEEJAY.BO,CEEJAY,,530789,CEEJAY FINANCE LTD.,BSE,India,INE358C01010,,
CEENIK.BO,CEENIK,,531119,CEENIK EXPORTS (INDIA) LTD.,BSE,India,INE418D01010,,
CEETAIN.BO,CEETAIN,,514171,CEETA INDUSTRIES LTD.,BSE,India,INE760J01012,,
CEIGALL.NS,CEIGALL,CEIGALL,544223,Ceigall India Limited,NSE,India,INE0AG901020,,
CEINSYS.NS,CEINSYS,CEINSYS,538734,Ceinsys Tech Limited,NSE,India,INE016Q01014,,
CELEBRITY.NS,CELEBRITY,CELEBRITY,532695,Celebrity Fashions Limited,NSE,India,INE185H01016,,
CELLA.BO,CELLA,,532701,CELLA SPACE LIMITED,BSE,India,INE266H01014,,
CELLECOR.NS,CELLECOR,,,Cellecor Gadgets Limited,NSE,India,INE0OMO01025,,
CELLO.NS,CELLO,CELLO,544012,Cello World Limited,NSE,India,INE0LMW01024,,
CELLPOINT.NS,CELLPOINT,,,Cell Point (India) Limited,NSE,India,INE0O0001013,,
CEMAINFRA.BO,CEMAINFRA,,538596,CEMANTIC INFRA-TECH LIMITED,BSE,India,INE222B01028,,
CEMPRO.NS,CEMPRO,CEMPRO,509496,Cemindia Projects Limited,NSE,India,INE686A01026,Construction,
CENLUB.BO,CENLUB,,522251,CENLUB INDUSTRIES LTD.,BSE,India,INE627F01011,,
CENTENKA.NS,CENTENKA,CENTENKA,500280,Century Enka Limited,NSE,India,INE485A01015,,
CENTEXT-RE.NS,CENTEXT-RE,,,Century Extrusions Limited-RE,NSE,India,INE281A20018,,
CENTEXT.NS,CENTEXT,CENTEXT,500083,Century Extrusions Limited,NSE,India,INE281A01026,,
CENTRALBK.NS,CENTRALBK,CENTRALBK,532885,Central Bank of India,NSE,India,INE483A01010,Financial Services,
CENTRUM.NS,CENTRUM,CENTRUM,501150,Centrum Capital Limited,NSE,India,INE660C01027,,
CENTUM.NS,CENTUM,CENTUM,517544,Centum Electronics Limited,NSE,India,INE320B01020,,
CENTUPLE.BO,CENTUPLE,,531099,CENTUPLE GLOBAL LIMITED,BSE,India,INE396H01019,,
CENTURYOOH.BO,CENTURYOOH,,544928,Century Business Media Limited,BSE,India,INE16VF01010,,
CENTURYPLY.NS,CENTURYPLY,CENTURYPLY,532548,Century Plyboards (India) Limited,NSE,India,INE348B01021,,
CERA.NS,CERA,CERA,532443,Cera Sanitaryware Limited,NSE,India,INE739E01017,,
CEREBRAINT.BO,CEREBRAINT,,532413,CEREBRA INTEGRATED TECHNOLOGIE,BSE,India,INE345B01019,,
CESC.NS,CESC,CESC,500084,CESC Limited,NSE,India,INE486A01021,Power,
CEWATER.NS,CEWATER,CEWATER,544315,Concord Enviro Systems Limited,NSE,India,INE037Z01029,,
CFEL.NS,CFEL,CFEL,539991,Confidence Futuristic Energetech Limited,NSE,India,INE700F01024,,
CFF.BO,CFF,,543920,CFF FLUID CONTROL LIMITED,BSE,India,INE0NJ001013,,
CFL.BO,CFL,,540310,Classic Filaments Limited,BSE,India,INE181U01018,,
CGCL.NS,CGCL,CGCL,531595,Capri Global Capital Limited,NSE,India,INE180C01042,Financial Services,
CGPOWER.NS,CGPOWER,CGPOWER,500093,CG Power and Industrial Solutions Limited,NSE,India,INE067A01029,Capital Goods,
CGRAPHICS.NS,CGRAPHICS,,,Creative Graphics Solutions India Limited,NSE,India,INE0R7401011,,
CGVAK.NS,CGVAK,CGVAK,531489,CG Vak Software & Exports Limited,NSE,India,INE084D01010,,
CHALET.NS,CHALET,CHALET,542399,Chalet Hotels Limited,NSE,India,INE427F01016,,
CHALLANI.BO,CHALLANI,,530747,CHALLANI CAPITAL LIMITED,BSE,India,INE807A01010,,
CHAMBLFERT.NS,CHAMBLFERT,CHAMBLFERT,500085,Chambal Fertilizers & Chemicals Limited,NSE,India,INE085A01013,Chemicals,
CHAMUNDA.NS,CHAMUNDA,,,Chamunda Electrical Limited,NSE,India,INE11HG01018,,
CHANDAN.NS,CHANDAN,,,Chandan Healthcare Limited,NSE,India,INE0B2N01016,,
CHANDNIMACH.BO,CHANDNIMACH,,542627,Chandni Machines Limited,BSE,India,INE01GZ01011,,
CHANDRAP.BO,CHANDRAP,,530309,CHANDRA PRABHU INTERNATIONAL L,BSE,India,INE368D01025,,
CHANDRIMA.BO,CHANDRIMA,,540829,Chandrima Mercantiles limited,BSE,India,INE371F01024,,
CHATHA.BO,CHATHA,,544151,CHATHA FOODS LIMITED,BSE,India,INE0AH901011,,
CHAVDA.NS,CHAVDA,,,Chavda Infra Limited,NSE,India,INE0PT101017,,
CHCL.BO,CHCL,,542678,Cian Healthcare Limited,BSE,India,INE05BN01027,,
CHDCHEM.BO,CHDCHEM,,539800,CHD Chemicals Limited,BSE,India,INE043U01010,,
CHEMBOND.NS,CHEMBOND,CHEMBOND,530871,Chembond Material Technologies Limited,NSE,India,INE995D01025,,
CHEMBONDCH.NS,CHEMBONDCH,CHEMBONDCH,544450,Chembond Chemicals Limited,NSE,India,INE0TGX01019,,
CHEMCON.NS,CHEMCON,CHEMCON,543233,Chemcon Speciality Chemicals Limited,NSE,India,INE03YM01018,,
CHEMCRUX.NS,CHEMCRUX,CHEMCRUX,540395,Chemcrux Enterprises Limited,NSE,India,INE298W01016,,
CHEMFAB.NS,CHEMFAB,CHEMFAB,541269,Chemfab Alkalis Limited,NSE,India,INE783X01023,,
CHEMIESYNT.BO,CHEMIESYNT,,539230,Chemiesynth (Vapi) Limited,BSE,India,INE829R01018,,
CHEMKART.BO,CHEMKART,,544442,Chemkart India Limited,BSE,India,INE0VWL01017,,
CHEMPLASTS.NS,CHEMPLASTS,CHEMPLASTS,543336,Chemplast Sanmar Limited,NSE,India,INE488A01050,,
CHEMTECH.BO,CHEMTECH,,537326,CHEMTECH INDUSTRIAL VALVES LTD,BSE,India,INE212P01011,,
CHENFERRO.BO,CHENFERRO,,539011,CHENNAI FERROUS INDUSTRIES LIM,BSE,India,INE777O01016,,
CHENNPETRO.NS,CHENNPETRO,CHENNPETRO,500110,Chennai Petroleum Corporation Limited,NSE,India,INE178A01016,Oil Gas & Consumable Fuels,
CHETANA.NS,CHETANA,,,Chetana Education Limited,NSE,India,INE0U1T01012,,
CHEVIOT.NS,CHEVIOT,CHEVIOT,526817,Cheviot Company Limited,NSE,India,INE974B01016,,
CHIRAHARIT.BO,CHIRAHARIT,,544561,Chiraharit Limited,BSE,India,INE12P101018,,
CHLLTD.BO,CHLLTD,,532992,CHL LTD.,BSE,India,INE790D01020,,
CHLOGIST.BO,CHLOGIST,,531977,CHARTERED LOGISTICS LTD.,BSE,India,INE558F01026,,
CHMBBRW.BO,CHMBBRW,,512301,CHAMBAL BREWERIES & DISTILLERI,BSE,India,INE417N01011,,
CHOICEIN.NS,CHOICEIN,CHOICEIN,531358,Choice International Limited,NSE,India,INE102B01014,Financial Services,
CHOKSI.BO,CHOKSI,,530427,CHOKSI ASIA LIMITED,BSE,India,INE865B01016,,
CHOKSILA.BO,CHOKSILA,,526546,CHOKSI LABORATORIES LTD.,BSE,India,INE493D01013,,
CHOLAFIN.NS,CHOLAFIN,CHOLAFIN,511243,Cholamandalam Investment and Finance Company Limited,NSE,India,INE121A01024,Financial Services,
CHOLAHLDNG.NS,CHOLAHLDNG,CHOLAHLDNG,504973,Cholamandalam Financial Holdings Limited,NSE,India,INE149A01033,Financial Services,
CHORDIA.BO,CHORDIA,,519475,CHORDIA FOOD PRODUCTS LTD.,BSE,India,INE975C01011,,
CHOTHANI.BO,CHOTHANI,,540681,CHOTHANI FOODS LIMITED,BSE,India,INE344X01016,,
CHOWGULSTM.BO,CHOWGULSTM,,501833,CHOWGULE STEAMSHIPS LTD.,BSE,India,INE490A01015,,
CHROME.BO,CHROME,,513005,Chrome Silicon Limited,BSE,India,INE114E01013,,
CHRTEDCA.BO,CHRTEDCA,,511696,CHARTERED CAPITAL & INVESTMENT,BSE,India,INE953B01010,,
CHTR.BO,CHTR,,544546,Chatterbox Technologies Limite,BSE,India,INE1B4801017,,
CIANAGRO.BO,CIANAGRO,,519477,CIAN Agro Ind & Infra Ltd,BSE,India,INE052V01019,,
CIEINDIA.NS,CIEINDIA,CIEINDIA,532756,CIE Automotive India Limited,NSE,India,INE536H01010,Automobile and Auto Components,
CIFL.NS,CIFL,CIFL,530879,Capital India Finance Limited,NSE,India,INE345H01024,,
CILSEC.BO,CILSEC,,530829,CIL SECURITIES LIMITED,BSE,India,INE830A01012,,
CINDHO.BO,CINDHO,,526373,CINDRELLA HOTELS LTD.,BSE,India,INE908C01012,,
CINDRELL.BO,CINDRELL,,531283,CINDRELLA FINANCIAL SERVICES L,BSE,India,INE897D01015,,
CINELINE.NS,CINELINE,CINELINE,532807,Cineline India Limited,NSE,India,INE704H01022,,
CINEVISTA.NS,CINEVISTA,CINEVISTA,532324,Cinevista Limited,NSE,India,INE039B01026,,
CIPLA.NS,CIPLA,CIPLA,500087,Cipla Limited,NSE,India,INE059A01026,Healthcare,Y
CITADEL.BO,CITADEL,,502445,CITADEL REALTY AND DEVELOPERS,BSE,India,INE906D01014,,
CITICHEM.BO,CITICHEM,,544324,Citichem India Limited,BSE,India,INE0A8401016,,
CITIPOR.BO,CITIPOR,,531235,CITIPORT FINANCIAL SERVICES LT,BSE,India,INE494D01011,,
CITIZEN.BO,CITIZEN,,538786,Citizen Solar Limited,BSE,India,INE473L01018,,
CITURGIA.BO,CITURGIA,,506373,CITURGIA BIOCHEMICALS LTD.,BSE,India,INE795B01031,,
CITYMAN.BO,CITYMAN,,521210,CITYMAN LTD.,BSE,India,INE117C01010,,
CITYONLINE.BO,CITYONLINE,,538674,City Online Services Limited,BSE,India,INE158C01014,,
CITYSQUARE.BO,CITYSQUARE,,544514,JAY AMBE SUPERMARKETS LIMITED,BSE,India,INE1DRH01011,,
CJGEL.BO,CJGEL,,507515,C.J.GELATINE PRODUCTS LTD.,BSE,India,INE557D01015,,
CKKRETAIL.NS,CKKRETAIL,,,C K K Retail Mart Limited,NSE,India,INE0SMX01019,,
CLARA.BO,CLARA,,543435,CLARA INDUSTRIES LIMITED,BSE,India,INE0JJS01014,,
CLASSICEIL.NS,CLASSICEIL,,,Classic Electrodes (India) Limited,NSE,India,INE0UQ601012,,
CLAYCRAFT.NS,CLAYCRAFT,,,Clay Craft India Limited,NSE,India,INE1QGM01024,,
CLCIND.BO,CLCIND,,521082,CLC Industries Limited,BSE,India,INE376C01038,,
CLEAN.NS,CLEAN,CLEAN,543318,Clean Science and Technology Limited,NSE,India,INE227W01023,Chemicals,
CLEANMAX.NS,CLEANMAX,CLEANMAX,544717,Clean Max Enviro Energy Solutions Limited,NSE,India,INE647U01026,Power,
CLEDUCATE.NS,CLEDUCATE,CLEDUCATE,540403,CL Educate Limited,NSE,India,INE201M01029,,
CLENON.BO,CLENON,,517564,CLENON ENTERPRISES LIMITED,BSE,India,INE769B01028,,
CLFL.BO,CLFL,,540481,Classic Leasing & Finance Ltd.,BSE,India,INE949C01016,,
CLIOINFO.BO,CLIOINFO,,530839,CLIO INFOTECH LTD.,BSE,India,INE011B01017,,
CLN.BO,CLN,,544347,CLN ENERGY LIMITED,BSE,India,INE0WDX01010,,
CLSEL.NS,CLSEL,CLSEL,530307,Chaman Lal Setia Exports Limited,NSE,India,INE419D01026,,
CLSL.NS,CLSL,,,Crop Life Science Limited,NSE,India,INE00NH01017,,
CMBL.BO,CMBL,,540199,Corporate Merchant Bankers Lim,BSE,India,INE850R01014,,
CMICABLES.BO,CMICABLES,,517330,CMI LTD.,BSE,India,INE981B01011,,
CMLL.NS,CMLL,CMLL,544833,Caliber Mining and Logistics Limited,NSE,India,INE11XY01018,,
CMMHOSP.BO,CMMHOSP,,523489,CHENNAI MEENAKSHI MULTISPECIAL,BSE,India,INE889F01017,,
CMNL.NS,CMNL,,,Chaman Metallics Limited,NSE,India,INE06PV01010,,
CMPDI.NS,CMPDI,CMPDI,544739,Central Mine Planning & Design Institute Limited,NSE,India,INE05HV01027,Services,
CMRGREEN.NS,CMRGREEN,CMRGREEN,544777,CMR Green Technologies Limited,NSE,India,INE00WV01027,,
CMRSL.NS,CMRSL,,,Cyber Media Research & Services Limited,NSE,India,INE075Z01011,,
CMSINFO.NS,CMSINFO,CMSINFO,543441,CMS Info Systems Limited,NSE,India,INE925R01014,,
CMXLTD.BO,CMXLTD,,532217,CMX HOLDINGS LIMITED,BSE,India,INE027F01014,,
CNCRD.BO,CNCRD,,543619,Concord Control Systems Limite,BSE,India,INE0N0J01014,,
CNINFOTECH.BO,CNINFOTECH,,544343,CAPITALNUMBERS INFOTECH  LIMIT,BSE,India,INE0WXM01011,,
CNL.NS,CNL,CNL,544631,Creative Newtech Limited,NSE,India,INE985W01018,,
COALINDIA.NS,COALINDIA,COALINDIA,533278,Coal India Limited,NSE,India,INE522F01014,Oil Gas & Consumable Fuels,Y
COARO.BO,COARO,,520131,COASTAL ROADWAYS LTD.,BSE,India,INE229E01019,,
COASTCORP.NS,COASTCORP,COASTCORP,501831,Coastal Corporation Limited,NSE,India,INE377E01024,,
COCHINM.BO,COCHINM,,513353,COCHIN MINERALS & RUTILE LTD.,BSE,India,INE105D01013,,
COCHINSHIP.NS,COCHINSHIP,COCHINSHIP,540678,Cochin Shipyard Limited,NSE,India,INE704P01025,Capital Goods,
COCHMAL.BO,COCHMAL,,508571,COCHIN MALABAR ESTATES & INDUS,BSE,India,INE788M01017,,
COCKERILL.NS,COCKERILL,COCKERILL,500147,John Cockerill India Limited,NSE,India,INE515A01019,,
COFFEEDAY.NS,COFFEEDAY,COFFEEDAY,539436,Coffee Day Enterprises Limited,NSE,India,INE335K01011,,
COFORGE.NS,COFORGE,COFORGE,532541,Coforge Limited,NSE,India,INE591G01025,Information Technology,
COHANCE.NS,COHANCE,COHANCE,543064,Cohance Lifesciences Limited,NSE,India,INE03QK01018,Healthcare,
COLAB.BO,COLAB,,542866,COLAB PLATFORMS LIMITED,BSE,India,INE317W01030,,
COLINZ.BO,COLINZ,,531210,COLINZ LABORATORIES LTD.,BSE,India,INE923C01011,,
COLORCHIPS.BO,COLORCHIPS,,540023,COLORCHIPS NEW MEDIA LIMITED,BSE,India,INE621I01042,,
COLPAL.NS,COLPAL,COLPAL,500830,Colgate Palmolive (India) Limited,NSE,India,INE259A01022,Fast Moving Consumer Goods,
COMCL.BO,COMCL,,534691,COMFORT COMMOTRADE LTD.,BSE,India,INE456N01019,,
COMFINCAP.BO,COMFINCAP,,535267,COMFORT FINCAP LTD.,BSE,India,INE274M01026,,
COMFINTE.NS,COMFINTE,COMFINTE,531216,Comfort Intech Limited,NSE,India,INE819A01049,,
COMMITTED.NS,COMMITTED,,,Committed Cargo Care Limited,NSE,India,INE597Z01014,,
COMPEAU.NS,COMPEAU,COMPEAU,531041,Competent Automobiles Company Limited,NSE,India,INE823B01015,,
COMPINFO.NS,COMPINFO,COMPINFO,532456,Compuage Infocom Limited,NSE,India,INE070C01037,,
COMPUPN.BO,COMPUPN,,507833,COMPUTER POINT LTD.,BSE,India,INE607B01012,,
COMPUSOFT.NS,COMPUSOFT,COMPUSOFT,532339,Compucom Software Limited,NSE,India,INE453B01029,,
COMRADE.BO,COMRADE,,543921,Comrade Appliances Limited,BSE,India,INE0NXA01015,,
COMSYN.NS,COMSYN,COMSYN,539986,Commercial Syn Bags Limited,NSE,India,INE073V01015,,
CONART.BO,CONART,,522231,CONART ENGINEERS LTD.,BSE,India,INE714D01020,,
CONCOR.NS,CONCOR,CONCOR,531344,Container Corporation of India Limited,NSE,India,INE111A01025,Services,
CONCORD.BO,CONCORD,,538965,Concord Drugs Limited,BSE,India,INE858L01010,,
CONCORDBIO.NS,CONCORDBIO,CONCORDBIO,543960,Concord Biotech Limited,NSE,India,INE338H01029,Healthcare,
CONFIPET.NS,CONFIPET,CONFIPET,526829,Confidence Petroleum India Limited,NSE,India,INE552D01024,,
CONNPLEX.NS,CONNPLEX,,,Connplex Cinemas Limited,NSE,India,INE0EAS01014,,
CONSOFINVT.NS,CONSOFINVT,,,Consolidated Finvest & Holdings Limited,NSE,India,INE025A01027,,
CONSTRONIC.BO,CONSTRONIC,,523844,CONSTRONICS INFRA LIMITED,BSE,India,INE537B01011,,
CONTAINE.BO,CONTAINE,,543606,CONTAINE TECHNOLOGIES LIMITED,BSE,India,INE0M8901010,,
CONTAINER.BO,CONTAINER,,540597,Containerway International Lim,BSE,India,INE319U01022,,
CONTCHM.BO,CONTCHM,,506935,CONTINENTAL CHEMICALS LTD.,BSE,India,INE423K01015,,
CONTI.NS,CONTI,,,Continental Seeds and Chemicals Limited,NSE,India,INE340Z01019,,
CONTICON.BO,CONTICON,,531460,CONTINENTAL CONTROLS LTD.,BSE,India,INE545B01022,,
CONTILI.BO,CONTILI,,531067,CONTIL INDIA LTD.,BSE,India,INE080G01029,,
CONTPTR.BO,CONTPTR,,523232,CONTINENTAL PETROLEUMS LTD.,BSE,India,INE369D01023,,
CONTROLPR.NS,CONTROLPR,CONTROLPR,522295,Control Print Limited,NSE,India,INE663B01015,,
COOLCAPS.NS,COOLCAPS,,,Cool Caps Industries Limited,NSE,India,INE0HS001028,,
CORALAB.BO,CORALAB,,524506,CORAL LABORATORIES LTD.,BSE,India,INE683E01017,,
CORALFINAC.NS,CORALFINAC,CORALFINAC,531556,Coral India Finance & Housing Limited,NSE,India,INE558D01021,,
CORDELIA.NS,CORDELIA,CORDELIA,544802,Waterways Leisure Tourism Limited,NSE,India,INE0LZF01039,,
CORDSCABLE.NS,CORDSCABLE,CORDSCABLE,532941,Cords Cable Industries Limited,NSE,India,INE792I01017,,
COREIN.NS,COREIN,,,Coreintegra Consulting Services Limited,NSE,India,INE11ES01010,,
CORNE.BO,CORNE,,530755,CORAL NEWSPRINTS LTD.,BSE,India,INE715D01019,,
COROENGG.BO,COROENGG,,533167,COROMANDEL ENGINEERING COMPANY,BSE,India,INE312J01012,,
COROMANDEL.NS,COROMANDEL,COROMANDEL,506395,Coromandel International Limited,NSE,India,INE169A01031,Chemicals,
CORONA.NS,CORONA,CORONA,544644,CORONA Remedies Limited,NSE,India,INE02ZQ01018,,
COSCO.BO,COSCO,,530545,COSCO (INDIA) LTD.,BSE,India,INE949B01018,,
COSMICCRF.BO,COSMICCRF,,543928,Cosmic CRF Limited,BSE,India,INE0ORA01015,,
COSMOFE.BO,COSMOFE,,523100,COSMO FERRITES LTD.,BSE,India,INE124B01018,,
COSMOFIRST.NS,COSMOFIRST,COSMOFIRST,508814,COSMO FIRST LIMITED,NSE,India,INE757A01017,,
COSPOWER.BO,COSPOWER,,543172,Cospower Engineering Limited,BSE,India,INE0CQB01010,,
COSYN.BO,COSYN,,538922,COSYN Limited,BSE,India,INE029B01019,,
COTFAB.BO,COTFAB,,544195,United Cotfab Limited,BSE,India,INE0S0I01011,,
COUNCODOS.NS,COUNCODOS,COUNCODOS,531624,Country Condo's Limited,NSE,India,INE695B01025,,
COVANCE.BO,COVANCE,,544361,COVANCE SOFTSOL LIMITED,BSE,India,INE0R8101016,,
CPCAP.NS,CPCAP,CPCAP,533260,CP Capital Limited,NSE,India,INE521J01018,,
CPEDU.NS,CPEDU,CPEDU,544499,Career Point Edutech Limited,NSE,India,INE0P6P01016,,
CPL.NS,CPL,CPL,536974,Captain Polyplast Limited,NSE,India,INE536P01021,,
CPML.BO,CPML,,542727,CITY PULSE MULTIVENTURES LIMIT,BSE,India,INE056001014,,
CPPLUS.NS,CPPLUS,CPPLUS,544466,Aditya Infotech Limited,NSE,India,INE819V01029,Capital Goods,
CPS.NS,CPS,,,C P S Shapers Limited,NSE,India,INE0QBU01012,,
CRAFTSMAN.NS,CRAFTSMAN,CRAFTSMAN,543276,Craftsman Automation Limited,NSE,India,INE00LO01017,Automobile and Auto Components,
CRAMC.NS,CRAMC,CRAMC,544580,Canara Robeco Asset Management Company Limited,NSE,India,INE218I01013,,
CRANEINFRA.BO,CRANEINFRA,,538770,Crane Infrastructure Limited,BSE,India,INE176L01017,,
CRANESSOFT.BO,CRANESSOFT,,512093,CRANES SOFTWARE INTERNATIONAL,BSE,India,INE234B01023,,
CRANEX.BO,CRANEX,,522001,CRANEX LTD.,BSE,India,INE608B01010,,
CRAVATEX.NS,CRAVATEX,CRAVATEX,509472,Cravatex Limited,NSE,India,INE145E01017,,
CRAYONS.NS,CRAYONS,,,Crayons Advertising Limited,NSE,India,INE0OFK01019,,
CRAZY.BO,CRAZY,,544807,CRAZY SNACKS LIMITED,BSE,India,INE0RBX01014,,
CREATIVE.BO,CREATIVE,,539527,Creative Castings Limited,BSE,India,INE146E01015,,
CREATIVEYE.NS,CREATIVEYE,CREATIVEYE,532392,Creative Eye Limited,NSE,India,INE230B01021,,
CREDENT.NS,CREDENT,,,Credent Connect N Care Limited,NSE,India,INE1KPX01025,,
CREDITACC.NS,CREDITACC,CREDITACC,541770,CREDITACCESS GRAMEEN LIMITED,NSE,India,INE741K01010,Financial Services,
CRESCENTIS.BO,CRESCENTIS,,511571,Crescentis Capital Limited,BSE,India,INE754C01010,,
CREST.NS,CREST,CREST,511413,Crest Ventures Limited,NSE,India,INE559D01011,,
CRESTO.NS,CRESTO,,,CRESTO TECHNO LIMITED,NSE,India,INE203Y01012,,
CRIMSON.BO,CRIMSON,,526977,CRIMSON METAL ENGINEERING COMP,BSE,India,INE318P01016,,
CRISIL.NS,CRISIL,CRISIL,500092,Crisil Limited,NSE,India,INE007A01025,Financial Services,
CRIZAC.NS,CRIZAC,CRIZAC,544439,Crizac Limited,NSE,India,INE0S4R01014,,
CROISSANCE.BO,CROISSANCE,,531909,CROISSANCE LIMITED,BSE,India,INE587J01027,,
CROMPTON.NS,CROMPTON,CROMPTON,539876,Crompton Greaves Consumer Electricals Limited,NSE,India,INE299U01018,Consumer Durables,
CROPSTER.BO,CROPSTER,,523105,CROPSTER AGRO LIMITED,BSE,India,INE293E01031,,
CROWN.NS,CROWN,,,Crown Lifters Limited,NSE,India,INE491V01019,,
CRSL.NS,CRSL,CRSL,512379,Cressanda Railway Solutions Limited,NSE,India,INE716D01033,,
CRSTCHM.BO,CRSTCHM,,526269,CRESTCHEM LTD.,BSE,India,INE293N01016,,
CRYOGENIC.BO,CRYOGENIC,,544440,CRYOGENIC OGS LIMITED,BSE,India,INE0TL001013,,
CRYSTAL.BO,CRYSTAL,,540821,CRYSTAL BUSINESS SYSTEM LIMITE,BSE,India,INE994R01028,,
CSBBANK.NS,CSBBANK,CSBBANK,542867,CSB Bank Limited,NSE,India,INE679A01013,,
CSL.BO,CSL,,538868,Continental Securities Limited,BSE,India,INE183Q01020,,
CSLFINANCE.NS,CSLFINANCE,CSLFINANCE,530067,CSL Finance Limited,NSE,India,INE718F01018,,
CSM.NS,CSM,CSM,544806,CSM Technologies Limited,NSE,India,INE0ZK601013,,
CSML.BO,CSML,,544900,COMPLETE SPORTS AND MANAGEMENT,BSE,India,INE2K6801014,,
CSSL.NS,CSSL,,,Clear Secured Services Limited,NSE,India,INE1EF801010,,
CSURGSU.BO,CSURGSU,,531380,CENTENIAL SURGICAL SUTURE LTD.,BSE,India,INE405H01018,,
CTCL.BO,CTCL,,540652,Captain Technocast Limited,BSE,India,INE931X01010,,
CTE.NS,CTE,CTE,532801,Cambridge Technology Enterprises Limited,NSE,India,INE627H01017,,
CTL.BO,CTL,,538476,CAPITAL TRADE LINKS LTD,BSE,India,INE172D01021,,
CTLLAB.BO,CTLLAB,,544220,Clinitech Laboratory Limited,BSE,India,INE0QMR01015,,
CUB.NS,CUB,CUB,532210,City Union Bank Limited,NSE,India,INE491A01021,Financial Services,
CUBEXTUB.NS,CUBEXTUB,CUBEXTUB,526027,Cubex Tubings Limited,NSE,India,INE144D01012,,
CUBIFIN.BO,CUBIFIN,,511710,CUBICAL FINANCIAL SERVICES LTD,BSE,India,INE717D01023,,
CUDML.NS,CUDML,,,Cash Ur Drive Marketing Limited,NSE,India,INE0WL201014,,
CUMMINSIND.NS,CUMMINSIND,CUMMINSIND,500480,Cummins India Limited,NSE,India,INE298A01020,Capital Goods,
CUPID.NS,CUPID,CUPID,530843,Cupid Limited,NSE,India,INE509F01029,Fast Moving Consumer Goods,
CUPIDALBV.BO,CUPIDALBV,,512361,CUPID BREWERIES AND DISTILLERI,BSE,India,INE108G01010,,
CURAA.NS,CURAA,CURAA,532332,Cura Technologies Limited,NSE,India,INE117B01020,,
CURIS.NS,CURIS,,,Curis Lifesciences Limited,NSE,India,INE1BZN01016,,
CURRENT.NS,CURRENT,,,Current Infraprojects Limited,NSE,India,INE1CRQ01014,,
CWD.BO,CWD,,543378,CWD Limited,BSE,India,INE0H8H01019,,
CYBELEIND.BO,CYBELEIND,,531472,CYBELE INDUSTRIES LTD.,BSE,India,INE183D01010,,
CYBERMEDIA.NS,CYBERMEDIA,CYBERMEDIA,532640,Cyber Media (India) Limited,NSE,India,INE278G01037,,
CYBERTECH.NS,CYBERTECH,CYBERTECH,532173,Cybertech Systems And Software Limited,NSE,India,INE214A01019,,
CYIENT.NS,CYIENT,CYIENT,532175,Cyient Limited,NSE,India,INE136B01020,Information Technology,
CYIENTDLM.NS,CYIENTDLM,CYIENTDLM,543933,Cyient DLM Limited,NSE,India,INE055S01018,,
DABUR.NS,DABUR,DABUR,500096,Dabur India Limited,NSE,India,INE016A01026,Fast Moving Consumer Goods,
DACHEPALLI.BO,DACHEPALLI,,544667,Dachepalli Publishers Limited,BSE,India,INE1F9M01018,,
DAICHI.NS,DAICHI,DAICHI,526821,Dai-Ichi Karkaria Limited,NSE,India,INE928C01010,,
DAIKAFFI.BO,DAIKAFFI,,530825,DAIKAFFIL CHEMICALS INDIA LTD.,BSE,India,INE789B01018,,
DALBHARAT.NS,DALBHARAT,DALBHARAT,542216,Dalmia Bharat Limited,NSE,India,INE00R701025,Construction Materials,
DALMIASUG.NS,DALMIASUG,DALMIASUG,500097,Dalmia Bharat Sugar and Industries Limited,NSE,India,INE495A01022,,
DAMCAPITAL.NS,DAMCAPITAL,DAMCAPITAL,544316,Dam Capital Advisors Limited,NSE,India,INE284H01025,,
DAMODARIND.NS,DAMODARIND,DAMODARIND,521220,Damodar Industries Limited,NSE,India,INE497D01022,,
DANGEE.NS,DANGEE,,,Dangee Dums Limited,NSE,India,INE688Y01022,,
DANISH.NS,DANISH,,,Danish Power Limited,NSE,India,INE0YU901016,,
DANLAW.BO,DANLAW,,532329,DANLAW TECHNOLOGIES INDIA LTD.,BSE,India,INE310B01013,,
DANUBE.BO,DANUBE,,540361,DANUBE INDUSTRIES LIMITED,BSE,India,INE575D01041,,
DAPS.BO,DAPS,,543651,DAPS ADVERTISING LIMITED,BSE,India,INE975Z01012,,
DARJEELING.BO,DARJEELING,,539770,DARJEELING INDUSTRIIES LIMITED,BSE,India,INE830S01014,,
DARSHANORNA.BO,DARSHANORNA,,539884,Darshan Orna Limited,BSE,India,INE671T01028,,
DATAMATICS.NS,DATAMATICS,DATAMATICS,532528,Datamatics Global Services Limited,NSE,India,INE365B01017,,
DATAPATTNS.NS,DATAPATTNS,DATAPATTNS,543428,Data Patterns (India) Limited,NSE,India,INE0IX101010,Capital Goods,
DATIWARE.BO,DATIWARE,,519413,DATIWARE MARITIME INFRA LIMITE,BSE,India,INE673U01014,,
DAULAT.BO,DAULAT,,530171,DAULAT SECURITIES LTD.,BSE,India,INE108C01019,,
DAVANGERE.NS,DAVANGERE,DAVANGERE,543267,Davangere Sugar Company Limited,NSE,India,INE179G01029,,
DAVIN.BO,DAVIN,,544331,Davin Sons Retail Limited,BSE,India,INE0Q2L01013,,
DBCORP.NS,DBCORP,DBCORP,533151,D.B.Corp Limited,NSE,India,INE950I01011,,
DBEIL.NS,DBEIL,DBEIL,544276,Deepak Builders & Engineers India Limited,NSE,India,INE0OPA01027,,
DBL.NS,DBL,DBL,540047,Dilip Buildcon Limited,NSE,India,INE917M01012,,
DBOL.NS,DBOL,DBOL,543593,Dhampur Bio Organics Limited,NSE,India,INE0I3401014,,
DBREALTY.NS,DBREALTY,DBREALTY,533160,Valor Estate Limited,NSE,India,INE879I01012,,
DBSTOCKBRO.NS,DBSTOCKBRO,DBSTOCKBRO,530393,DB (International) Stock Brokers Limited,NSE,India,INE921B01025,,
DCAL.NS,DCAL,DCAL,540701,Dishman Carbogen Amcis Limited,NSE,India,INE385W01011,,
DCBBANK.NS,DCBBANK,DCBBANK,532772,DCB Bank Limited,NSE,India,INE503A01015,,
DCCL.NS,DCCL,,,Dar Credit & Capital Limited,NSE,India,INE04Q901010,,
DCG.NS,DCG,,,DCG Cables & Wires Limited,NSE,India,INE0S8401018,,
DCI.NS,DCI,DCI,543636,Dc Infotech And Communication Limited,NSE,India,INE0A1101019,,
DCM.NS,DCM,DCM,502820,DCM  Limited,NSE,India,INE498A01018,,
DCMFINSERV.NS,DCMFINSERV,DCMFINSERV,511611,DCM Financial Services Limited,NSE,India,INE891B01012,,
DCMNVL.NS,DCMNVL,DCMNVL,542729,DCM Nouvelle Limited,NSE,India,INE08KP01019,,
DCMSHRIRAM.NS,DCMSHRIRAM,DCMSHRIRAM,523367,DCM Shriram Limited,NSE,India,INE499A01024,,
DCMSIL.NS,DCMSIL,DCMSIL,544702,DCM Shriram International Limited,NSE,India,INE0OU201013,,
DCMSRIND.NS,DCMSRIND,DCMSRIND,523369,DCM Shriram Industries Limited,NSE,India,INE843D01027,,
DCW.NS,DCW,DCW,500117,DCW Limited,NSE,India,INE500A01029,,
DCXINDIA.NS,DCXINDIA,DCXINDIA,543650,DCX Systems Limited,NSE,India,INE0KL801015,,
DDEVPLSTIK.NS,DDEVPLSTIK,DDEVPLSTIK,543547,Ddev Plastiks Industries Limited,NSE,India,INE0HR601026,,
DECCAN.BO,DECCAN,,542248,Deccan Health Care Limited,BSE,India,INE452W01019,,
DECCANCE.NS,DECCANCE,DECCANCE,502137,Deccan Cements Limited,NSE,India,INE583C01021,,
DECCANTRAN.NS,DECCANTRAN,,,Deccan Transcon Leasing Limited,NSE,India,INE0S7C01019,,
DECIPHER.BO,DECIPHER,,524752,DECIPHER LABS LIMITED,BSE,India,INE643N01012,,
DECNGOLD.NS,DECNGOLD,DECNGOLD,512068,Deccan Gold Mines Limited,NSE,India,INE945F01025,,
DECOMIC.BO,DECOMIC,,531227,DECO-MICA LTD.,BSE,India,INE907E01010,,
DECPO.BO,DECPO,,531989,DECCAN POLYPACKS LTD.,BSE,India,INE132E01015,,
DEEDEV.NS,DEEDEV,DEEDEV,544198,DEE Development Engineers Limited,NSE,India,INE841L01016,,
DEEM.NS,DEEM,,,Deem Roll Tech Limited,NSE,India,INE586O01011,,
DEEP.NS,DEEP,DEEP,541778,Deep Polymers Limited,NSE,India,INE00IY01012,,
DEEPA.NS,DEEPA,DEEPA,544903,Deepa Jewellers Limited,NSE,India,INE1M2N01020,,
DEEPAI.BO,DEEPAI,,539559,Deep Health AI India Limited,BSE,India,INE005G01026,,
DEEPAKCHEM.BO,DEEPAKCHEM,,544036,DEEPAK CHEMTEX LIMITED,BSE,India,INE0RDM01013,,
DEEPAKFERT.NS,DEEPAKFERT,DEEPAKFERT,500645,Deepak Fertilizers and Petrochemicals Corporation Limited,NSE,India,INE501A01019,Chemicals,
DEEPAKNTR.NS,DEEPAKNTR,DEEPAKNTR,506401,Deepak Nitrite Limited,NSE,India,INE288B01029,Chemicals,
DEEPAKSP.BO,DEEPAKSP,,514030,DEEPAK SPINNERS LTD.,BSE,India,INE272C01013,,
DEEPINDS.NS,DEEPINDS,DEEPINDS,543288,Deep Industries Limited,NSE,India,INE0FHS01024,,
DEFRAIL.BO,DEFRAIL,,544677,Defrail Technologies Limited,BSE,India,INE0ZE201010,,
DEL.BO,DEL,,542679,Dhanashree Electronics Limited,BSE,India,INE413F01016,,
DELAPLEX.NS,DELAPLEX,,,Delaplex Limited,NSE,India,INE0SK801018,,
DELHIVERY.NS,DELHIVERY,DELHIVERY,543529,Delhivery Limited,NSE,India,INE148O01028,Services,
DELPHIFX.NS,DELPHIFX,DELPHIFX,533452,DELPHI WORLD MONEY LIMITED,NSE,India,INE726L01027,,
DELTA.BO,DELTA,,539596,Delta Industrial Resources Lim,BSE,India,INE681Q01015,,
DELTACORP.NS,DELTACORP,DELTACORP,532848,Delta Corp Limited,NSE,India,INE124G01033,,
DELTAMAGNT.NS,DELTAMAGNT,DELTAMAGNT,504286,Delta Manufacturing Limited,NSE,India,INE393A01011,,
DELTIC.NS,DELTIC,,,Delta Autocorp Limited,NSE,India,INE0XRN01019,,
DEN.NS,DEN,DEN,533137,Den Networks Limited,NSE,India,INE947J01015,,
DENEERS.NS,DENEERS,,,De Neers Tools Limited,NSE,India,INE0JWV01011,,
DENISCHEM.BO,DENISCHEM,,537536,DENIS CHEM LAB LTD,BSE,India,INE051G01012,,
DENORA.NS,DENORA,DENORA,590031,De Nora India Limited,NSE,India,INE244A01016,,
DENTA.NS,DENTA,DENTA,544345,Denta Water and Infra Solutions Limited,NSE,India,INE0R4L01018,,
DENTALKART.NS,DENTALKART,,,Vasa Denticity Limited,NSE,India,INE0N5801013,,
DESCO.BO,DESCO,,544387,Desco Infratech Limited,BSE,India,INE0TGG01014,,
DESIFARMS.BO,DESIFARMS,,507984,Desi Farms India Limited,BSE,India,INE358F01013,,
DESTINY.NS,DESTINY,,,Destiny Logistics & Infra Limited,NSE,India,INE0IGO01011,,
DEVINE.BO,DEVINE,,531585,DEVINE IMPEX LTD.,BSE,India,INE455C01014,,
DEVIT.NS,DEVIT,DEVIT,543462,Dev Information Technology Limited,NSE,India,INE060X01034,,
DEVLAB.BO,DEVLAB,,543848,Dev Labtech Venture Limited,BSE,India,INE0NIJ01025,,
DEVSON.BO,DEVSON,,544823,DEVSON CATALYST LIMITED,BSE,India,INE2KRP01017,,
DEVX.NS,DEVX,DEVX,544513,Dev Accelerator Limited,NSE,India,INE0VOV01021,,
DEVYANI.NS,DEVYANI,DEVYANI,543330,Devyani International Limited,NSE,India,INE872J01023,Consumer Services,
DFL.BO,DFL,,539190,Decillion Finance Ltd.,BSE,India,INE848N01017,,
DFPL.BO,DFPL,,544201,DINDIGUL FARM PRODUCT LIMITED,BSE,India,INE0S6R01027,,
DGCONTENT.NS,DGCONTENT,DGCONTENT,542685,Digicontent Limited,NSE,India,INE03JI01017,,
DGL.BO,DGL,,542155,Diksha Greens Limited,BSE,India,INE01GR01018,,
DHABRIYA.NS,DHABRIYA,DHABRIYA,538715,Dhabriya Polywood Limited,NSE,India,INE260R01016,,
DHAMPURE.BO,DHAMPURE,,531923,DHAMPURE SPECIALITY SUGARS LTD,BSE,India,INE956B01013,,
DHAMPURSUG.NS,DHAMPURSUG,DHAMPURSUG,500119,Dhampur Sugar Mills Limited,NSE,India,INE041A01016,,
DHANBANK.NS,DHANBANK,DHANBANK,532180,Dhanlaxmi Bank Limited,NSE,India,INE680A01011,,
DHANCOT.BO,DHANCOT,,512485,DHANLAXMI COTEX LTD.,BSE,India,INE977F01010,,
DHANFAB.BO,DHANFAB,,521151,DHANLAXMI FABRICS LTD.,BSE,India,INE953D01016,,
DHANLAXMI.NS,DHANLAXMI,,,Dhanlaxmi Crop Science Limited,NSE,India,INE0V9V01010,,
DHANROTO.BO,DHANROTO,,521216,DHANALAXMI ROTO SPINNERS LTD.,BSE,India,INE220C01012,,
DHANSA.NS,DHANSA,,,Dhansa Labs Limited,NSE,India,INE0M3I01029,,
DHANSAFAL.BO,DHANSAFAL,,512048,DHANSAFAL FINSERVE LIMITED,BSE,India,INE195E01020,,
DHANUKA.NS,DHANUKA,DHANUKA,507717,Dhanuka Agritech Limited,NSE,India,INE435G01025,,
DHANWEL.BO,DHANWEL,,544884,Dhanwel Hybrid Seeds Limited,BSE,India,INE0VWO01011,,
DHARAN.NS,DHARAN,DHARAN,541161,DHARAN INFRA-EPC LIMITED,NSE,India,INE278R01034,,
DHARARAIL.NS,DHARARAIL,,,Dhara Rail Projects Limited,NSE,India,INE2HJL01019,,
DHARFIN.BO,DHARFIN,,511451,DHARANI FINANCE LTD.,BSE,India,INE899D01011,,
DHARIWAL.NS,DHARIWAL,,,Dhariwalcorp Limited,NSE,India,INE0YRN01025,,
DHARMAJ.NS,DHARMAJ,DHARMAJ,543687,Dharmaj Crop Guard Limited,NSE,India,INE00OQ01016,,
DHARNI.BO,DHARNI,,543753,DHARNI CAPITAL SERVICES LIMITE,BSE,India,INE0M9Q01011,,
DHATRE.NS,DHATRE,DHATRE,540080,Dhatre Udyog Limited,NSE,India,INE715T01031,,
DHAVAL.BO,DHAVAL,,544854,Dhaval Packaging Limited,BSE,India,INE1HX301016,,
DHENUBUILD.BO,DHENUBUILD,,501945,DHENU BUILDCON INFRA LTD.,BSE,India,INE758D01027,,
DHILLON.BO,DHILLON,,544556,Dhillon Freight Carrier Limite,BSE,India,INE0SPJ01011,,
DHINDIA.BO,DHINDIA,,517514,D&H INDIA LTD,BSE,India,INE589D01018,,
DHOOTIN.BO,DHOOTIN,,526971,DHOOT INDUSTRIAL FINANCE LTD.,BSE,India,INE313G01016,,
DHOOTTRANS.NS,DHOOTTRANS,DHOOTTRANS,544867,Dhoot Transmission Limited,NSE,India,INE01NH01023,,
DHPIND.BO,DHPIND,,531306,DHP INDIA LTD.,BSE,India,INE590D01016,,
DHRUV.NS,DHRUV,DHRUV,541302,Dhruv Consultancy Services Limited,NSE,India,INE506Z01015,,
DHRUVCA.BO,DHRUVCA,,531237,DHRUVA CAPITAL SERVICES LTD.,BSE,India,INE972E01014,,
DHTL.NS,DHTL,,,Docmode Health Technologies Limited,NSE,India,INE0OGG01015,,
DHUNINV.NS,DHUNINV,DHUNINV,533336,Dhunseri Investments Limited,NSE,India,INE320L01011,,
DHVIJAFIN.BO,DHVIJAFIN,,539552,DHVIJA FINANCE LIMITED,BSE,India,INE108T01021,,
DHYAANITR.BO,DHYAANITR,,543516,DHYAANI TRADEVENTTURES LIMITED,BSE,India,INE0K5F01014,,
DIACABS.NS,DIACABS,DIACABS,522163,Diamond Power Infrastructure Limited,NSE,India,INE989C01038,,
DIAMANT.BO,DIAMANT,,508860,DIAMANT INFRASTRUCTURE LIMITED,BSE,India,INE206I01026,,
DIAMINESQ.NS,DIAMINESQ,DIAMINESQ,500120,Diamines & Chemicals Limited,NSE,India,INE591D01014,,
DIAMONDYD.NS,DIAMONDYD,DIAMONDYD,540724,Prataap Snacks Limited,NSE,India,INE393P01035,,
DIANATEA.BO,DIANATEA,,530959,DIANA TEA CO.LTD.,BSE,India,INE012E01035,,
DICIND.NS,DICIND,DICIND,500089,DIC India Limited,NSE,India,INE303A01010,,
DIDL.BO,DIDL,,539900,DALMIA INDUSTRIAL DEVELOPMENT,BSE,India,INE642P01019,,
DIFFNKG.NS,DIFFNKG,DIFFNKG,544264,Diffusion Engineers Limited,NSE,India,INE184O01015,,
DIGIDRIVE.NS,DIGIDRIVE,DIGIDRIVE,544079,Digidrive Distributors Limited,NSE,India,INE0PSC01024,,
DIGIKORE.NS,DIGIKORE,,,Digikore Studios Limited,NSE,India,INE0QJ901011,,
DIGILOGIC.BO,DIGILOGIC,,544684,DIGILOGIC SYSTEMS LIMITED,BSE,India,INE1OOT01028,,
DIGISPICE.NS,DIGISPICE,DIGISPICE,517214,DiGiSPICE Technologies Limited,NSE,India,INE927C01020,,
DIGITIDE.NS,DIGITIDE,DIGITIDE,544413,Digitide Solutions Limited,NSE,India,INE0U4701011,,
DIGJAMLMTD.NS,DIGJAMLMTD,DIGJAMLMTD,539979,Digjam Limited,NSE,India,INE731U01028,,
DIKSAT.BO,DIKSAT,,540151,Diksat Transworld Limited,BSE,India,INE942P01013,,
DIKSHA.BO,DIKSHA,,544798,DIKSHA POLYMERS LIMITED,BSE,India,INE1OSI01014,,
DILIGENT.BO,DILIGENT,,531153,DILIGENT INDUSTRIES LTD.,BSE,India,INE650C01036,,
DIRL.NS,DIRL,,,Dhanuka Infra Realty Limited,NSE,India,INE704V01015,,
DISAQ.NS,DISAQ,DISAQ,500068,Disa India Limited,NSE,India,INE131C01011,,
DISHTV.NS,DISHTV,DISHTV,532839,Dish TV India Limited,NSE,India,INE836F01026,,
DITCO.BO,DITCO,,539405,Decorous Investment and Tradin,BSE,India,INE183R01010,,
DIVGIITTS.NS,DIVGIITTS,DIVGIITTS,543812,Divgi Torqtransfer Systems Limited,NSE,India,INE753U01022,,
DIVINEHIRA.NS,DIVINEHIRA,,,Divine Hira Jewellers Limited,NSE,India,INE0NA501011,,
DIVISLAB.NS,DIVISLAB,DIVISLAB,532488,Divi's Laboratories Limited,NSE,India,INE361B01024,Healthcare,
DIVSHKT.BO,DIVSHKT,,526315,DIVYASHAKTI LIMITED,BSE,India,INE410G01010,,
DIVYADHAN.NS,DIVYADHAN,,,Divyadhan Recycling Industries Limited,NSE,India,INE0QYI01019,,
DIXON.NS,DIXON,DIXON,540699,Dixon Technologies (India) Limited,NSE,India,INE935N01020,Consumer Durables,
DJML.NS,DJML,DJML,543193,DJ Mediaprint & Logistics Limited,NSE,India,INE0B1K01014,,
DJSSS.BO,DJSSS,,511636,DJS STOCK & SHARES LTD.,BSE,India,INE234E01027,,
DKEGL.NS,DKEGL,,,D.K. Enterprises Global Limited,NSE,India,INE0GN101014,,
DKUAL.BO,DKUAL,,544170,Dolphin Kitchen Utensils and A,BSE,India,INE0QXT01018,,
DLCL.BO,DLCL,,541299,DR LALCHANDANI LABS LIMITED,BSE,India,INE871Z01013,,
DLF.NS,DLF,DLF,532868,DLF Limited,NSE,India,INE271C01023,Realty,
DLINKINDIA.NS,DLINKINDIA,DLINKINDIA,533146,D-Link (India) Limited,NSE,India,INE250K01012,,
DLTNCBL.BO,DLTNCBL,,504240,DELTON CABLES LTD.,BSE,India,INE872E01016,,
DMART.NS,DMART,DMART,540376,Avenue Supermarts Limited,NSE,India,INE192R01011,Consumer Services,
DMCC.NS,DMCC,DMCC,506405,DMCC SPECIALITY CHEMICALS LIMITED,NSE,India,INE505A01010,,
DML.BO,DML,,540811,Diggi Multitrade Limited,BSE,India,INE158R01012,,
DMR.BO,DMR,,543410,DMR ENGINEERING LIMITED,BSE,India,INE07L501010,,
DNAMEDIA.NS,DNAMEDIA,DNAMEDIA,540789,Diligent Media Corporation Limited,NSE,India,INE016M01021,,
DODLA.NS,DODLA,DODLA,543306,Dodla Dairy Limited,NSE,India,INE021O01019,,
DOLATALGO.NS,DOLATALGO,DOLATALGO,505526,Dolat Algotech Limited,NSE,India,INE966A01022,,
DOLFIN.BO,DOLFIN,,542013,Dolfin Rubbers Limited,BSE,India,INE666Y01010,,
DOLLAR.NS,DOLLAR,DOLLAR,541403,Dollar Industries Limited,NSE,India,INE325C01035,,
DOLLEX.NS,DOLLEX,DOLLEX,544908,Dollex Agrotech Limited,NSE,India,INE0JHH01011,,
DOLPHIN.NS,DOLPHIN,DOLPHIN,522261,Dolphin Offshore Enterprises (India) Limited,NSE,India,INE920A01037,,
DOLPHMED.BO,DOLPHMED,,526504,DOLPHIN MEDICAL SERVICES LTD.,BSE,India,INE796B01013,,
DOMS.NS,DOMS,DOMS,544045,DOMS Industries Limited,NSE,India,INE321T01012,Fast Moving Consumer Goods,
DONEAR.NS,DONEAR,DONEAR,512519,Donear Industries Limited,NSE,India,INE668D01028,,
DPABHUSHAN.NS,DPABHUSHAN,DPABHUSHAN,544161,D. P. Abhushan Limited,NSE,India,INE266Y01019,,
DPEL.NS,DPEL,,,Divine Power Energy Limited,NSE,India,INE0SCO01019,,
DPL.BO,DPL,,543594,DIPNA PHARMACHEM LIMITED,BSE,India,INE0MC401013,,
DPSCLTD.NS,DPSCLTD,,,DPSC Limited,NSE,India,INE360C01024,,
DPWIRES.NS,DPWIRES,DPWIRES,543962,D P Wires Limited,NSE,India,INE864X01013,,
DRA.BO,DRA,,540144,DRA CONSULTANTS LIMITED,BSE,India,INE746V01016,,
DRAGARWQ.NS,DRAGARWQ,DRAGARWQ,526783,Dr Agarwals Eye Hospital Limited,NSE,India,INE934C01018,,
DRCSYSTEMS.NS,DRCSYSTEMS,DRCSYSTEMS,543268,DRC Systems India Limited,NSE,India,INE03RS01027,,
DREAMFOLKS.NS,DREAMFOLKS,DREAMFOLKS,543591,Dreamfolks Services Limited,NSE,India,INE0JS101016,,
DREDGECORP.NS,DREDGECORP,DREDGECORP,523618,Dredging Corporation of India Limited,NSE,India,INE506A01018,,
DRL.BO,DRL,,531553,DISHA RESOURCES LIMITED,BSE,India,INE193D01019,,
DRONACHRYA.BO,DRONACHRYA,,543713,Droneacharya Aerial Innovation,BSE,India,INE0MQD01015,,
DRONE.NS,DRONE,,,Drone Destination Limited,NSE,India,INE0P7201019,,
DRREDDY.NS,DRREDDY,DRREDDY,500124,Dr. Reddy's Laboratories Limited,NSE,India,INE089A01031,Healthcare,Y
DRSCARGO.NS,DRSCARGO,,,DRS Cargo Movers Limited,NSE,India,INE0QZM01018,,
DRSDILIP.NS,DRSDILIP,,,DRS Dilip Roadlines Limited,NSE,India,INE02CV01017,,
DSFCL.NS,DSFCL,DSFCL,544703,DCM Shriram Fine Chemicals Limited,NSE,India,INE0OFM01015,,
DSINVEST.BO,DSINVEST,,501148,DALAL STREET INVESTMENTS LTD.,BSE,India,INE422D01012,,
DSKULKARNI.NS,DSKULKARNI,DSKULKARNI,523890,DS Kulkarni Developers Limited,NSE,India,INE891A01022,,
DSSL.NS,DSSL,DSSL,532365,Dynacons Systems & Solutions Limited,NSE,India,INE417B01040,,
DTIL.NS,DTIL,DTIL,538902,Dhunseri Tea & Industries Limited,NSE,India,INE341R01014,,
DTL.NS,DTL,,,Diensten Tech Limited,NSE,India,INE0JRD01019,,
DUCOL.NS,DUCOL,,,Ducol Organics And Colours Limited,NSE,India,INE0LZO01015,,
DUCON.NS,DUCON,DUCON,534674,Ducon Infratechnologies Limited,NSE,India,INE741L01018,,
DUDANI.BO,DUDANI,,544961,Dudani Retail Limited,BSE,India,INE1DLN01012,,
DUGLOBAL.NS,DUGLOBAL,,,DUDIGITAL GLOBAL LIMITED,NSE,India,INE0HPK01020,,
DUKEOFS.BO,DUKEOFS,,531471,DUKE OFFSHORE LTD.,BSE,India,INE397G01019,,
DUNCANENG.BO,DUNCANENG,,504908,Duncan Engineering Limited,BSE,India,INE340F01011,,
DURLAX.NS,DURLAX,,,Durlax Top Surface Limited,NSE,India,INE0OUW01013,,
DUROPACK.BO,DUROPACK,,526355,DUROPACK LTD.,BSE,India,INE138B01018,,
DUROPLY.BO,DUROPLY,,516003,DUROPLY INDUSTRIES LIMITED,BSE,India,INE932D01010,,
DUTRON.BO,DUTRON,,517437,DUTRON POLYMERS LTD.,BSE,India,INE940C01015,,
DVL.NS,DVL,DVL,523736,Dhunseri Ventures Limited,NSE,India,INE477B01010,,
DWARKESH.NS,DWARKESH,DWARKESH,532610,Dwarikesh Sugar Industries Limited,NSE,India,INE366A01041,,
DYCL.NS,DYCL,DYCL,540795,Dynamic Cables Limited,NSE,India,INE600Y01019,,
DYNAMATECH.NS,DYNAMATECH,DYNAMATECH,505242,Dynamatic Technologies Limited,NSE,India,INE221B01012,,
DYNAMIC.NS,DYNAMIC,,,Dynamic Services & Security Limited,NSE,India,INE0DZ701010,,
DYNAMICP.BO,DYNAMICP,,530779,DYNAMIC PORTFOLIO MANAGEMENT &,BSE,India,INE118C01018,,
DYNAMIND.BO,DYNAMIND,,524818,DYNAMIC INDUSTRIES LTD.,BSE,India,INE457C01010,,
DYNAVSN.BO,DYNAVSN,,517238,DYNAVISION LTD.,BSE,India,INE083E01010,,
DYNPRO.NS,DYNPRO,DYNPRO,532707,Dynemic Products Limited,NSE,India,INE256H01015,,
E2E.NS,E2E,E2E,544783,E2E Networks Limited,NSE,India,INE255Z01027,,
E2ERAIL.NS,E2ERAIL,,,E To E Transportation Infrastructure Limited,NSE,India,INE1CEJ01017,,
EARKART.BO,EARKART,,544549,EARKART LIMITED,BSE,India,INE1A8F01035,,
EARTH.BO,EARTH,,543765,Earthstahl & Alloys Limited,BSE,India,INE0O4V01010,,
EASEMYTRIP.NS,EASEMYTRIP,EASEMYTRIP,543272,Easy Trip Planners Limited,NSE,India,INE07O001026,,
EASTBUILD.BO,EASTBUILD,,507917,EAST BUILDTECH LTD.,BSE,India,INE706N01017,,
EASTINDIA.BO,EASTINDIA,,523874,East India Drums and Barrels M,BSE,India,INE191C01023,,
EASTRED.BO,EASTRED,,531346,EASTERN TREADS LTD.,BSE,India,INE500D01015,,
EASTSILK.NS,EASTSILK,EASTSILK,590022,Eastern Silk Industries Limited,NSE,India,INE962C01035,,
EASTWEST.NS,EASTWEST,EASTWEST,540006,East West Freight Carriers Limited,NSE,India,INE595R01023,,
EASUN.BO,EASUN,,542906,Easun Capital Markets Limited,BSE,India,INE771C01014,,
EBGNG.NS,EBGNG,EBGNG,544455,GNG Electronics Limited,NSE,India,INE18JU01028,,
EBIX.NS,EBIX,EBIX,531035,EBIX Limited,NSE,India,INE432F01032,,
ECLERX.NS,ECLERX,ECLERX,532927,eClerx Services Limited,NSE,India,INE738I01010,Services,
ECOBOAR.BO,ECOBOAR,,523732,ECOBOARD INDUSTRIES LTD.,BSE,India,INE866A01016,,
ECOFINITY.BO,ECOFINITY,,539455,ECOFINITY ATOMIX LIMITED,BSE,India,INE360S01012,,
ECOHOTELS.BO,ECOHOTELS,,514402,ECO HOTELS AND RESORTS LIMITED,BSE,India,INE638N01012,,
ECOLINE.NS,ECOLINE,,,Ecoline Exim Limited,NSE,India,INE0VBS01016,,
ECOPLAST.BO,ECOPLAST,,526703,ECOPLAST LTD.,BSE,India,INE423D01010,,
ECORECO.NS,ECORECO,ECORECO,530643,Eco Recycling Limited,NSE,India,INE316A01038,,
ECOSMOBLTY.NS,ECOSMOBLTY,ECOSMOBLTY,544239,Ecos (India) Mobility & Hospitality Limited,NSE,India,INE06HJ01020,,
ECS.BO,ECS,,540063,ECS Biztech Limited,BSE,India,INE925Q01024,,
ECSTSTL.BO,ECSTSTL,,520081,EAST COAST STEEL LTD.,BSE,India,INE315F01013,,
EDELWEISS.NS,EDELWEISS,EDELWEISS,532922,Edelweiss Financial Services Limited,NSE,India,INE532F01054,,
EDUCOMP.BO,EDUCOMP,,532696,EDUCOMP SOLUTIONS LTD.,BSE,India,INE216H01027,,
EDVENSWA.BO,EDVENSWA,,517170,Edvenswa Enterprises Limited,BSE,India,INE125G01014,,
EENTER.BO,EENTER,,501386,E and E ENTERPRISES LIMITED,BSE,India,INE094R01019,,
EEPL.NS,EEPL,,,Eppeltone Engineers Limited,NSE,India,INE11HF01010,,
EFACTOR.NS,EFACTOR,,,E Factor Experiences Limited,NSE,India,INE0KFF01017,,
EFCIL.NS,EFCIL,EFCIL,512008,EFC (I) Limited,NSE,India,INE886D01026,,
EFFWA.NS,EFFWA,,,Effwa Infra & Research Limited,NSE,India,INE0U9101019,,
EFORCE.NS,EFORCE,,,Electro Force (India) Limited,NSE,India,INE0Q1W01012,,
EFORU.BO,EFORU,,531190,EFORU ENTERTAINMENT LIMITED,BSE,India,INE355H01015,,
EICHERMOT.NS,EICHERMOT,EICHERMOT,505200,Eicher Motors Limited,NSE,India,INE066A01021,Automobile and Auto Components,Y
EIDPARRY.NS,EIDPARRY,EIDPARRY,500125,EID Parry India Limited,NSE,India,INE126A01031,Fast Moving Consumer Goods,
EIEL.NS,EIEL,EIEL,544290,Enviro Infra Engineers Limited,NSE,India,INE0LLY01014,,
EIFFL.NS,EIFFL,,,Euro India Fresh Foods Limited,NSE,India,INE546V01010,,
EIGHTY.BO,EIGHTY,,543518,Eighty Jewellers Limited,BSE,India,INE0KSN01014,,
EIHAHOTELS.NS,EIHAHOTELS,EIHAHOTELS,523127,EIH Associated Hotels Limited,NSE,India,INE276C01014,,
EIHOTEL.NS,EIHOTEL,EIHOTEL,500840,EIH Limited,NSE,India,INE230A01023,Consumer Services,
EIKO.BO,EIKO,,540204,EIKO LIFESCIENCES LIMITED,BSE,India,INE666Q01016,,
EIMCOELECO.NS,EIMCOELECO,EIMCOELECO,523708,Eimco Elecon (India) Limited,NSE,India,INE158B01016,,
EKAMLEA.BO,EKAMLEA,,530581,EKAM LEASING & FINANCE CO.LTD.,BSE,India,INE906L01025,,
EKANSH.BO,EKANSH,,531364,Ekansh Concepts Limited,BSE,India,INE005E01013,,
EKC.NS,EKC,EKC,532684,Everest Kanto Cylinder Limited,NSE,India,INE184H01027,,
EKENNIS.BO,EKENNIS,,543475,Ekennis Software Service Limit,BSE,India,INE0KCM01010,,
EKI.NS,EKI,EKI,543284,EKI Energy Services Limited,NSE,India,INE0CPR01018,,
ELAND.BO,ELAND,,532820,E-Land Apparel Limited,BSE,India,INE311H01018,,
ELANGO.BO,ELANGO,,513452,ELANGO INDUSTRIES LTD.,BSE,India,INE594D01018,,
ELANTAS.NS,ELANTAS,ELANTAS,500123,Elantas Beck India Limited,NSE,India,INE280B01018,,
ELCIDIN.NS,ELCIDIN,ELCIDIN,503681,EL CID Investments Limited,NSE,India,INE927X01018,,
ELDEHSG.NS,ELDEHSG,ELDEHSG,523329,Eldeco Housing And Industries Limited,NSE,India,INE668G01021,,
ELECON.NS,ELECON,ELECON,505700,Elecon Engineering Company Limited,NSE,India,INE205B01031,Capital Goods,
ELECTCAST.NS,ELECTCAST,ELECTCAST,500128,Electrosteel Castings Limited,NSE,India,INE086A01029,,
ELECTHERM.NS,ELECTHERM,ELECTHERM,526608,Electrotherm (India) Limited,NSE,India,INE822G01016,,
ELEFLOR.BO,ELEFLOR,,526473,ELEGANT FLORICULTURE & AGROTEC,BSE,India,INE152E01013,,
ELEMARB.BO,ELEMARB,,526705,ELEGANT MARBLES & GRANI INDUST,BSE,India,INE095B01010,,
ELEVATE.NS,ELEVATE,ELEVATE,544945,Elevate Campuses Limited,NSE,India,INE147X01013,,
ELFIN.BO,ELFIN,,544724,Elfin Agro India Limited,BSE,India,INE1FEW01013,,
ELFORGE.BO,ELFORGE,,531144,EL FORGE LTD.,BSE,India,INE158F01017,,
ELGIEQUIP.NS,ELGIEQUIP,ELGIEQUIP,522074,Elgi Equipments Limited,NSE,India,INE285A01027,Capital Goods,
ELGIRUBCO.NS,ELGIRUBCO,,,Elgi Rubber Company Limited,NSE,India,INE819L01012,,
ELGNZ.NS,ELGNZ,,,Eleganz Interiors Limited,NSE,India,INE0R9101015,,
ELIN.NS,ELIN,ELIN,543725,Elin Electronics Limited,NSE,India,INE050401020,,
ELITECON.NS,ELITECON,ELITECON,539533,Elitecon International Limited,NSE,India,INE669R01026,,
ELIXIR.BO,ELIXIR,,531278,Elixir Capital Limited,BSE,India,INE785D01012,,
ELLEN.NS,ELLEN,ELLEN,544421,Ellenbarrie Industrial Gases Limited,NSE,India,INE236E01022,,
ELNET.BO,ELNET,,517477,ELNET TECHNOLOGIES LTD.,BSE,India,INE033C01019,,
ELPROINTL.NS,ELPROINTL,ELPROINTL,504000,Elpro International Limited,NSE,India,INE579B01039,,
EMAINDIA.BO,EMAINDIA,,522027,EMA INDIA LTD.,BSE,India,INE279D01016,,
EMAMILTD.NS,EMAMILTD,EMAMILTD,531162,Emami Limited,NSE,India,INE548C01032,Fast Moving Consumer Goods,
EMAMIPAP.NS,EMAMIPAP,EMAMIPAP,533208,Emami Paper Mills Limited,NSE,India,INE830C01026,,
EMAMIREAL.NS,EMAMIREAL,EMAMIREAL,533218,Emami Realty Limited,NSE,India,INE778K01012,,
EMAPARTNER.NS,EMAPARTNER,,,EMA Partners India Limited,NSE,India,INE0ZOL01023,,
EMBDL.NS,EMBDL,EMBDL,532832,Embassy Developments Limited,NSE,India,INE069I01010,,
EMCURE.NS,EMCURE,EMCURE,544210,Emcure Pharmaceuticals Limited,NSE,India,INE168P01015,Healthcare,
EMERALD.BO,EMERALD,,538882,Emerald Finance Limited,BSE,India,INE030Q01015,,
EMERALL.BO,EMERALL,,507265,Emerald Leisures Limited,BSE,India,INE044N01021,,
EMERGENT.BO,EMERGENT,,506180,EMERGENT INDUSTRIAL SOLUTIONS,BSE,India,INE668L01013,,
EMIAC.BO,EMIAC,,544747,EMIAC TECHNOLOGIES LIMITED,BSE,India,INE1OSW01015,,
EMIL.NS,EMIL,EMIL,543626,Electronics Mart India Limited,NSE,India,INE02YR01019,,
EMKAY.NS,EMKAY,EMKAY,532737,Emkay Global Financial Services Limited,NSE,India,INE296H01011,,
EMKAYTOOLS.NS,EMKAYTOOLS,,,Emkay Taps and Cutting Tools Limited,NSE,India,INE332S01011,,
EMMBI.NS,EMMBI,EMMBI,533161,Emmbi Industries Limited,NSE,India,INE753K01015,,
EMMESSA.BO,EMMESSA,,524768,EMMESSAR BIOTECH & NUTRITION L,BSE,India,INE634B01016,,
EMMFORCE.BO,EMMFORCE,,544166,EMMFORCE AUTOTECH LIMITED,BSE,India,INE0SDC01012,,
EMMIL.NS,EMMIL,,,Energy Mission Machineries (India) Limited,NSE,India,INE0S1L01013,,
EMMVEE.NS,EMMVEE,EMMVEE,544608,Emmvee Photovoltaic Power Limited,NSE,India,INE1C6T01020,Capital Goods,
EMPIND.NS,EMPIND,EMPIND,509525,Empire Industries Limited,NSE,India,INE515H01014,,
EMPOWER.NS,EMPOWER,EMPOWER,504351,Empower India Limited,NSE,India,INE507F01023,,
EMROCK.BO,EMROCK,,531676,EMROCK CORPORATION LIMITED,BSE,India,INE554H01021,,
EMSLIMITED.NS,EMSLIMITED,EMSLIMITED,543983,EMS Limited,NSE,India,INE0OV601013,,
EMUDHRA.NS,EMUDHRA,EMUDHRA,543533,eMudhra Limited,NSE,India,INE01QM01018,,
ENBETRD.BO,ENBETRD,,512441,Enbee Trade &amp; Finance Ltd,BSE,India,INE993I01029,,
ENCODE.BO,ENCODE,,530733,ENCODE PACKAGING INDIA LIMITED,BSE,India,INE900O01014,,
ENCOMPAS.NS,ENCOMPAS,,,Encompass Design India Limited,NSE,India,INE433T01015,,
ENDURANCE.NS,ENDURANCE,ENDURANCE,540153,Endurance Technologies Limited,NSE,India,INE913H01037,Automobile and Auto Components,
ENERGYDEV.NS,ENERGYDEV,ENERGYDEV,532219,Energy Development Company Limited,NSE,India,INE306C01019,,
ENFUSE.NS,ENFUSE,,,Enfuse Solutions Limited,NSE,India,INE0S3X01014,,
ENGINERSIN.NS,ENGINERSIN,ENGINERSIN,532178,Engineers India Limited,NSE,India,INE510A01028,Construction,
ENIL.NS,ENIL,ENIL,532700,Entertainment Network (India) Limited,NSE,India,INE265F01028,,
ENKEIWHEL.NS,ENKEIWHEL,ENKEIWHEL,533477,Enkei Wheels (India) Limited,NSE,India,INE130L01014,,
ENRIN.NS,ENRIN,ENRIN,544390,Siemens Energy India Limited,NSE,India,INE1NPP01017,Capital Goods,
ENS.BO,ENS,,544876,ENS Enterprises Limited,BSE,India,INE23ER01017,,
ENSER.NS,ENSER,,,Enser Communications Limited,NSE,India,INE0R9I01021,,
ENTERO.NS,ENTERO,ENTERO,544122,Entero Healthcare Solutions Limited,NSE,India,INE010601016,,
ENTRINT.BO,ENTRINT,,526574,ENTERPRISE INTERNATIONAL LTD.,BSE,India,INE439G01019,,
ENVAIREL.BO,ENVAIREL,,500246,ENVAIR ELECTRODYNE LTD.,BSE,India,INE601C01013,,
ENVIRO.NS,ENVIRO,,,Envirotech Systems Limited,NSE,India,INE0SUH01015,,
EPACK.NS,EPACK,EPACK,544095,EPACK Durable Limited,NSE,India,INE0G5901015,,
EPACKPEB.NS,EPACKPEB,EPACKPEB,544540,EPack Prefab Technologies Limited,NSE,India,INE0MLS01022,,
EPBIO.BO,EPBIO,,543595,EP BIOCOMPOSITES LIMITED,BSE,India,INE0D2I01014,,
EPIC.BO,EPIC,,530407,EPIC ENERGY LTD.,BSE,India,INE932F01015,,
EPIGRAL.NS,EPIGRAL,EPIGRAL,543332,Epigral Limited,NSE,India,INE071N01016,,
EPL.NS,EPL,EPL,500135,EPL Limited,NSE,India,INE255A01020,,
EPSOMPRO.BO,EPSOMPRO,,531155,EPSOM PROPERTIES LTD.,BSE,India,INE601F01016,,
EPUJA.BO,EPUJA,,532092,EPUJA SPIRITECH LIMITED,BSE,India,INE807D01030,,
EPWINDIA.NS,EPWINDIA,,,EPW India Limited,NSE,India,INE1KEC01023,,
EQUILATERA.BO,EQUILATERA,,531262,EQUILATERAL ENTERPRISES LIMITE,BSE,India,INE060N01019,,
EQUIPPP.NS,EQUIPPP,EQUIPPP,590057,Equippp Social Impact Technologies Limited,NSE,India,INE217G01035,,
EQUITASBNK.NS,EQUITASBNK,EQUITASBNK,543243,Equitas Small Finance Bank Limited,NSE,India,INE063P01018,,
ERIS.NS,ERIS,ERIS,540596,Eris Lifesciences Limited,NSE,India,INE406M01024,,
ERPSOFT.BO,ERPSOFT,,530909,ERP SOFT SYSTEMS LTD.,BSE,India,INE308B01017,,
ESABINDIA.NS,ESABINDIA,ESABINDIA,500133,Esab India Limited,NSE,India,INE284A01012,,
ESAFSFB.NS,ESAFSFB,ESAFSFB,544020,ESAF Small Finance Bank Limited,NSE,India,INE818W01011,,
ESARIND.BO,ESARIND,,531502,ESAAR (INDIA) LTD.,BSE,India,INE404L01039,,
ESCONET.NS,ESCONET,,,Esconet Technologies Limited,NSE,India,INE0RQZ01017,,
ESCORP.BO,ESCORP,,540455,Escorp Asset Management Limite,BSE,India,INE953W01016,,
ESCORTS.NS,ESCORTS,ESCORTS,500495,Escorts Kubota Limited,NSE,India,INE042A01014,Capital Goods,
ESDS.NS,ESDS,ESDS,544898,ESDS Software Solution Limited,NSE,India,INE0DRI01029,,
ESFL.NS,ESFL,,,Essen Speciality Films Limited,NSE,India,INE0ITO01014,,
ESHAMEDIA.BO,ESHAMEDIA,,531259,ESHA MEDIA RESEARCH LIMITED,BSE,India,INE328F01016,,
ESPIRE.BO,ESPIRE,,532016,ESPIRE HOSPITALITY LIMITED,BSE,India,INE176O01011,,
ESPRIT.NS,ESPRIT,,,Esprit Stones Limited,NSE,India,INE0SBP01018,,
ESSARSHPNG.NS,ESSARSHPNG,ESSARSHPNG,533704,Essar Shipping Limited,NSE,India,INE122M01019,,
ESSENTIA.NS,ESSENTIA,ESSENTIA,535958,Integra Essentia Limited,NSE,India,INE418N01035,,
ESSEX.BO,ESSEX,,544475,ESSEX MARINE LIMITED,BSE,India,INE1IBY01019,,
ESTER.NS,ESTER,ESTER,500136,Ester Industries Limited,NSE,India,INE778B01029,,
ETERNAL.NS,ETERNAL,ETERNAL,543320,ETERNAL LIMITED,NSE,India,INE758T01015,Consumer Services,Y
ETHOSLTD.NS,ETHOSLTD,ETHOSLTD,543532,Ethos Limited,NSE,India,INE04TZ01018,,
ETIL.BO,ETIL,,538708,Econo Trade (India) Limited,BSE,India,INE937K01014,,
ETL.NS,ETL,,,Emkay Tools Limited,NSE,India,INE0PXC01024,,
ETML.NS,ETML,,,Emerald Tyre Manufacturers Limited,NSE,India,INE0RHD01013,,
EUPHORIAIT.BO,EUPHORIAIT,,544094,Euphoria Infotech (India) Limi,BSE,India,INE0PYT01018,,
EUREKAFORB.NS,EUREKAFORB,EUREKAFORB,543482,Eureka Forbes Limited,NSE,India,INE0KCE01017,,
EUREKAI.BO,EUREKAI,,521137,EUREKA INDUSTRIES LTD.,BSE,India,INE958A01011,,
EUROBOND.NS,EUROBOND,EUROBOND,544461,Euro Panel Products Limited,NSE,India,INE505V01016,,
EUROLED.BO,EUROLED,,526468,EURO LEDER FASHION LTD.,BSE,India,INE940E01011,,
EUROPRATIK.NS,EUROPRATIK,EUROPRATIK,544519,Euro Pratik Sales Limited,NSE,India,INE198501012,,
EUROTEXIND.NS,EUROTEXIND,EUROTEXIND,521014,Eurotex Industries and Exports Limited,NSE,India,INE022C01012,,
EVANS.BO,EVANS,,542668,EVANS ELECTRIC LIMITED,BSE,India,INE06TD01010,,
EVEREADY.NS,EVEREADY,EVEREADY,531508,Eveready Industries India Limited,NSE,India,INE128A01029,,
EVERESTIND.NS,EVERESTIND,EVERESTIND,508906,Everest Industries Limited,NSE,India,INE295A01018,,
EVERESTO.BO,EVERESTO,,524790,EVEREST ORGANICS LTD.,BSE,India,INE334C01029,,
EVERFIN.BO,EVERFIN,,514358,EVERLON FINANCIALS LIMITED,BSE,India,INE339D01034,,
EVEXIA.BO,EVEXIA,,524444,EVEXIA LIFECARE LIMITED,BSE,India,INE313M01030,,
EVOQ.BO,EVOQ,,543500,Evoq Remedies Limited,BSE,India,INE0JVD01011,,
EXATO.BO,EXATO,,544626,EXATO TECHNOLOGIES LIMITED,BSE,India,INE1E4401010,,
EXCELINDUS.NS,EXCELINDUS,EXCELINDUS,500650,Excel Industries Limited,NSE,India,INE369A01029,,
EXCELLENT.NS,EXCELLENT,,,Excellent Wires and Packaging Limited,NSE,India,INE0Y4801011,,
EXCELSOFT.NS,EXCELSOFT,EXCELSOFT,544617,Excelsoft Technologies Limited,NSE,India,INE606N01019,,
EXHICON.BO,EXHICON,,543895,Exhicon Events Media Solutions,BSE,India,INE0O8901016,,
EXICOM.NS,EXICOM,EXICOM,544133,Exicom Tele-Systems Limited,NSE,India,INE777F01014,,
EXIDEIND.NS,EXIDEIND,EXIDEIND,500086,Exide Industries Limited,NSE,India,INE302A01020,Automobile and Auto Components,
EXIMROUTES.NS,EXIMROUTES,,,Exim Routes Limited,NSE,India,INE19I001020,,
EXPLEOSOL.NS,EXPLEOSOL,EXPLEOSOL,533121,Expleo Solutions Limited,NSE,India,INE201K01015,,
EXPLICITFIN.BO,EXPLICITFIN,,530571,EXPLICIT FINANCE LTD.,BSE,India,INE335G01019,,
EXPOEAPL.BO,EXPOEAPL,,526614,EXPO ENGINEERING AND PROJECTS,BSE,India,INE561D01025,,
EXXARO.NS,EXXARO,EXXARO,543327,Exxaro Tiles Limited,NSE,India,INE0GFE01026,,
EY.BO,EY,,512099,EYANTRA VENTURES LIMITED,BSE,India,INE750G01019,,
FAALCON.BO,FAALCON,,544164,Faalcon Concepts Limited,BSE,India,INE0Q9W01015,,
FABCLEAN.BO,FABCLEAN,,544332,Fabtech Cleanrooms Limited,BSE,India,INE0HSD01011,,
FABTECH.NS,FABTECH,FABTECH,544558,Fabtech Technologies Limited,NSE,India,INE0HF201011,,
FACORALL.BO,FACORALL,,532656,FACOR ALLOYS LTD.,BSE,India,INE828G01013,,
FACT.NS,FACT,FACT,590024,Fertilizers and Chemicals Travancore Limited,NSE,India,INE188A01015,Chemicals,
FAIRCHEMOR.NS,FAIRCHEMOR,FAIRCHEMOR,543252,Fairchem Organics Limited,NSE,India,INE0DNW01011,,
FALCONTECH.NS,FALCONTECH,,,Falcon Technoprojects India Limited,NSE,India,INE0PQK01013,,
FAMILYCARE.BO,FAMILYCARE,,516110,FAMILY CARE HOSPITALS LIMITED,BSE,India,INE146N01016,,
FARMPEACE.BO,FARMPEACE,,544905,Farm Peace Limited,BSE,India,INE0W2E01010,,
FASCINATE.NS,FASCINATE,,,Fascinate Textiles Limited,NSE,India,INE1Q2D01019,,
FAZE3Q.NS,FAZE3Q,FAZE3Q,530079,Faze Three Limited,NSE,India,INE963C01033,,
FCL.NS,FCL,FCL,533333,Fineotex Chemical Limited,NSE,India,INE045J01034,,
FCSSOFT.NS,FCSSOFT,FCSSOFT,532666,FCS Software Solutions Limited,NSE,India,INE512B01022,,
FDC.NS,FDC,FDC,531599,FDC Limited,NSE,India,INE258B01022,,
FEDDERSHOL.NS,FEDDERSHOL,FEDDERSHOL,511628,Fedders Holding Limited,NSE,India,INE417D01020,,
FEDERALBNK.NS,FEDERALBNK,FEDERALBNK,500469,The Federal Bank  Limited,NSE,India,INE171A01029,Financial Services,
FEDFINA.NS,FEDFINA,FEDFINA,544027,Fedbank Financial Services Limited,NSE,India,INE007N01010,,
FEL.NS,FEL,FEL,523574,Future Enterprises Limited,NSE,India,INE623B01027,,
FELDVR.NS,FELDVR,,,Future Enterprises Limited,NSE,India,IN9623B01058,,
FELIX.NS,FELIX,,,Felix Industries Limited,NSE,India,INE901X01013,,
FERMENTA.NS,FERMENTA,FERMENTA,506414,Fermenta Biotech Limited,NSE,India,INE225B01021,,
FERVENTSYN.BO,FERVENTSYN,,533896,FERVENT SYNERGIES LTD.,BSE,India,INE258M01011,,
FFPL.BO,FFPL,,513579,FOUNDRY FUEL PRODUCTS LTD.,BSE,India,INE617C01027,,
FGP.BO,FGP,,500142,FGP LTD.,BSE,India,INE512A01016,,
FIBERWEB.NS,FIBERWEB,FIBERWEB,507910,Fiberweb (India) Limited,NSE,India,INE296C01020,,
FIDEL.NS,FIDEL,,,Fidel Softech Limited,NSE,India,INE0LQQ01019,,
FIEMIND.NS,FIEMIND,FIEMIND,532768,Fiem Industries Limited,NSE,India,INE737H01014,,
FIL.BO,FIL,,544707,Fractal Industries Limited,BSE,India,INE1W3Q01011,,
FILATEX.NS,FILATEX,FILATEX,526227,Filatex India Limited,NSE,India,INE816B01035,,
FILATFASH.NS,FILATFASH,FILATFASH,532022,Filatex Fashions Limited,NSE,India,INE185E01021,,
FILME.BO,FILME,,531486,FILMCITY MEDIA LTD.,BSE,India,INE600B01033,,
FILTRA.BO,FILTRA,,539098,Filtra Consultants and Enginee,BSE,India,INE541R01019,,
FILTRON.BO,FILTRON,,531191,FILTRON ENGINEERS LTD.,BSE,India,INE589N01017,,
FINANCE.BO,FINANCE,,544907,Seksaria Finance Limited,BSE,India,INE0IBX01013,,
FINBUD.NS,FINBUD,,,Finbud Financial Services Limited,NSE,India,INE0EDU01014,,
FINCABLES.NS,FINCABLES,FINCABLES,500144,Finolex Cables Limited,NSE,India,INE235A01022,Capital Goods,
FINELINE.BO,FINELINE,,517264,FINE-LINE CIRCUITS LTD.,BSE,India,INE087E01011,,
FINEORG.NS,FINEORG,FINEORG,541557,Fine Organic Industries Limited,NSE,India,INE686Y01026,,
FINKURVE.NS,FINKURVE,FINKURVE,508954,Finkurve Financial Services Limited,NSE,India,INE734I01027,,
FINOPB.NS,FINOPB,FINOPB,543386,Fino Payments Bank Limited,NSE,India,INE02NC01014,,
FINPIPE.NS,FINPIPE,FINPIPE,500940,Finolex Industries Limited,NSE,India,INE183A01024,,
FIRSTCRY.NS,FIRSTCRY,FIRSTCRY,544226,Brainbees Solutions Limited,NSE,India,INE02RE01045,Consumer Services,
FIRSTFIN.BO,FIRSTFIN,,532379,FIRST FINTEC LIMITED,BSE,India,INE683B01047,,
FISCHER.NS,FISCHER,FISCHER,524743,Fischer Medical Ventures Limited,NSE,India,INE771F01041,,
FIVESTAR.NS,FIVESTAR,FIVESTAR,543663,Five-Star Business Finance Limited,NSE,India,INE128S01021,Financial Services,
FLAIR.NS,FLAIR,FLAIR,544030,Flair Writing Industries Limited,NSE,India,INE00Y201027,,
FLEXFO.BO,FLEXFO,,523672,FLEX FOODS LTD.,BSE,India,INE954B01018,,
FLEXITUFF.NS,FLEXITUFF,FLEXITUFF,533638,Flexituff Ventures International Limited,NSE,India,INE060J01017,,
FLFL.NS,FLFL,FLFL,536507,Future Lifestyle Fashions Limited,NSE,India,INE452O01016,,
FLOMIC.BO,FLOMIC,,504380,FLOMIC GLOBAL LOGISTICS LIMITE,BSE,India,INE952M01019,,
FLORACORP.BO,FLORACORP,,540267,Flora Corporation Limited,BSE,India,INE318U01016,,
FLUIDOM.BO,FLUIDOM,,522017,FLUIDOMAT LTD.,BSE,India,INE459C01016,,
FLUOROCHEM.NS,FLUOROCHEM,FLUOROCHEM,542812,Gujarat Fluorochemicals Limited,NSE,India,INE09N301011,Chemicals,
FLYHI.BO,FLYHI,,544904,FLY-HI MARITIME TRAVELS LIMITE,BSE,India,INE2J7801015,,
FLYSBS.NS,FLYSBS,,,FlySBS Aviation Limited,NSE,India,INE0VCK01011,,
FMGOETZE.NS,FMGOETZE,FMGOETZE,505744,Federal-Mogul Goetze (India) Limited.,NSE,India,INE529A01010,,
FMNL.NS,FMNL,FMNL,533296,Future Market Networks Limited,NSE,India,INE360L01017,,
FOCE.NS,FOCE,,,Foce India Limited,NSE,India,INE0I7D01019,,
FOCUS.BO,FOCUS,,543312,Focus Business Solution Limite,BSE,India,INE0DXR01010,,
FOCUS.NS,FOCUS,,,Focus Lighting and Fixtures Limited,NSE,India,INE593W01028,,
FONE4.BO,FONE4,,543521,Fone4 Communications (India) L,BSE,India,INE0L3H01014,,
FONEBOX.NS,FONEBOX,,,Fonebox Retail Limited,NSE,India,INE0Q4701019,,
FOODSIN.NS,FOODSIN,FOODSIN,507552,Foods & Inns Limited,NSE,India,INE976E01023,,
FORBESCO.BO,FORBESCO,,502865,FORBES & COMPANY LTD.,BSE,India,INE518A01013,,
FORCAS.NS,FORCAS,,,Forcas Studio Limited,NSE,India,INE0U2501017,,
FORCEMOT.NS,FORCEMOT,FORCEMOT,500033,FORCE MOTORS LTD,NSE,India,INE451A01017,Automobile and Auto Components,
FORGEAUTO.NS,FORGEAUTO,,,Forge Auto International Limited,NSE,India,INE0YKW01013,,
FORINTL.BO,FORINTL,,530213,FORTUNE INTERNATIONAL LTD.,BSE,India,INE501D01013,,
FORTIS.NS,FORTIS,FORTIS,532843,Fortis Healthcare Limited,NSE,India,INE061F01013,Healthcare,
FORTISMLR.BO,FORTISMLR,,523696,FORTIS MALAR HOSPITALS LIMITED,BSE,India,INE842B01015,,
FOSECOC.BO,FOSECOC,,523160,FOSECO CRUCIBLE INDIA LIMITED,BSE,India,INE599F01020,,
FOSECOIND.NS,FOSECOIND,FOSECOIND,500150,Foseco India Limited,NSE,India,INE519A01011,,
FRACTAL.NS,FRACTAL,FRACTAL,544700,Fractal Analytics Limited,NSE,India,INE212S01015,Information Technology,
FRANKLININD.BO,FRANKLININD,,540190,Franklin Industries Limited,BSE,India,INE789R01022,,
FRASER.BO,FRASER,,539032,Fraser And Company Limited,BSE,India,INE184Q01010,,
FRATELLI.BO,FRATELLI,,541741,Fratelli Vineyards Limited,BSE,India,INE401Z01019,,
FREDUN.NS,FREDUN,FREDUN,539730,Fredun Pharmaceuticals Limited,NSE,India,INE194R01017,,
FRESHARA.NS,FRESHARA,,,Freshara Agro Exports Limited,NSE,India,INE0SFW01015,,
FRESITA.BO,FRESITA,,519242,FRESITA PROTEINS LIMITED,BSE,India,INE995U01011,,
FROG.NS,FROG,,,Frog Innovations Limited,NSE,India,INE385O01018,,
FRONTCAP.BO,FRONTCAP,,508980,FRONTIER CAPITAL LIMITED,BSE,India,INE977E01013,,
FRONTCORP.BO,FRONTCORP,,532042,FRONTLINE CORPORATION LTD.,BSE,India,INE092D01013,,
FRONTSP.NS,FRONTSP,FRONTSP,522195,Frontier Springs Limited,NSE,India,INE572D01014,,
FRUTION.BO,FRUTION,,538568,FRUITION VENTURE LTD,BSE,India,INE836C01015,,
FSL.NS,FSL,FSL,532809,Firstsource Solutions Limited,NSE,India,INE684F01012,Services,
FTL.BO,FTL,,544173,Finelistings Technologies Limi,BSE,India,INE0QOQ01013,,
FUNDVISER.BO,FUNDVISER,,530197,FUNDVISER CAPITAL (INDIA) LIMI,BSE,India,INE365H01014,,
FUSION.NS,FUSION,FUSION,543652,Fusion Finance Limited,NSE,India,INE139R01012,,
FUTSOL.BO,FUTSOL,,534063,FUTURISTIC SOLUTIONS LTD.,BSE,India,INE241F01011,,
FWSTC.NS,FWSTC,,,Flywings Simulator Training Centre Limited,NSE,India,INE0SQZ01015,,
FXML.BO,FXML,,544941,FX Multitech Limited,BSE,India,INE1D0M01019,,
FYNX.BO,FYNX,,507962,FYNX CAPITAL LIMITED,BSE,India,INE455H01021,,
GABRIEL.NS,GABRIEL,GABRIEL,505714,Gabriel India Limited,NSE,India,INE524A01029,Automobile and Auto Components,
GAEL.NS,GAEL,GAEL,524226,Gujarat Ambuja Exports Limited,NSE,India,INE036B01030,,
GAGAN.BO,GAGAN,,524624,GAGAN GASES LTD.,BSE,India,INE076D01016,,
GAIL.NS,GAIL,GAIL,532155,GAIL (India) Limited,NSE,India,INE129A01019,Oil Gas & Consumable Fuels,
GAJA.NS,GAJA,GAJA,544885,Gaja Alternative Asset Management Limited,NSE,India,INE18UN01038,,
GAJANAND.NS,GAJANAND,,,Gajanand International Limited,NSE,India,INE0QTE01018,,
GAJANANSEC.BO,GAJANANSEC,,538609,GAJANAN SECURITIES SERVICES LT,BSE,India,INE868G01019,,
GALACTICO.BO,GALACTICO,,542802,Galactico Corporate Services L,BSE,India,INE906Y01028,,
GALADA.BO,GALADA,,504697,GALADA POWER & TELECOMMUNICATI,BSE,India,INE255C01026,,
GALADAFIN.BO,GALADAFIN,,538881,Galada Finance Limited,BSE,India,INE243E01010,,
GALAGEX.BO,GALAGEX,,531911,GALAXY AGRICO EXPORTS LTD.,BSE,India,INE803L01016,,
GALAPREC.NS,GALAPREC,GALAPREC,544244,Gala Precision Engineering Limited,NSE,India,INE0RE001014,,
GALAXYSURF.NS,GALAXYSURF,GALAXYSURF,540935,Galaxy Surfactants Limited,NSE,India,INE600K01018,,
GALLANTT.NS,GALLANTT,GALLANTT,532726,Gallantt Ispat Limited,NSE,India,INE297H01019,Capital Goods,
GALLARD.BO,GALLARD,,544616,Gallard Steel Limited,BSE,India,INE0BUQ01012,,
GALLOPENT.BO,GALLOPENT,,531902,GALLOPS ENTERPRISE LTD.,BSE,India,INE755J01012,,
GALXBRG.BO,GALXBRG,,526073,GALAXY BEARINGS LTD.,BSE,India,INE020S01012,,
GAMCO.BO,GAMCO,,540097,GAMCO LIMITED,BSE,India,INE890S01026,,
GANDHAR.NS,GANDHAR,GANDHAR,544029,Gandhar Oil Refinery (India) Limited,NSE,India,INE717W01049,,
GANDHITUBE.NS,GANDHITUBE,GANDHITUBE,513108,Gandhi Special Tubes Limited,NSE,India,INE524B01027,,
GANECOS.NS,GANECOS,GANECOS,514167,Ganesha Ecosphere Limited,NSE,India,INE845D01014,,
GANESHBE.NS,GANESHBE,GANESHBE,500153,Ganesh Benzoplast Limited,NSE,India,INE388A01029,,
GANESHCP.NS,GANESHCP,GANESHCP,544528,Ganesh Consumer Products Limited,NSE,India,INE652V01016,,
GANESHHOU.NS,GANESHHOU,GANESHHOU,526367,GANESH HOUSING LIMITED,NSE,India,INE460C01014,,
GANESHIN.NS,GANESHIN,,,Ganesh Infraworld Limited,NSE,India,INE0TVT01024,,
GANGABATH.NS,GANGABATH,,,Ganga Bath Fittings Limited,NSE,India,INE0ZI101018,,
GANGAFORGE.NS,GANGAFORGE,,,Ganga Forging Limited,NSE,India,INE691Z01023,,
GANGAPA.BO,GANGAPA,,531813,GANGA PAPERS INDIA LTD.,BSE,India,INE278O01015,,
GANGESSECU.NS,GANGESSECU,GANGESSECU,540647,Ganges Securities Limited,NSE,India,INE335W01016,,
GANHOLD.BO,GANHOLD,,504397,GANESH HOLDINGS LTD.,BSE,India,INE932M01011,,
GANONPRO.BO,GANONPRO,,512443,Ganon Products Limited,BSE,India,INE162L01017,,
GANVERSE.BO,GANVERSE,,539041,GANESHA ECOVERSE LIMITED,BSE,India,INE369Q01017,,
GARBIFIN.BO,GARBIFIN,,539492,Garbi Finvest Limited,BSE,India,INE721C01019,,
GARFIBRES.NS,GARFIBRES,GARFIBRES,509557,Garware Technical Fibres Limited,NSE,India,INE276A01018,,
GARGFUR.BO,GARGFUR,,530615,GARG FURNACE LTD.,BSE,India,INE194E01015,,
GARGI.BO,GARGI,,543709,PNGS GARGI FASHION JEWELLERY L,BSE,India,INE0NT601018,,
GARMNTMNTR.BO,GARMNTMNTR,,539216,GARMENT MANTRA LIFESTYLE LIMIT,BSE,India,INE653S01028,,
GARNET.BO,GARNET,,526727,GARNET CONSTRUCTION LTD.,BSE,India,INE797D01017,,
GARNETINT.BO,GARNETINT,,512493,GARNET INTERNATIONAL LTD.,BSE,India,INE590B01010,,
GARUDA.NS,GARUDA,GARUDA,544271,Garuda Construction and Engineering Limited,NSE,India,INE0JVO01026,,
GARWAMAR.BO,GARWAMAR,,509563,GARWARE MARINE INDUSTRIES LTD.,BSE,India,INE925D01014,,
GARWAOFFS.BO,GARWAOFFS,,501848,GARWARE OFFSHORE SERVICES LIMI,BSE,India,INE446C01013,,
GARWSYN.BO,GARWSYN,,514400,GARWARE SYNTHETICS LTD.,BSE,India,INE340D01016,,
GATECH.NS,GATECH,GATECH,531723,GACM Technologies Limited,NSE,India,INE224E01028,,
GATECHDVR.NS,GATECHDVR,GATECHDVR,570005,GACM Technologies Limited,NSE,India,INE224E01036,,
GATEWAY.NS,GATEWAY,GATEWAY,543489,Gateway Distriparks Limited,NSE,India,INE079J01017,,
GAUDIUMIVF.NS,GAUDIUMIVF,GAUDIUMIVF,544709,Gaudium IVF and Women Health Limited,NSE,India,INE0P8B01020,,
GAYAHWS.NS,GAYAHWS,GAYAHWS,541546,Gayatri Highways Limited,NSE,India,INE287Z01012,,
GAYAPROJ.NS,GAYAPROJ,GAYAPROJ,532767,Gayatri Projects Limited,NSE,India,INE336H01023,,
GAYATRI.BO,GAYATRI,,532183,GAYATRI SUGARS LTD.,BSE,India,INE622E01023,,
GAYATRIBI.BO,GAYATRIBI,,524564,GAYATRI BIOORGANICS LTD.,BSE,India,INE052E01015,,
GBFL.BO,GBFL,,538787,Goenka Business & Finance Limi,BSE,India,INE997C01015,,
GBLINFRA.BO,GBLINFRA,,531463,GLOBAL INFRATECH & FINANCE LIM,BSE,India,INE377M01043,,
GBLOGISTIC.BO,GBLOGISTIC,,544348,GB Logistics Commerce Limited,BSE,India,INE0RWU01016,,
GCHOTELS.NS,GCHOTELS,,,Grand Continent Hotels Limited,NSE,India,INE12E301017,,
GCMCAPI.BO,GCMCAPI,,538319,GCM CAPITAL ADVISORS LTD,BSE,India,INE191P01017,,
GCMCOMM.BO,GCMCOMM,,535917,GCM COMMODITY & DERIVATIVES LT,BSE,India,INE200P01016,,
GCMSECU.BO,GCMSECU,,535431,GCM SECURITIES LTD,BSE,India,INE168O01026,,
GCONNECT.BO,GCONNECT,,544156,Gconnect Logitech and Supply C,BSE,India,INE0QHY01011,,
GCSL.NS,GCSL,GCSL,543324,Gretex Corporate Services Limited,NSE,India,INE199P01028,,
GDLLEAS.BO,GDLLEAS,,530855,GDL LEASING & FINANCE LTD.,BSE,India,INE545E01018,,
GEE.BO,GEE,,504028,GEE LTD.,BSE,India,INE064H01021,,
GEECEE.NS,GEECEE,GEECEE,532764,GeeCee Ventures Limited,NSE,India,INE916G01016,,
GEEKAYWIRE.NS,GEEKAYWIRE,,,Geekay Wires Limited,NSE,India,INE669X01032,,
GEETANJ.BO,GEETANJ,,539486,Geetanjali Credit And Capital,BSE,India,INE263R01010,,
GEL.BO,GEL,,540613,Gautam Exim Limited,BSE,India,INE721X01023,,
GEMAROMA.NS,GEMAROMA,GEMAROMA,544491,Gem Aromatics Limited,NSE,India,INE06XZ01023,,
GEMENVIRO.BO,GEMENVIRO,,544199,GEM Enviro Management Limited,BSE,India,INE0RUJ01013,,
GEMSI.BO,GEMSI,,531137,GEMSTONE INVESTMENTS LTD.,BSE,India,INE503D01027,,
GEMSPIN.BO,GEMSPIN,,521133,GEM SPINNERS INDIA LTD.,BSE,India,INE165F01020,,
GENCON.NS,GENCON,GENCON,539407,Generic Engineering Construction and Projects Limited,NSE,India,INE854S01022,,
GENESYS.NS,GENESYS,GENESYS,506109,Genesys International Corporation Limited,NSE,India,INE727B01026,,
GENNEX.BO,GENNEX,,531739,GENNEX LABORATORIES LTD.,BSE,India,INE509C01026,,
GENPHARMA.BO,GENPHARMA,,531592,GENPHARMASEC LIMITED,BSE,India,INE861N01036,,
GENSOL.NS,GENSOL,GENSOL,542851,Gensol Engineering Limited,NSE,India,INE06H201014,,
GENUSPAPER.NS,GENUSPAPER,GENUSPAPER,538961,Genus Paper & Boards Limited,NSE,India,INE949P01018,,
GENUSPOWER.NS,GENUSPOWER,GENUSPOWER,530343,Genus Power Infrastructures Limited,NSE,India,INE955D01029,,
GENUSPRIME.BO,GENUSPRIME,,532425,GENUS PRIME INFRA LIMITED,BSE,India,INE256D01014,,
GENXAI.NS,GENXAI,,,GenXAI Analytics Limited,NSE,India,INE1W0N01014,,
GEOJITFSL.NS,GEOJITFSL,GEOJITFSL,532285,Geojit Financial Services Limited,NSE,India,INE007B01023,,
GERMAN.NS,GERMAN,GERMAN,544957,German Green Steel and Power Limited,NSE,India,INE0D4501011,,
GESHIP.NS,GESHIP,GESHIP,500620,The Great Eastern Shipping Company Limited,NSE,India,INE017A01032,Services,
GFLLIMITED.NS,GFLLIMITED,GFLLIMITED,500173,GFL Limited,NSE,India,INE538A01037,,
GFSTEELS.NS,GFSTEELS,GFSTEELS,513343,Grand Foundry Limited,NSE,India,INE534A01028,,
GGAUTO.BO,GGAUTO,,531399,G.G.AUTOMOTIVE GEARS LTD.,BSE,India,INE493B01017,,
GGBL.NS,GGBL,,,Ganesh Green Bharat Limited,NSE,India,INE0R8C01018,,
GGDPROP.BO,GGDPROP,,505250,G. G. Dandekar Properties Limi,BSE,India,INE631D01026,,
GGL.BO,GGL,,540936,Gautam Gems Limited,BSE,India,INE063Z01017,,
GGPL.BO,GGPL,,539228,Gala Global Products Limited,BSE,India,INE480S01026,,
GHCL.NS,GHCL,GHCL,500171,GHCL Limited,NSE,India,INE539A01019,,
GHCLTEXTIL.NS,GHCLTEXTIL,GHCLTEXTIL,543918,GHCL Textiles Limited,NSE,India,INE0PA801013,,
GHVINFRA.BO,GHVINFRA,,505504,GHV INFRA PROJECTS LIMITED,BSE,India,INE809Q01020,,
GIANLIFE.BO,GIANLIFE,,542918,Gian Life Care Limited,BSE,India,INE063601012,,
GICHSGFIN.NS,GICHSGFIN,GICHSGFIN,511676,GIC Housing Finance Limited,NSE,India,INE289B01019,,
GICL.NS,GICL,,,Globe International Carriers Limited,NSE,India,INE947T01022,,
GICRE.NS,GICRE,GICRE,540755,General Insurance Corporation of India,NSE,India,INE481Y01014,Financial Services,
GILADAFINS.BO,GILADAFINS,,538788,Gilada Finance & Investments L,BSE,India,INE918C01029,,
GILLANDERS.NS,GILLANDERS,GILLANDERS,532716,Gillanders Arbuthnot & Company Limited,NSE,India,INE047B01011,,
GILLETTE.NS,GILLETTE,GILLETTE,507815,Gillette India Limited,NSE,India,INE322A01010,Fast Moving Consumer Goods,
GINISILK.BO,GINISILK,,531744,GINI SILK MILLS LTD.,BSE,India,INE548B01018,,
GINNIFILA.NS,GINNIFILA,GINNIFILA,590025,Ginni Filaments Limited,NSE,India,INE424C01010,,
GIPCL.NS,GIPCL,GIPCL,517300,Gujarat Industries Power Company Limited,NSE,India,INE162A01010,,
GIRIRAJ.NS,GIRIRAJ,,,Giriraj Civil Developers Limited,NSE,India,INE614Z01017,,
GITARENEW.BO,GITARENEW,,539013,GITA RENEWABLE ENERGY LIMITED,BSE,India,INE776O01018,,
GJL.NS,GJL,,,Grover Jewells Limited,NSE,India,INE1TY801010,,
GKB.NS,GKB,GKB,533212,GKB Ophthalmics Limited,NSE,India,INE265D01015,,
GKCONS.BO,GKCONS,,531758,G.K.CONSULTANTS LTD.,BSE,India,INE131D01019,,
GKENERGY.NS,GKENERGY,GKENERGY,544525,GK Energy Limited,NSE,India,INE1AG301022,,
GKL.BO,GKL,,540545,GURU KRUPA GEMS AND JEWELLERY,BSE,India,INE986W01016,,
GKP.BO,GKP,,542666,G. K. P. Printing & Packaging,BSE,India,INE05QJ01015,,
GKSL.NS,GKSL,GKSL,544666,Gujarat Kidney And Super Speciality Limited,NSE,India,INE0V0W01025,,
GKWLIMITED.NS,GKWLIMITED,,,GKW Limited,NSE,India,INE528A01020,,
GLANCE.BO,GLANCE,,531199,GLANCE FINANCE LTD.,BSE,India,INE580D01017,,
GLAND.NS,GLAND,GLAND,543245,Gland Pharma Limited,NSE,India,INE068V01023,Healthcare,
GLASSWALL.NS,GLASSWALL,GLASSWALL,544913,Glass Wall Systems (India) Limited,NSE,India,INE644Q01039,,
GLAXO.NS,GLAXO,GLAXO,500660,GlaxoSmithKline Pharmaceuticals Limited,NSE,India,INE159A01016,Healthcare,
GLCL.BO,GLCL,,540266,Globe Commercials Limited,BSE,India,INE804Q01013,,
GLEN.BO,GLEN,,544444,Glen Industries Limited,BSE,India,INE0UMC01019,,
GLENMARK.NS,GLENMARK,GLENMARK,532296,Glenmark Pharmaceuticals Limited,NSE,India,INE935A01035,Healthcare,
GLFL.NS,GLFL,GLFL,500174,Gujarat Lease Financing Limited,NSE,India,INE540A01017,,
GLHRL.BO,GLHRL,,543520,Global Longlife Hospital and R,BSE,India,INE0J2K01014,,
GLITTEKG.BO,GLITTEKG,,513528,GLITTEK GRANITES LTD.,BSE,India,INE741B01027,,
GLOBAL.NS,GLOBAL,,,Global Education Limited,NSE,India,INE291W01037,,
GLOBALCA.BO,GLOBALCA,,530263,GLOBAL CAPITAL MARKETS LTD.,BSE,India,INE062C01042,,
GLOBALE.NS,GLOBALE,GLOBALE,544234,Globale Tessile Limited,NSE,India,INE0URU01010,,
GLOBALLOG.BO,GLOBALLOG,,544665,Global Ocean Logistics India L,BSE,India,INE1ITY01011,,
GLOBALPET.NS,GLOBALPET,,,Global Pet Industries Limited,NSE,India,INE0PS501019,,
GLOBALVECT.NS,GLOBALVECT,GLOBALVECT,532773,Global Vectra Helicorp Limited,NSE,India,INE792H01019,,
GLOBE.NS,GLOBE,,,GLOBE ENTERPRISES (INDIA) LIMITED,NSE,India,INE581X01021,,
GLOBECIVIL.NS,GLOBECIVIL,GLOBECIVIL,544424,Globe Civil Projects Limited,NSE,India,INE0V3U01015,,
GLOBTIER.BO,GLOBTIER,,544494,Globtier Infotech limited,BSE,India,INE12P601017,,
GLOBUSCON.BO,GLOBUSCON,,526025,GLOBUS CONSTRUCTORS & DEVELOPE,BSE,India,INE064L01015,,
GLOBUSSPR.NS,GLOBUSSPR,GLOBUSSPR,533104,Globus Spirits Limited,NSE,India,INE615I01010,,
GLOSTERLTD.NS,GLOSTERLTD,GLOSTERLTD,542351,Gloster Limited,NSE,India,INE350Z01018,,
GLOTTIS.NS,GLOTTIS,GLOTTIS,544557,Glottis Limited,NSE,India,INE0TQE01026,,
GLPL.BO,GLPL,,544759,GOLDLINE PHARMACEUTICAL LIMITE,BSE,India,INE1CLW01015,,
GMBREW.NS,GMBREW,GMBREW,507488,GM Breweries Limited,NSE,India,INE075D01018,,
GMDCLTD.NS,GMDCLTD,GMDCLTD,532181,Gujarat Mineral Development Corporation Limited,NSE,India,INE131A01031,Metals & Mining,
GML.NS,GML,,,Galaxy Medicare Limited,NSE,India,INE09A801015,,
GMMPFAUDLR.NS,GMMPFAUDLR,GMMPFAUDLR,505255,GMM Pfaudler Limited,NSE,India,INE541A01023,,
GMPL.BO,GMPL,,543239,G M Polyplast Limited,BSE,India,INE0E2801015,,
GMRAIRPORT.NS,GMRAIRPORT,GMRAIRPORT,532754,GMR AIRPORTS LIMITED,NSE,India,INE776C01039,Services,
GMRP&UI.NS,GMRP&UI,GMRP&UI,543490,GMR Power and Urban Infra Limited,NSE,India,INE0CU601026,,
GNA.NS,GNA,GNA,540124,GNA Axles Limited,NSE,India,INE934S01014,,
GNFC.NS,GNFC,GNFC,500670,Gujarat Narmada Valley Fertilizers and Chemicals Limited,NSE,India,INE113A01013,,
GNRL.NS,GNRL,GNRL,513536,Gujarat Natural Resources Limited,NSE,India,INE207H01018,,
GOACARBON.NS,GOACARBON,GOACARBON,509567,Goa Carbon Limited,NSE,India,INE426D01013,,
GOBLIN.BO,GOBLIN,,542850,GOBLIN INDIA LIMITED,BSE,India,INE492Z01018,,
GOCLCORP.NS,GOCLCORP,GOCLCORP,506480,GOCL Corporation Limited,NSE,India,INE077F01035,,
GOCOLORS.NS,GOCOLORS,GOCOLORS,543401,Go Fashion (India) Limited,NSE,India,INE0BJS01011,,
GODAVARI.BO,GODAVARI,,530317,GODAVARI DRUGS LTD.,BSE,India,INE362C01012,,
GODAVARIB.NS,GODAVARIB,GODAVARIB,544279,Godavari Biorefineries Limited,NSE,India,INE497S01012,,
GODFRYPHLP.NS,GODFRYPHLP,GODFRYPHLP,500163,Godfrey Phillips India Limited,NSE,India,INE260B01028,Fast Moving Consumer Goods,
GODIGIT.NS,GODIGIT,GODIGIT,544179,Go Digit General Insurance Limited,NSE,India,INE03JT01014,,
GODREJAGRO.NS,GODREJAGRO,GODREJAGRO,540743,Godrej Agrovet Limited,NSE,India,INE850D01014,,
GODREJCP.NS,GODREJCP,GODREJCP,532424,Godrej Consumer Products Limited,NSE,India,INE102D01028,Fast Moving Consumer Goods,
GODREJIND.NS,GODREJIND,GODREJIND,500164,Godrej Industries Limited,NSE,India,INE233A01035,Diversified,
GODREJPROP.NS,GODREJPROP,GODREJPROP,533150,Godrej Properties Limited,NSE,India,INE484J01027,Realty,
GOEL.BO,GOEL,,543538,Goel Food Products Limited,BSE,India,INE0K6L01010,,
GOELCONS.BO,GOELCONS,,544504,GOEL CONSTRUCTION COMPANY LIMI,BSE,India,INE0ZOM01013,,
GOGIACAPGL.BO,GOGIACAPGL,,531600,GOGIA CAPITAL GROWTH LIMITED,BSE,India,INE832C01014,,
GOKAKTEX.BO,GOKAKTEX,,532957,GOKAK TEXTILES LTD.,BSE,India,INE642I01014,,
GOKEX.NS,GOKEX,GOKEX,532630,Gokaldas Exports Limited,NSE,India,INE887G01027,,
GOKUL.NS,GOKUL,GOKUL,532980,Gokul Refoils and Solvent Limited,NSE,India,INE020J01029,,
GOKULAGRO.NS,GOKULAGRO,GOKULAGRO,539725,Gokul Agro Resources Limited,NSE,India,INE314T01033,,
GOLCA.BO,GOLCA,,531928,GOLDEN CARPETS LTD.,BSE,India,INE595D01015,,
GOLDCOINHF.BO,GOLDCOINHF,,538542,GOLD COIN HEALTH FOODS LTD,BSE,India,INE634J01027,,
GOLDENCREST.BO,GOLDENCREST,,540062,Golden Crest Education & Servi,BSE,India,INE222U01010,,
GOLDENTOBC.NS,GOLDENTOBC,GOLDENTOBC,500151,Golden Tobacco Limited,NSE,India,INE973A01010,,
GOLDIAM.NS,GOLDIAM,GOLDIAM,526729,Goldiam International Limited,NSE,India,INE025B01025,,
GOLDKART.NS,GOLDKART,,,Goldkart Jewels Limited,NSE,India,INE06MH01016,,
GOLDLEG.BO,GOLDLEG,,509024,GOLDEN LEGAND LEASING & FINANC,BSE,India,INE088E01019,,
GOLDSTAR.NS,GOLDSTAR,,,Goldstar Power Limited,NSE,India,INE405Y01021,,
GOLDTECH.NS,GOLDTECH,GOLDTECH,531439,AION-TECH SOLUTIONS LIMITED,NSE,India,INE805A01014,,
GOLECHA.BO,GOLECHA,,531360,GOLECHHA GLOBAL FINANCE LTD.,BSE,India,INE427D01011,,
GOLKUNDIA.BO,GOLKUNDIA,,523676,GOLKUNDA DIAMONDS & JEWELLERY,BSE,India,INE798D01015,,
GOODLUCK.NS,GOODLUCK,GOODLUCK,530655,Goodluck India Limited,NSE,India,INE127I01024,,
GOODRICKE.BO,GOODRICKE,,500166,GOODRICKE GROUP LTD.,BSE,India,INE300A01016,,
GOODYEAR.NS,GOODYEAR,GOODYEAR,500168,Goodyear India Limited,NSE,India,INE533A01012,,
GOPAL.NS,GOPAL,GOPAL,544140,Gopal Snacks Limited,NSE,India,INE0L9R01028,,
GORANIN.BO,GORANIN,,531608,GORANI INDUSTRIES LTD.,BSE,India,INE792J01015,,
GOTHIPL.BO,GOTHIPL,,531111,GOTHI PLASCON (INDIA) LTD.,BSE,India,INE538G01018,,
GOURMET.BO,GOURMET,,506134,GOURMET GATEWAY INDIA LIMITED,BSE,India,INE512D01028,,
GOWRALE.BO,GOWRALE,,530709,GOWRA LEASING & FINANCE LTD.,BSE,India,INE225G01012,,
GOYALALUM.NS,GOYALALUM,GOYALALUM,541152,Goyal Aluminiums Limited,NSE,India,INE705X01026,,
GOYALASS.BO,GOYALASS,,530663,GOYAL ASSOCIATES LTD.,BSE,India,INE912B01032,,
GOYALSALT.NS,GOYALSALT,,,Goyal Salt Limited,NSE,India,INE0QFE01017,,
GPAPL.BO,GPAPL,,544548,GUJARAT PEANUT AND AGRI PRODUC,BSE,India,INE0SIK01014,,
GPECO.NS,GPECO,,,GP Eco Solutions India Limited,NSE,India,INE0S7E01015,,
GPIL.NS,GPIL,GPIL,532734,Godawari Power And Ispat limited,NSE,India,INE177H01039,Capital Goods,
GPPL.NS,GPPL,GPPL,533248,Gujarat Pipavav Port Limited,NSE,India,INE517F01014,,
GPSL.BO,GPSL,,544108,Gabriel Pet Straps Limited,BSE,India,INE0QZF01012,,
GPTHEALTH.NS,GPTHEALTH,GPTHEALTH,544131,GPT Healthcare Limited,NSE,India,INE486R01017,,
GPTINFRA.NS,GPTINFRA,GPTINFRA,533761,GPT Infraprojects Limited,NSE,India,INE390G01014,,
GRADIENTE.NS,GRADIENTE,,,Gradiente Infotainment Limited,NSE,India,INE361K01017,,
GRAMEVA.BO,GRAMEVA,,539120,GRAMEVA LIMITED,BSE,India,INE578R01011,,
GRANDMA.BO,GRANDMA,,504369,GRANDMA TRADING & AGENCIES LTD,BSE,India,INE927M01029,,
GRANDOAK.NS,GRANDOAK,GRANDOAK,523862,Grand Oak Canyons Distillery Limited,NSE,India,INE926B01016,,
GRANULES.NS,GRANULES,GRANULES,532482,Granules India Limited,NSE,India,INE101D01020,Healthcare,
GRAPHISAD.NS,GRAPHISAD,,,Graphisads Limited,NSE,India,INE0POU01017,,
GRAPHITE.NS,GRAPHITE,GRAPHITE,509488,Graphite India Limited,NSE,India,INE371A01025,Capital Goods,
GRASIM.NS,GRASIM,GRASIM,500300,Grasim Industries Limited,NSE,India,INE047A01021,Construction Materials,Y
GRATEXI.BO,GRATEXI,,526751,GRATEX INDUSTRIES LTD.,BSE,India,INE915E01013,,
GRAUWEIL.NS,GRAUWEIL,GRAUWEIL,505710,Grauer & Weil India Limited,NSE,India,INE266D01021,,
GRAVISSHO.NS,GRAVISSHO,GRAVISSHO,509546,Graviss Hospitality Limited,NSE,India,INE214F01026,,
GRAVITA.NS,GRAVITA,GRAVITA,533282,Gravita India Limited,NSE,India,INE024L01027,Metals & Mining,
GRAVITY.BO,GRAVITY,,532015,GRAVITY (INDIA) LTD.,BSE,India,INE995A01013,,
GRCL.NS,GRCL,,,Gayatri Rubbers And Chemicals Limited,NSE,India,INE0LVM01018,,
GREAVESCOT.NS,GREAVESCOT,GREAVESCOT,501455,Greaves Cotton Limited,NSE,India,INE224A01026,,
GREENCHEF.NS,GREENCHEF,,,Greenchef Appliances Limited,NSE,India,INE0O7P01015,,
GREENCREST.BO,GREENCREST,,531737,GREENCREST FINANCIAL SERVICES,BSE,India,INE414C01045,,
GREENLAM.NS,GREENLAM,GREENLAM,538979,Greenlam Industries Limited,NSE,India,INE544R01021,,
GREENLEAF.NS,GREENLEAF,,,Greenleaf Envirotech Limited,NSE,India,INE0PLX01017,,
GREENPANEL.NS,GREENPANEL,GREENPANEL,542857,Greenpanel Industries Limited,NSE,India,INE08ZM01014,,
GREENPLY.NS,GREENPLY,GREENPLY,526797,Greenply Industries Limited,NSE,India,INE461C01038,,
GREENPOWER.NS,GREENPOWER,GREENPOWER,533263,Orient Green Power Company Limited,NSE,India,INE999K01014,,
GRERENEW.BO,GRERENEW,,544682,GRE Renew Enertech Limited,BSE,India,INE0U8P01015,,
GRETEX.NS,GRETEX,,,Gretex Industries Limited,NSE,India,INE985P01012,,
GRINDWELL.NS,GRINDWELL,GRINDWELL,506076,Grindwell Norton Limited,NSE,India,INE536A01023,,
GRINFRA.NS,GRINFRA,GRINFRA,543317,G R Infraprojects Limited,NSE,India,INE201P01022,,
GRMOVER.NS,GRMOVER,GRMOVER,531449,GRM Overseas Limited,NSE,India,INE192H01020,,
GROARC.BO,GROARC,,532315,GROARC INDUSTRIES INDIA LIMITE,BSE,India,INE042B01012,,
GROBTEA.NS,GROBTEA,,,The Grob Tea Company Limited,NSE,India,INE646C01018,,
GROVY.BO,GROVY,,539522,Grovy India Limited,BSE,India,INE343C01012,,
GROWINGTON.BO,GROWINGTON,,539222,GROWINGTON VENTURES INDIA LIMI,BSE,India,INE451S01027,,
GROWW.NS,GROWW,GROWW,544603,Billionbrains Garage Ventures Limited,NSE,India,INE0HOQ01053,Financial Services,
GRPLTD.NS,GRPLTD,GRPLTD,509152,GRP Limited,NSE,India,INE137I01015,,
GRSE.NS,GRSE,GRSE,542011,Garden Reach Shipbuilders & Engineers Limited,NSE,India,INE382Z01011,Capital Goods,
GRWRHITECH.NS,GRWRHITECH,GRWRHITECH,500655,Garware Hi-Tech Films Limited,NSE,India,INE291A01017,,
GSAUTO.BO,GSAUTO,,513059,G.S.AUTO INTERNATIONAL LTD.,BSE,India,INE736H01024,,
GSBFIN.BO,GSBFIN,,511543,GSB FINANCE LTD.,BSE,India,INE777C01011,,
GSFC.NS,GSFC,GSFC,500690,Gujarat State Fertilizers & Chemicals Limited,NSE,India,INE026A01025,,
GSLSEC.BO,GSLSEC,,530469,GSL SECURITIES LTD.,BSE,India,INE721D01017,,
GSLSU.NS,GSLSU,GSLSU,543829,Global Surfaces Limited,NSE,India,INE0JSX01015,,
GSLTD.BO,GSLTD,,506186,GALAXY SUPERMARKET LIMITED,BSE,India,INE403B01016,,
GSMFOILS.NS,GSMFOILS,,,GSM Foils Limited,NSE,India,INE0SQY01018,,
GSPCROP.NS,GSPCROP,GSPCROP,544733,GSP Crop Science Limited,NSE,India,INE713R01022,,
GSPLTRANS.NS,GSPLTRANS,GSPLTRANS,544801,GSPL Transmission Limited,NSE,India,INE1TUG01013,,
GSS.NS,GSS,GSS,532951,GSS Infotech Limited,NSE,India,INE871H01011,,
GSTL.BO,GSTL,,540654,GlobalSpace Technologies Limit,BSE,India,INE632W01016,,
GSTL.NS,GSTL,,,Globesecure Technologies Limited,NSE,India,INE00WS01056,,
GTECJAINX.NS,GTECJAINX,,,G-TEC JAINX EDUCATION LIMITED,NSE,India,INE586X01012,,
GTEIT.BO,GTEIT,,532139,G-TECH INFO-TRAINING LTD.,BSE,India,INE634D01038,,
GTIL.BO,GTIL,,544675,Gabion Technologies India Limi,BSE,India,INE1H1501013,,
GTL.NS,GTL,GTL,500160,GTL Limited,NSE,India,INE043A01012,,
GTLINFRA.NS,GTLINFRA,GTLINFRA,532775,GTL Infrastructure Limited,NSE,India,INE221H01019,,
GTNINDS.BO,GTNINDS,,500170,GTN INDUSTRIES LTD.,BSE,India,INE537A01013,,
GTNTEX.BO,GTNTEX,,532744,GTN TEXTILES LTD.,BSE,India,INE302H01017,,
GTPL.NS,GTPL,GTPL,540602,GTPL Hathway Limited,NSE,India,INE869I01013,,
GTTDATA.BO,GTTDATA,,530457,GTT DATA SOLUTIONS LIMITED,BSE,India,INE959B01017,,
GTV.BO,GTV,,539479,GTV Engineering Limited,BSE,India,INE910R01024,,
GUFICBIO.NS,GUFICBIO,GUFICBIO,509079,Gufic Biosciences Limited,NSE,India,INE742B01025,,
GUJALKALI.NS,GUJALKALI,GUJALKALI,530001,Gujarat Alkalies and Chemicals Limited,NSE,India,INE186A01019,,
GUJAPOLLO.NS,GUJAPOLLO,GUJAPOLLO,522217,Gujarat Apollo Industries Limited,NSE,India,INE826C01016,,
GUJARATPOLY.BO,GUJARATPOLY,,517288,Gujarat Poly Electronics Limit,BSE,India,INE541F01022,,
GUJCONT.BO,GUJCONT,,513507,GUJARAT CONTAINERS LTD.,BSE,India,INE276I01011,,
GUJCOTEX.BO,GUJCOTEX,,514386,GUJARAT COTEX LTD.,BSE,India,INE004C01028,,
GUJCRAFT.BO,GUJCRAFT,,526965,GUJARAT CRAFT INDUSTRIES LTD.,BSE,India,INE372D01019,,
GUJCRED.BO,GUJCRED,,511441,GUJARAT CREDIT CORPORATION LTD,BSE,India,INE034B01019,,
GUJENERGY.NS,GUJENERGY,GUJENERGY,539336,GUJARAT ENERGY LIMITED,NSE,India,INE844O01030,,
GUJHOTE.BO,GUJHOTE,,507960,GUJARAT HOTELS LTD.,BSE,India,INE621C01011,,
GUJHYSPIN.BO,GUJHYSPIN,,540938,Gujarat Hy-Spin Limited,BSE,India,INE578V01013,,
GUJINJEC.BO,GUJINJEC,,524238,GUJARAT INJECT (KERALA) LTD.,BSE,India,INE659F01022,,
GUJINTRX.BO,GUJINTRX,,517372,GUJARAT INTRUX LTD.,BSE,India,INE877E01015,,
GUJINV.BO,GUJINV,,531341,GUJARAT INVESTA LTD.,BSE,India,INE373D01017,,
GUJJUBHAI.BO,GUJJUBHAI,,532070,GUJJUBHAI INDUSTRIES LIMITED,BSE,India,INE311N01016,,
GUJPETR.BO,GUJPETR,,506858,GUJARAT PETROSYNTHESE LTD.,BSE,India,INE636P01011,,
GUJRAFFIA.NS,GUJRAFFIA,GUJRAFFIA,523836,Gujarat Raffia Industries Limited,NSE,India,INE610B01024,,
GUJSTATFIN.BO,GUJSTATFIN,,532160,GUJARAT STATE FINANCIAL CORPOR,BSE,India,INE944A01011,,
GUJTERC.BO,GUJTERC,,524314,GUJARAT TERCE LABORATORIES LTD,BSE,India,INE499G01013,,
GUJTHEM.NS,GUJTHEM,GUJTHEM,506879,Gujarat Themis Biosyn Limited,NSE,India,INE942C01045,,
GUJTLRM.BO,GUJTLRM,,513337,GUJARAT TOOLROOM LTD.,BSE,India,INE145J01032,,
GUJWIND.BO,GUJWIND,,541627,Gujarat Winding Systems Limite,BSE,India,INE173V01013,,
GULFLLOYDS.BO,GULFLLOYDS,,544834,GULF LLOYDS (INDIA) LIMITED,BSE,India,INE1WDC01012,,
GULFOILLUB.NS,GULFOILLUB,GULFOILLUB,538567,Gulf Oil Lubricants India Limited,NSE,India,INE635Q01029,,
GULFPETRO.NS,GULFPETRO,GULFPETRO,532543,GP Petroleums Limited,NSE,India,INE586G01017,,
GULPOLY.NS,GULPOLY,GULPOLY,532457,Gulshan Polyols Limited,NSE,India,INE255D01024,,
GURUNANAK.NS,GURUNANAK,,,Gurunanak Agriculture India Limited,NSE,India,INE1CCX01012,,
GVBL.BO,GVBL,,539206,GENOMIC VALLEY BIOTECH LIMITED,BSE,India,INE574D01010,,
GVELECTRIC.BO,GVELECTRIC,,544859,G V ELECTRICALS LTD,BSE,India,INE1ZGR01024,,
GVFILM.BO,GVFILM,,523277,GV FILMS LTD.,BSE,India,INE395B01048,,
GVKPIL.NS,GVKPIL,GVKPIL,532708,GVK Power & Infrastructure Limited,NSE,India,INE251H01024,,
GVL.BO,GVL,,544163,Greenhitech Ventures Limited,BSE,India,INE0S0701019,,
GVPIL.NS,GVPIL,GVPIL,532309,GE Power India Limited,NSE,India,INE878A01011,,
GVPTECH.NS,GVPTECH,,,GVP Infotech Limited,NSE,India,INE382T01030,,
GVT&D.NS,GVT&D,GVT&D,522275,GE Vernova T&D India Limited,NSE,India,INE200A01026,Capital Goods,
GYANDEV.BO,GYANDEV,,530141,GYAN DEVELOPERS & BUILDERS LTD,BSE,India,INE487G01018,,
GYFTR.NS,GYFTR,GYFTR,507912,Gyftr Limited,NSE,India,INE724A01017,,
HAL.NS,HAL,HAL,541154,Hindustan Aeronautics Limited,NSE,India,INE066F01020,Capital Goods,
HALDER.NS,HALDER,HALDER,539854,Halder Venture Limited,NSE,India,INE115S01010,,
HALDYNGL.NS,HALDYNGL,HALDYNGL,515147,Haldyn Glass Limited,NSE,India,INE506D01020,,
HALEOSLABS.NS,HALEOSLABS,HALEOSLABS,540679,HALEOS LABS LIMITED,NSE,India,INE320X01016,,
HAMPS.BO,HAMPS,,544312,HAMPS BIO LIMITED,BSE,India,INE0QBD01018,,
HAMPTON.NS,HAMPTON,HAMPTON,526407,Hampton Sky Realty Limited,NSE,India,INE299D01022,,
HANMAN.BO,HANMAN,,538731,HANMAN FIT LIMITED,BSE,India,INE982Q01017,,
HANNAH.BO,HANNAH,,544687,Hannah Joseph Hospital Limited,BSE,India,INE0JVH01012,,
HANSUGAR.BO,HANSUGAR,,537709,SHREE HANUMAN SUGAR & INDUSTRI,BSE,India,INE101H01013,,
HAPPSTMNDS.NS,HAPPSTMNDS,HAPPSTMNDS,543227,Happiest Minds Technologies Limited,NSE,India,INE419U01012,,
HAPPY.NS,HAPPY,,,Happy Steels Limited,NSE,India,INE1GFG01011,,
HAPPYFORGE.NS,HAPPYFORGE,HAPPYFORGE,544057,Happy Forgings Limited,NSE,India,INE330T01021,,
HARAFIN.BO,HARAFIN,,530927,HARYANA FINANCIAL CORPORATION,BSE,India,INE737G01016,,
HARCR.BO,HARCR,,500178,HARIG CRANKSHAFTS LTD.,BSE,India,INE905C01034,,
HARDCAS.BO,HARDCAS,,509597,HARDCASTLE & WAUD MFG.CO.LTD.,BSE,India,INE722D01015,,
HARDWYN.NS,HARDWYN,HARDWYN,541276,Hardwyn India Limited,NSE,India,INE626Z01029,,
HARIAAPL.BO,HARIAAPL,,538081,HARIA APPARELS LTD,BSE,India,INE493N01012,,
HARIAEXPO.BO,HARIAEXPO,,512604,HARIA EXPORTS LTD.,BSE,India,INE772B01014,,
HARIKANTA.BO,HARIKANTA,,544769,HARIKANTA OVERSEAS LIMITED,BSE,India,INE1UYW01010,,
HARIOMPIPE.NS,HARIOMPIPE,HARIOMPIPE,543517,Hariom Pipe Industries Limited,NSE,India,INE00EV01017,,
HARISH.BO,HARISH,,542682,Harish Textile Engineers Limit,BSE,India,INE01K301012,,
HARLETH.BO,HARLETH,,524080,HARYANA LEATHER CHEMICALS LTD.,BSE,India,INE681F01018,,
HARRMALAYA.NS,HARRMALAYA,HARRMALAYA,500467,Harrisons  Malayalam Limited,NSE,India,INE544A01019,,
HARSHA.NS,HARSHA,HARSHA,543600,Harsha Engineers International Limited,NSE,India,INE0JUS01029,,
HARSHDEEP.BO,HARSHDEEP,,544105,HARSHDEEP HORTICO LIMITED,BSE,India,INE0OLZ01015,,
HARSHILAGR.BO,HARSHILAGR,,505336,HARSHIL AGROTECH LIMITED,BSE,India,INE098E01026,,
HARYNACAP.BO,HARYNACAP,,532855,HARYANA CAPFIN LTD.,BSE,India,INE928H01019,,
HASTIFIN.BO,HASTIFIN,,531387,HASTI FINANCE LTD.,BSE,India,INE671D01014,,
HATHWAY.NS,HATHWAY,HATHWAY,533162,Hathway Cable & Datacom Limited,NSE,India,INE982F01036,,
HATHWAYB.BO,HATHWAYB,,509073,HATHWAY BHAWANI CABLETEL & DAT,BSE,India,INE525B01016,,
HATSUN.NS,HATSUN,HATSUN,531531,Hatsun Agro Product Limited,NSE,India,INE473B01035,,
HAVELLS.NS,HAVELLS,HAVELLS,517354,Havells India Limited,NSE,India,INE176B01034,Consumer Durables,
HAVISHA.NS,HAVISHA,HAVISHA,531322,Sri Havisha Hospitality and Infrastructure Limited,NSE,India,INE293B01029,,
HAWAENG.BO,HAWAENG,,539176,Hawa Engineers ltd.,BSE,India,INE230I01018,,
HAWKINCOOK.NS,HAWKINCOOK,HAWKINCOOK,508486,Hawkins Cookers Limited,NSE,India,INE979B01015,,
HAZOOR.NS,HAZOOR,HAZOOR,532467,Hazoor Multi Projects Limited,NSE,India,INE550F01049,,
HBESD.NS,HBESD,HBESD,532334,HB Estate Developers Limited,NSE,India,INE640B01021,,
HBGHOTELS.BO,HBGHOTELS,,537839,HBG HOTELS LIMITED,BSE,India,INE977M01024,,
HBLEAS.BO,HBLEAS,,508956,HB LEASING & FINANCE CO.LTD.,BSE,India,INE549B01016,,
HBLENGINE.NS,HBLENGINE,HBLENGINE,517271,HBL Engineering Limited,NSE,India,INE292B01021,Capital Goods,
HBPOR.NS,HBPOR,HBPOR,532333,HB Portfolio Limited,NSE,India,INE638B01025,,
HBSL.NS,HBSL,HBSL,532216,HB Stockholdings Limited,NSE,India,INE550B01022,,
HCC.NS,HCC,HCC,500185,Hindustan Construction Company Limited,NSE,India,INE549A01026,,
HCG.NS,HCG,HCG,539787,Healthcare Global Enterprises Limited,NSE,India,INE075I01017,,
HCKKVENTURE.BO,HCKKVENTURE,,539224,HCKK Ventures Limited,BSE,India,INE345Q01017,,
HCL-INSYS.NS,HCL-INSYS,HCL-INSYS,500179,HCL Infosystems Limited,NSE,India,INE236A01020,,
HCLTECH.NS,HCLTECH,HCLTECH,532281,HCL Technologies Limited,NSE,India,INE860A01027,Information Technology,Y
HDBFS.NS,HDBFS,HDBFS,544429,HDB Financial Services Limited,NSE,India,INE756I01012,Financial Services,
HDFCAMC.NS,HDFCAMC,HDFCAMC,541729,HDFC Asset Management Company Limited,NSE,India,INE127D01025,Financial Services,
HDFCBANK.NS,HDFCBANK,HDFCBANK,500180,HDFC Bank Limited,NSE,India,INE040A01034,Financial Services,Y
HDFCLIFE.NS,HDFCLIFE,HDFCLIFE,540777,HDFC Life Insurance Company Limited,NSE,India,INE795G01014,Financial Services,Y
HDIL.NS,HDIL,HDIL,532873,Housing Development and Infrastructure Limited,NSE,India,INE191I01012,,
HEADSUP.NS,HEADSUP,HEADSUP,540210,Heads UP Ventures Limited,NSE,India,INE759V01019,,
HEALTHX.NS,HEALTHX,HEALTHX,533259,Health X Platform Limited,NSE,India,INE019J01013,,
HEALTHYLIFE.BO,HEALTHYLIFE,,543546,HEALTHY LIFE AGRITEC LIMITED,BSE,India,INE0L3501015,,
HECPROJECT.NS,HECPROJECT,,,HEC Infra Projects Limited,NSE,India,INE558R01013,,
HEERAISP.BO,HEERAISP,,526967,HEERA ISPAT LTD.,BSE,India,INE025D01013,,
HEGAM.NS,HEGAM,HEGAM,509631,HEG Advanced Materials Limited,NSE,India,INE545A01024,Capital Goods,
HEIDELBERG.NS,HEIDELBERG,HEIDELBERG,500292,HeidelbergCement India Limited,NSE,India,INE578A01017,,
HELLOJI.BO,HELLOJI,,544630,HELLOJI HOLIDAYS LIMITED,BSE,India,INE1FJE01010,,
HELPAGE.BO,HELPAGE,,539174,Helpage Finlease Ltd.,BSE,India,INE738P01015,,
HEMANG.BO,HEMANG,,531178,HEMANG RESOURCES LIMITED,BSE,India,INE930A01010,,
HEMIPROP.NS,HEMIPROP,HEMIPROP,543242,Hemisphere Properties India Limited,NSE,India,INE0AJG01018,,
HEMORGANIC.BO,HEMORGANIC,,524590,HEMO ORGANIC LIMITED,BSE,India,INE422G01015,,
HERANBA.NS,HERANBA,HERANBA,543266,Heranba Industries Limited,NSE,India,INE694N01015,,
HERCULES.BO,HERCULES,,505720,Hercules Investments Limited,BSE,India,INE688E01024,,
HERITGFOOD.NS,HERITGFOOD,HERITGFOOD,519552,Heritage Foods Limited,NSE,India,INE978A01027,,
HEROMOTOCO.NS,HEROMOTOCO,HEROMOTOCO,500182,Hero MotoCorp Limited,NSE,India,INE158A01026,Automobile and Auto Components,
HEROMOTORS.NS,HEROMOTORS,HEROMOTORS,544936,Hero Motors Limited,NSE,India,INE012G01022,,
HESTERBIO.NS,HESTERBIO,HESTERBIO,524669,Hester Biosciences Limited,NSE,India,INE782E01017,,
HEXAGON.NS,HEXAGON,HEXAGON,544785,Hexagon Nutrition Limited,NSE,India,INE0JUI01012,,
HEXATRADEX.NS,HEXATRADEX,HEXATRADEX,534328,Hexa Tradex Limited,NSE,India,INE750M01017,,
HEXT.NS,HEXT,HEXT,544362,Hexaware Technologies Limited,NSE,India,INE093A01041,Information Technology,
HFCL.NS,HFCL,HFCL,500183,HFCL Limited,NSE,India,INE548A01028,Telecommunication,
HFIL.BO,HFIL,,526899,HIMALAYA FOOD INTERNATIONAL LI,BSE,India,INE552B01010,,
HGINFRA.NS,HGINFRA,HGINFRA,541019,H.G. Infra Engineering Limited,NSE,India,INE926X01010,,
HGM.NS,HGM,HGM,532761,HandsOn Global Management (HGM) Limited,NSE,India,INE596H01014,,
HGS.NS,HGS,HGS,532859,Hinduja Global Solutions Limited,NSE,India,INE170I01016,,
HIGHENE.BO,HIGHENE,,504176,HIGH ENERGY BATTERIES (INDIA),BSE,India,INE783E01023,,
HIGHNESS.BO,HIGHNESS,,544741,Highness Microelectronics Limi,BSE,India,INE1KI801019,,
HIGREEN.NS,HIGREEN,,,Hi-Green Carbon Limited,NSE,India,INE0PIC01017,,
HIIL.BO,HIIL,,539984,HINDUSTHAN INSULATORS and INDU,BSE,India,INE799B01025,,
HIKAL.NS,HIKAL,HIKAL,524735,Hikal Limited,NSE,India,INE475B01022,,
HIKLASS.BO,HIKLASS,,542332,Hi-Klass Trading and Investmen,BSE,India,INE302R01024,,
HILIKS.BO,HILIKS,,539697,HILIKS TECHNOLOGIES LIMITED,BSE,India,INE966Q01010,,
HILINFRA.NS,HILINFRA,HILINFRA,544477,Highway Infrastructure Limited,NSE,India,INE00RL01028,,
HILLTONE.BO,HILLTONE,,544308,Hilltone Software and Gases Lt,BSE,India,INE168C01013,,
HILTON.NS,HILTON,HILTON,532847,Hilton Metal Forging Limited,NSE,India,INE788H01017,,
HIMALAYAN.NS,HIMALAYAN,,,Himalayan Solar Limited,NSE,India,INE1B7I01014,,
HIMATSEIDE.NS,HIMATSEIDE,HIMATSEIDE,514043,Himatsingka Seide Limited,NSE,India,INE049A01027,,
HIMTEK.BO,HIMTEK,,505712,HIM TEKNOFORGE LIMITED,BSE,India,INE705G01021,,
HINDADH.NS,HINDADH,HINDADH,514428,Hindustan Adhesives Limited,NSE,India,INE074C01013,,
HINDALCO.NS,HINDALCO,HINDALCO,500440,Hindalco Industries Limited,NSE,India,INE038A01020,Metals & Mining,Y
HINDALUMI.NS,HINDALUMI,HINDALUMI,531979,Hind Aluminium Industries Limited,NSE,India,INE227B01019,,
HINDAPL.BO,HINDAPL,,531918,HINDUSTAN APPLIANCES LTD.,BSE,India,INE02XD01011,,
HINDBIO.BO,HINDBIO,,532041,HINDUSTAN BIO SCIENCES LTD.,BSE,India,INE597C01021,,
HINDCOMPOS.NS,HINDCOMPOS,HINDCOMPOS,509635,Hindustan Composites Limited,NSE,India,INE310C01029,,
HINDCON.NS,HINDCON,,,Hindcon Chemicals Limited,NSE,India,INE642Y01029,,
HINDCOPPER.NS,HINDCOPPER,HINDCOPPER,513599,Hindustan Copper Limited,NSE,India,INE531E01026,Metals & Mining,
HINDHARD.BO,HINDHARD,,505893,HINDUSTAN HARDY LIMITED,BSE,India,INE724D01011,,
HINDMILL.BO,HINDMILL,,509895,HINDOOSTAN MILLS LTD.,BSE,India,INE832D01020,,
HINDMOTORS.BO,HINDMOTORS,,500500,HINDUSTAN MOTORS LTD.,BSE,India,INE253A01025,,
HINDOILEXP.NS,HINDOILEXP,HINDOILEXP,500186,Hindustan Oil Exploration Company Limited,NSE,India,INE345A01011,,
HINDPETRO.NS,HINDPETRO,HINDPETRO,500104,Hindustan Petroleum Corporation Limited,NSE,India,INE094A01015,Oil Gas & Consumable Fuels,
HINDTIN.BO,HINDTIN,,530315,HINDUSTAN TIN WORKS LTD.,BSE,India,INE428D01019,,
HINDUNILVR.NS,HINDUNILVR,HINDUNILVR,500696,Hindustan Unilever Limited,NSE,India,INE030A01027,Fast Moving Consumer Goods,Y
HINDUST.BO,HINDUST,,519574,HINDUSTAN AGRIGENETICS LTD.,BSE,India,INE092301014,,
HINDWAREAP.NS,HINDWAREAP,HINDWAREAP,542905,Hindware Home Innovation Limited,NSE,India,INE05AN01011,,
HINDZINC.NS,HINDZINC,HINDZINC,500188,Hindustan Zinc Limited,NSE,India,INE267A01025,Metals & Mining,
HIPOLIN.BO,HIPOLIN,,530853,HIPOLIN LTD.,BSE,India,INE963A01011,,
HIRECT.NS,HIRECT,HIRECT,504036,Hirect Limited,NSE,India,INE835D01023,,
HISARMETAL.NS,HISARMETAL,HISARMETAL,590018,Hisar Metal Industries Limited,NSE,India,INE598C01011,,
HISARSP.BO,HISARSP,,521068,HISAR SPINNING MILLS LTD.,BSE,India,INE689E01014,,
HITECH.NS,HITECH,HITECH,543411,Hi-Tech Pipes Limited,NSE,India,INE106T01025,,
HITECHCORP.NS,HITECHCORP,HITECHCORP,526217,Hitech Corporation Limited,NSE,India,INE120D01012,,
HITECHGEAR.NS,HITECHGEAR,HITECHGEAR,522073,The Hi-Tech Gears Limited,NSE,India,INE127B01011,,
HITKITGLO.BO,HITKITGLO,,532359,HIT KIT GLOBAL SOLUTIONS LTD.,BSE,India,INE309B01023,,
HITTCO.BO,HITTCO,,531661,HITTCO TOOLS LTD.,BSE,India,INE863C01019,,
HLEGLAS.NS,HLEGLAS,HLEGLAS,522215,HLE Glascoat Limited,NSE,India,INE461D01028,,
HLVLTD.NS,HLVLTD,HLVLTD,500193,HLV LIMITED,NSE,India,INE102A01024,,
HMAAGRO.NS,HMAAGRO,HMAAGRO,543929,HMA Agro Industries Limited,NSE,India,INE0ECP01024,,
HMEML.BO,HMEML,,544349,H.M. ELECTRO MECH LIMITED,BSE,India,INE0DZD01015,,
HMT.NS,HMT,HMT,500191,HMT Limited,NSE,India,INE262A01018,,
HMVL.NS,HMVL,HMVL,533217,Hindustan Media Ventures Limited,NSE,India,INE871K01015,,
HNDFDS.NS,HNDFDS,HNDFDS,519126,Hindustan Foods Limited,NSE,India,INE254N01026,,
HNIL.BO,HNIL,,544943,HIMALAYA NUTRAVEDICS INDIA LIM,BSE,India,INE1OTR01013,,
HOACFOODS.NS,HOACFOODS,,,Hoac Foods India Limited,NSE,India,INE0S6S01017,,
HOCL.BO,HOCL,,500449,HINDUSTAN ORGANIC CHEMICALS LT,BSE,India,INE048A01011,,
HOLMARC.NS,HOLMARC,,,Holmarc Opto-Mechatronics Limited,NSE,India,INE0LXA01019,,
HOM.BO,HOM,,523387,HOMRE LIMITED,BSE,India,INE982C01033,,
HOMEFIRST.NS,HOMEFIRST,HOMEFIRST,543259,Home First Finance Company India Limited,NSE,India,INE481N01025,Financial Services,
HOMESFY.NS,HOMESFY,,,Homesfy Realty Limited,NSE,India,INE0N7F01017,,
HONASA.NS,HONASA,HONASA,544014,Honasa Consumer Limited,NSE,India,INE0J5401028,Fast Moving Consumer Goods,
HONAUT.NS,HONAUT,HONAUT,517174,Honeywell Automation India Limited,NSE,India,INE671A01010,Capital Goods,
HONDAPOWER.NS,HONDAPOWER,HONDAPOWER,522064,Honda India Power Products Limited,NSE,India,INE634A01018,,
HORIZON.BO,HORIZON,,544794,HORIZON RECLAIM (INDIA) LIMITE,BSE,India,INE1SEO01013,,
HORIZONIND.NS,HORIZONIND,HORIZONIND,544880,Horizon Industrial Parks Limited,NSE,India,INE685T01010,,
HOTLSILV.BO,HOTLSILV,,532145,H.S.INDIA LTD.,BSE,India,INE731B01010,,
HOWARHO.BO,HOWARHO,,526761,HOWARD HOTELS LTD.,BSE,India,INE931B01016,,
HPAL.NS,HPAL,HPAL,543433,HP Adhesives Limited,NSE,India,INE0GSL01024,,
HPBL.BO,HPBL,,526717,HCP PLASTENE BULKPACK LIMITED,BSE,India,INE136C01044,,
HPCOTTON.BO,HPCOTTON,,502873,H.P.COTTON TEXTILE MILLS LTD.,BSE,India,INE950C01014,,
HPIL.NS,HPIL,HPIL,543645,Hindprakash Industries Limited,NSE,India,INE05X901010,,
HPL.NS,HPL,HPL,540136,HPL Electric & Power Limited,NSE,India,INE495S01016,,
HPTL.NS,HPTL,,,HP Telecom India Limited,NSE,India,INE0VA601019,,
HRHNEXT.NS,HRHNEXT,,,HRH Next Services Limited,NSE,India,INE0R3501012,,
HRHYGIENE.BO,HRHYGIENE,,544848,H. R. HYGIENE PRODUCTS LIMITED,BSE,India,INE17DP01015,,
HRMNYCP.BO,HRMNYCP,,530055,HARMONY CAPITAL SERVICES LTD.,BSE,India,INE264N01017,,
HRS.BO,HRS,,544656,HRS ALUGLAZE LIMITED,BSE,India,INE1E1V01017,,
HRYNSHP.NS,HRYNSHP,HRYNSHP,526931,Hariyana Ship Breakers Limited,NSE,India,INE400G01011,,
HSCL.NS,HSCL,HSCL,500184,Himadri Speciality Chemical Limited,NSE,India,INE019C01026,Chemicals,
HSIL.BO,HSIL,,543916,Hemant Surgical Industries Lim,BSE,India,INE0GYI01028,,
HTEL.NS,HTEL,HTEL,544891,Hy-Tech Engineers Limited,NSE,India,INE0LEG01024,,
HTMEDIA.NS,HTMEDIA,HTMEDIA,532662,HT Media Limited,NSE,India,INE501G01024,,
HUBTOWN.NS,HUBTOWN,HUBTOWN,532799,Hubtown Limited,NSE,India,INE703H01016,,
HUDCO.NS,HUDCO,HUDCO,540530,Housing & Urban Development Corporation Limited,NSE,India,INE031A01017,Financial Services,
HUHTAMAKI.NS,HUHTAMAKI,HUHTAMAKI,509820,Huhtamaki India Limited,NSE,India,INE275B01026,,
HVAX.NS,HVAX,,,HVAX Technologies Limited,NSE,India,INE0TO501019,,
HYBRIDFIN.NS,HYBRIDFIN,HYBRIDFIN,500262,Hybrid Financial Services Limited,NSE,India,INE965B01022,,
HYPERSOFT.BO,HYPERSOFT,,539724,HYPERSOFT TECHNOLOGIES LIMITED,BSE,India,INE039D01014,,
HYUNDAI.NS,HYUNDAI,HYUNDAI,544274,Hyundai Motor India Limited,NSE,India,INE0V6F01027,Automobile and Auto Components,
IBINFO.BO,IBINFO,,519463,IB INFOTECH ENTERPRISES LTD.,BSE,India,INE678B01039,,
IBLFL.NS,IBLFL,,,IBL Finance Limited,NSE,India,INE0O7401018,,
IBULLSLTD.NS,IBULLSLTD,IBULLSLTD,533520,Indiabulls Limited,NSE,India,INE126M01010,,
ICDSLTD.NS,ICDSLTD,ICDSLTD,511194,ICDS Limited,NSE,India,INE613B01010,,
ICELCO.NS,ICELCO,,,IC Electricals Company Limited,NSE,India,INE0XE501015,,
ICEMAKE.NS,ICEMAKE,,,Ice Make Refrigeration Limited,NSE,India,INE520Y01019,,
ICICIAMC.NS,ICICIAMC,ICICIAMC,544658,ICICI Prudential Asset Management Company Limited,NSE,India,INE346A01027,Financial Services,
ICICIBANK.NS,ICICIBANK,ICICIBANK,532174,ICICI Bank Limited,NSE,India,INE090A01021,Financial Services,Y
ICICIGI.NS,ICICIGI,ICICIGI,540716,ICICI Lombard General Insurance Company Limited,NSE,India,INE765G01017,Financial Services,
ICICIPRULI.NS,ICICIPRULI,ICICIPRULI,540133,ICICI Prudential Life Insurance Company Limited,NSE,India,INE726G01019,Financial Services,
ICIL.NS,ICIL,ICIL,521016,Indo Count Industries Limited,NSE,India,INE483B01026,,
ICL.BO,ICL,,538838,Indo Cotspin Limited,BSE,India,INE407P01017,,
ICODEX.BO,ICODEX,,544483,ICODEX PUBLISHING SOLUTIONS LI,BSE,India,INE111601014,,
ICON.BO,ICON,,544426,Icon Facilitators Limited,BSE,India,INE0Y0E01012,,
ICONIKSPEV.BO,ICONIKSPEV,,511260,ICONIK SPORTS AND EVENTS LIMIT,BSE,India,INE088P01015,,
ICRA.NS,ICRA,ICRA,532835,ICRA Limited,NSE,India,INE725G01011,,
ICSL.BO,ICSL,,539149,Integrated Capital Services Lt,BSE,India,INE682B01023,,
IDBI.NS,IDBI,IDBI,500116,IDBI Bank Limited,NSE,India,INE008A01015,Financial Services,
IDEA.NS,IDEA,IDEA,532822,Vodafone Idea Limited,NSE,India,INE669E01016,Telecommunication,
IDEAFORGE.NS,IDEAFORGE,IDEAFORGE,543932,Ideaforge Technology Limited,NSE,India,INE349Y01013,,
IDEALTECHO.NS,IDEALTECHO,,,Ideal Technoplast Industries Limited,NSE,India,INE0T9I01011,,
IDENTICAL.NS,IDENTICAL,,,Identical Brains Studios Limited,NSE,India,INE0TD101011,,
IDENTIXWEB.BO,IDENTIXWEB,,544388,Identixweb Limited,BSE,India,INE0PA401012,,
IDFCFIRSTB.NS,IDFCFIRSTB,IDFCFIRSTB,539437,IDFC First Bank Limited,NSE,India,INE092T01019,Financial Services,
IDM.BO,IDM,,517044,INTERNATIONAL DATA MANAGEMENT,BSE,India,INE649R01010,,
IDREAM.BO,IDREAM,,504375,IDream Film Infrastructure Com,BSE,India,INE459E01012,,
IECEDU.BO,IECEDU,,531840,IEC EDUCATION LTD.,BSE,India,INE172B01017,,
IEML.NS,IEML,,,Indian Emulsifiers Limited,NSE,India,INE0RRU01016,,
IEX.NS,IEX,IEX,540750,Indian Energy Exchange Limited,NSE,India,INE022Q01020,Financial Services,
IFBAGRO.NS,IFBAGRO,IFBAGRO,507438,IFB Agro Industries Limited,NSE,India,INE076C01018,,
IFBIND.NS,IFBIND,IFBIND,505726,IFB Industries Limited,NSE,India,INE559A01017,,
IFCI.NS,IFCI,IFCI,500106,IFCI Limited,NSE,India,INE039A01010,Financial Services,
IFGLEXPOR.NS,IFGLEXPOR,IFGLEXPOR,540774,IFGL Refractories Limited,NSE,India,INE133Y01011,,
IFINSEC.BO,IFINSEC,,535667,INDIA FINSEC LTD.,BSE,India,INE474O01010,,
IFINSER.BO,IFINSER,,539692,INTERACTIVE FINANCIAL SERVICES,BSE,India,INE064T01018,,
IFL.BO,IFL,,540377,IFL ENTERPRISES LIMITED,BSE,India,INE714U01024,,
IGARASHI.NS,IGARASHI,IGARASHI,517380,Igarashi Motors India Limited,NSE,India,INE188B01013,,
IGCIL.BO,IGCIL,,539449,IGC Industries Limited,BSE,India,INE099S01016,,
IGCL.NS,IGCL,IGCL,544432,Indogulf Cropsciences Limited,NSE,India,INE05J901018,,
IGIL.NS,IGIL,IGIL,544311,International Gemological Institute Limited,NSE,India,INE0Q9301021,Services,
IGL.NS,IGL,IGL,532514,Indraprastha Gas Limited,NSE,India,INE203G01027,Oil Gas & Consumable Fuels,
IGLFXPL-B.BO,IGLFXPL-B,,506945,INDO GULF INDUSTRIES LTD.,BSE,India,INE684U01011,,
IGPL.NS,IGPL,IGPL,500199,IG Petrochemicals Limited,NSE,India,INE204A01010,,
IIFL.NS,IIFL,IIFL,532636,IIFL Finance Limited,NSE,India,INE530B01024,Financial Services,
IIFLCAPS.NS,IIFLCAPS,IIFLCAPS,542773,IIFL Capital Services Limited,NSE,India,INE489L01022,,
IIRM.BO,IIRM,,526530,IIRM HOLDINGS INDIA LIMITED,BSE,India,INE670C01026,,
IISL.BO,IISL,,540134,ISHAAN INFRASTRUCTURE AND SHEL,BSE,India,INE818R01011,,
IITL.NS,IITL,IITL,501295,Industrial Investment Trust Limited,NSE,India,INE886A01014,,
IITLPROJ.BO,IITLPROJ,,531968,IITL PROJECTS LIMITED,BSE,India,INE786E01018,,
IKIO.NS,IKIO,IKIO,543923,IKIO Technologies Limited,NSE,India,INE0LOJ01019,,
IKOMA.BO,IKOMA,,531997,IKOMA TECHNOLOGIES LIMITED,BSE,India,INE164D01010,,
IKS.NS,IKS,IKS,544309,Inventurus Knowledge Solutions Limited,NSE,India,INE115Q01022,Information Technology,
IL&FSENGG.NS,IL&FSENGG,IL&FSENGG,532907,IL&FS Engineering and Construction Company Limited,NSE,India,INE369I01014,,
IL&FSTRANS.NS,IL&FSTRANS,IL&FSTRANS,533177,IL&FS Transportation Networks Limited,NSE,India,INE975G01012,,
IMAGICAA.NS,IMAGICAA,IMAGICAA,539056,Imagicaaworld Entertainment Limited,NSE,India,INE172N01012,,
IMEC.BO,IMEC,,513295,IMEC SERVICES LIMITED,BSE,India,INE611C01020,,
IMFA.NS,IMFA,IMFA,533047,Indian Metals & Ferro Alloys Limited,NSE,India,INE919H01018,,
IMPAL.NS,IMPAL,IMPAL,590065,India Motor Parts and Accessories Limited,NSE,India,INE547E01014,,
IMPERA.BO,IMPERA,,514177,IMPERA WORLDWIDE LIMITED,BSE,India,INE351D01013,,
IMPEXFERRO.BO,IMPEXFERRO,,532614,IMPEX FERRO TECH LTD.,BSE,India,INE691G01015,,
INA.NS,INA,INA,543620,Insolation Energy Limited,NSE,India,INE0LGX01024,,
INANI.BO,INANI,,531129,INANI MARBLES & INDUSTRIES LTD,BSE,India,INE635D01027,,
INANISEC.BO,INANISEC,,531672,INANI SECURITIES LTD.,BSE,India,INE224C01014,,
INCAP.BO,INCAP,,517370,INCAP LTD.,BSE,India,INE437C01012,,
INCON.BO,INCON,,531594,INCON ENGINEERS LTD.,BSE,India,INE507D01010,,
INCREDIBLE.NS,INCREDIBLE,INCREDIBLE,538365,INCREDIBLE INDUSTRIES LIMITED,NSE,India,INE452L01012,,
INDAG.BO,INDAG,,509162,INDAG RUBBER LTD.,BSE,India,INE802D01023,,
INDAGIV.BO,INDAGIV,,517077,IND-AGIV COMMERCE LTD.,BSE,India,INE115E01010,,
INDBANK.NS,INDBANK,INDBANK,511473,Indbank Merchant Banking Services Limited,NSE,India,INE841B01017,,
INDBNK.BO,INDBNK,,523465,IND BANK HOUSING LTD.,BSE,India,INE969D01012,,
INDCEMCAP.BO,INDCEMCAP,,511355,INDIA CEMENTS CAPITAL LTD.,BSE,India,INE429D01017,,
INDCTST.BO,INDCTST,,532001,INDUCTO STEEL LTD.,BSE,India,INE146H01018,,
INDERGR.BO,INDERGR,,531505,INDERGIRI FINANCE LTD.,BSE,India,INE628F01019,,
INDGELA.BO,INDGELA,,531253,INDIA GELATINE & CHEMICALS LTD,BSE,India,INE342D01012,,
INDGN.NS,INDGN,INDGN,544172,Indegene Limited,NSE,India,INE065X01017,,
INDHOTEL.NS,INDHOTEL,INDHOTEL,500850,The Indian Hotels Company Limited,NSE,India,INE053A01029,Consumer Services,
INDIACEM.NS,INDIACEM,INDIACEM,530005,The India Cements Limited,NSE,India,INE383A01012,Construction Materials,
INDIAGLYCO.NS,INDIAGLYCO,INDIAGLYCO,500201,India Glycols Limited,NSE,India,INE560A01023,,
INDIAHOME.BO,INDIAHOME,,530979,INDIA HOME LOAN LTD.,BSE,India,INE274E01015,,
INDIAHOMES.BO,INDIAHOMES,,513361,India Homes Limited,BSE,India,INE072A01029,,
INDIAMART.NS,INDIAMART,INDIAMART,542726,Indiamart Intermesh Limited,NSE,India,INE933S01016,Consumer Services,
INDIANACRY.BO,INDIANACRY,,514165,INDIAN ACRYLICS LTD.,BSE,India,INE862B01013,,
INDIANB.NS,INDIANB,INDIANB,532814,Indian Bank,NSE,India,INE562A01011,Financial Services,
INDIANCARD.NS,INDIANCARD,INDIANCARD,509692,Indian Card Clothing Company Limited,NSE,India,INE061A01014,,
INDIANHUME.NS,INDIANHUME,INDIANHUME,504741,Indian Hume Pipe Company Limited,NSE,India,INE323C01030,,
INDIANVSH.BO,INDIANVSH,,501700,INDIANIVESH LTD.,BSE,India,INE131H01028,,
INDIASHLTR.NS,INDIASHLTR,INDIASHLTR,544044,India Shelter Finance Corporation Limited,NSE,India,INE922K01024,,
INDIFRA.NS,INDIFRA,,,Indifra Limited,NSE,India,INE0PS301014,,
INDIGO.NS,INDIGO,INDIGO,539448,InterGlobe Aviation Limited,NSE,India,INE646L01027,Services,Y
INDIGOPNTS.NS,INDIGOPNTS,INDIGOPNTS,543258,Indigo Paints Limited,NSE,India,INE09VQ01012,,
INDINFO.BO,INDINFO,,509051,INDIAN INFOTECH & SOFTWARE LTD,BSE,India,INE300B01022,,
INDIQUBE.NS,INDIQUBE,INDIQUBE,544454,Indiqube Spaces Limited,NSE,India,INE06ST01018,,
INDLEASE.BO,INDLEASE,,500202,INDIA LEASE DEVELOPMENT LTD.,BSE,India,INE333C01013,,
INDNIPPON.NS,INDNIPPON,INDNIPPON,532240,India Nippon Electricals Limited,NSE,India,INE092B01025,,
INDOAMIN.NS,INDOAMIN,INDOAMIN,524648,Indo Amines Limited,NSE,India,INE760F01028,,
INDOBELL.BO,INDOBELL,,544334,Indobell Insulations Limited,BSE,India,INE0FK501019,,
INDOBORAX.NS,INDOBORAX,INDOBORAX,524342,Indo Borax & Chemicals Limited,NSE,India,INE803D01021,,
INDOCITY.BO,INDOCITY,,532100,INDO-CITY INFOTECH LTD.,BSE,India,INE456B01014,,
INDOCO.NS,INDOCO,INDOCO,532612,Indoco Remedies Limited,NSE,India,INE873D01024,,
INDOCRED.BO,INDOCRED,,526887,INDO CREDIT CAPITAL LTD.,BSE,India,INE147D01015,,
INDOEURO.BO,INDOEURO,,524458,INDO EURO INDCHEM LTD.,BSE,India,INE319N01019,,
INDOFARM.NS,INDOFARM,INDOFARM,544328,Indo Farm Equipment Limited,NSE,India,INE622H01018,,
INDOKEM.NS,INDOKEM,INDOKEM,504092,Indokem Limited,NSE,India,INE716F01012,,
INDOMIM.NS,INDOMIM,INDOMIM,544837,INDO-MIM Limited,NSE,India,INE084101034,,
INDONG.BO,INDONG,,543769,INDONG TEA COMPANY LIMITED,BSE,India,INE0KN201016,,
INDORAMA.NS,INDORAMA,INDORAMA,500207,Indo Rama Synthetics (India) Limited,NSE,India,INE156A01020,,
INDOSMC.BO,INDOSMC,,544681,INDO SMC Limited,BSE,India,INE0WKY01013,,
INDOSTAR.NS,INDOSTAR,INDOSTAR,541336,IndoStar Capital Finance Limited,NSE,India,INE896L01010,,
INDOTECH.NS,INDOTECH,INDOTECH,532717,Indo Tech Transformers Limited,NSE,India,INE332H01014,,
INDOTHAI.NS,INDOTHAI,INDOTHAI,533676,Indo Thai Securities Limited,NSE,India,INE337M01021,,
INDOUS.NS,INDOUS,INDOUS,541304,Indo Us Biotech Limited,NSE,India,INE250Z01010,,
INDOWIND.NS,INDOWIND,INDOWIND,532894,Indowind Energy Limited,NSE,India,INE227G01018,,
INDPRUD.NS,INDPRUD,INDPRUD,501298,Industrial & Prudential Investment Company Limited,NSE,India,INE620D01011,,
INDRAMEDCO.NS,INDRAMEDCO,INDRAMEDCO,532150,Indraprastha Medical Corporation Limited,NSE,India,INE681B01017,,
INDRANIB.BO,INDRANIB,,526445,INDRAYANI BIOTECH LTD.,BSE,India,INE007C01021,,
INDRENEW.BO,INDRENEW,,536709,IND Renewable Energy Ltd,BSE,India,INE138O01029,,
INDSILHYD.BO,INDSILHYD,,522165,INDSIL HYDRO POWER AND MANGANE,BSE,India,INE867D01018,,
INDSUCR.BO,INDSUCR,,500319,INDIAN SUCROSE LTD.,BSE,India,INE557C01017,,
INDSWFTLAB.NS,INDSWFTLAB,INDSWFTLAB,532305,Ind-Swift Laboratories Limited,NSE,India,INE915B01019,,
INDTERRAIN.NS,INDTERRAIN,INDTERRAIN,533329,Indian Terrain Fashions Limited,NSE,India,INE611L01021,,
INDTONER.BO,INDTONER,,523586,INDIAN TONERS & DEVELOPERS LTD,BSE,India,INE826B01026,,
INDUSFINL.BO,INDUSFINL,,531841,Indus Finance Limited,BSE,India,INE935D01013,,
INDUSINDBK.NS,INDUSINDBK,INDUSINDBK,532187,IndusInd Bank Limited,NSE,India,INE095A01012,Financial Services,
INDUSTOWER.NS,INDUSTOWER,INDUSTOWER,534816,Indus Towers Limited,NSE,India,INE121J01017,Telecommunication,
INDXTRA.BO,INDXTRA,,524614,IEL LIMITED,BSE,India,INE056E01024,,
INFINITY.BO,INFINITY,,544567,Infinity Infoway Limited,BSE,India,INE16XA01017,,
INFINIUM.NS,INFINIUM,,,Infinium Pharmachem Limited,NSE,India,INE0MRE01011,,
INFLAME.BO,INFLAME,,541083,Inflame Appliances Limited,BSE,India,INE464Z01017,,
INFLUX.NS,INFLUX,,,Influx Healthtech Limited,NSE,India,INE0MYZ01012,,
INFOBEAN.NS,INFOBEAN,INFOBEAN,543644,InfoBeans Technologies Limited,NSE,India,INE344S01016,,
INFOLLION.NS,INFOLLION,,,Infollion Research Services Limited,NSE,India,INE0NNZ01013,,
INFOMEDIA.NS,INFOMEDIA,INFOMEDIA,509069,Infomedia Press Limited,NSE,India,INE669A01022,,
INFONATIVE.BO,INFONATIVE,,544393,INFONATIVE SOLUTIONS LIMITED,BSE,India,INE12IB01015,,
INFORTEC.BO,INFORTEC,,504810,INFORMED TECHNOLOGIES INDIA LT,BSE,India,INE123E01014,,
INFRAX.BO,INFRAX,,544919,INFRAX RENEWABLE LIMITED,BSE,India,INE1YC401018,,
INFRONICS.BO,INFRONICS,,537985,INFRONICS SYSTEMS LTD,BSE,India,INE463B01036,,
INFY.NS,INFY,INFY,500209,Infosys Limited,NSE,India,INE009A01021,Information Technology,Y
INGERRAND.NS,INGERRAND,INGERRAND,500210,Ingersoll Rand (India) Limited,NSE,India,INE177A01018,,
INJECTO.BO,INJECTO,,544930,INJECTO POLYMERS LIMITED,BSE,India,INE1JJF01019,,
INLANPR.BO,INLANPR,,530787,INLAND PRINTERS LTD.,BSE,India,INE055O01033,,
INLCM.BO,INLCM,,504746,INDIAN LINK CHAIN MANUFACTURES,BSE,India,INE359D01024,,
INM.NS,INM,,,Interiors & More Limited,NSE,India,INE0OPC01015,,
INNOCORP.BO,INNOCORP,,531929,INNOCORP LTD.,BSE,India,INE214B01017,,
INNOKAIZ.BO,INNOKAIZ,,543905,INNOKAIZ INDIA LIMITED,BSE,India,INE0LDI01022,,
INNOMET.NS,INNOMET,,,Innomet Advanced Materials Limited,NSE,India,INE0S1D01010,,
INNOVACAP.NS,INNOVACAP,INNOVACAP,544067,Innova Captab Limited,NSE,India,INE0DUT01020,,
INNOVANA.NS,INNOVANA,INNOVANA,544302,Innovana Thinklabs Limited,NSE,India,INE403Y01018,,
INNOVATIVE.BO,INNOVATIVE,,541983,Innovative Ideals and Services,BSE,India,INE492Y01011,,
INNOVATORS.BO,INNOVATORS,,541353,Innovators Facade Systems Limi,BSE,India,INE870Z01015,,
INNOVISION.NS,INNOVISION,INNOVISION,544732,Innovision Limited,NSE,India,INE0ADB01012,,
INNOVTEC.BO,INNOVTEC,,523840,INNOVATIVE TECH PACK LTD.,BSE,India,INE965C01038,,
INOVSYNTH.BO,INOVSYNTH,,533315,INNOVASSYNTH TECHNOLOGIES (IND,BSE,India,INE690J01011,,
INOXGREEN.NS,INOXGREEN,INOXGREEN,543667,Inox Green Energy Services Limited,NSE,India,INE510W01014,,
INOXINDIA.NS,INOXINDIA,INOXINDIA,544046,INOX India Limited,NSE,India,INE616N01034,Capital Goods,
INOXWIND.NS,INOXWIND,INOXWIND,539083,Inox Wind Limited,NSE,India,INE066P01011,Capital Goods,
INSECTICID.NS,INSECTICID,INSECTICID,532851,Insecticides (India) Limited,NSE,India,INE070I01018,,
INSPIRE.NS,INSPIRE,,,Inspire Films Limited,NSE,India,INE0NDX01019,,
INSPIRISYS.NS,INSPIRISYS,INSPIRISYS,532774,Inspirisys Solutions Limited,NSE,India,INE020G01017,,
INTCAPL.BO,INTCAPL,,531314,INTEGRA CAPITAL LIMITED,BSE,India,INE366H01012,,
INTECCAP.BO,INTECCAP,,526871,INTEC CAPITAL LTD.,BSE,India,INE017E01018,,
INTEGFD.BO,INTEGFD,,519606,INTEGRATED PROTEINS LTD.,BSE,India,INE177M01021,,
INTEGHIT.BO,INTEGHIT,,532303,INTEGRATED HITECH LTD.,BSE,India,INE934A01012,,
INTEGRAEN.BO,INTEGRAEN,,505358,INTEGRA ENGINEERING INDIA LTD.,BSE,India,INE984B01023,,
INTEGRITY.NS,INTEGRITY,,,Integrity Infrabuild Developers Limited,NSE,India,INE0YSH01017,,
INTEGSW.BO,INTEGSW,,517423,INTEGRA SWITCHGEAR LTD.,BSE,India,INE0IPL01018,,
INTELLECT.NS,INTELLECT,INTELLECT,538835,Intellect Design Arena Limited,NSE,India,INE306R01017,Information Technology,
INTENTECH.NS,INTENTECH,INTENTECH,532326,Intense Technologies Limited,NSE,India,INE781A01025,,
INTERARCH.NS,INTERARCH,INTERARCH,544232,Interarch Building Solutions Limited,NSE,India,INE00M901018,,
INTERDIGI.BO,INTERDIGI,,532072,INTERWORLD DIGITAL LTD.,BSE,India,INE177D01020,,
INTETHR.BO,INTETHR,,530921,INTEGRATED THERMOPLASTICS LTD.,BSE,India,INE038N01015,,
INTLCOMBQ.BO,INTLCOMBQ,,505737,INTERNATIONAL COMBUSTION (INDI,BSE,India,INE403C01014,,
INTLCONV.NS,INTLCONV,INTLCONV,509709,International Conveyors Limited,NSE,India,INE575C01027,,
INTRGLB.BO,INTRGLB,,511391,INTER GLOBE FINANCE LTD.,BSE,India,INE661M01016,,
INTSTOIL.BO,INTSTOIL,,530259,INTER STATE OIL CARRIER LTD.,BSE,India,INE003B01014,,
INVENTURE.NS,INVENTURE,INVENTURE,533506,Inventure Growth & Securities Limited,NSE,India,INE878H01024,,
INVICTA.NS,INVICTA,,,Invicta Diagnostic Limited,NSE,India,INE0XJ501010,,
INVIGO.BO,INVIGO,,511716,Invigorated Business Consultin,BSE,India,INE359A01012,,
INVPRECQ.NS,INVPRECQ,INVPRECQ,504786,Investment & Precision Castings Limited,NSE,India,INE155E01016,,
IOB.NS,IOB,IOB,532388,Indian Overseas Bank,NSE,India,INE565A01014,Financial Services,
IOC.NS,IOC,IOC,530965,Indian Oil Corporation Limited,NSE,India,INE242A01010,Oil Gas & Consumable Fuels,
IOLCP.NS,IOLCP,IOLCP,524164,IOL Chemicals and Pharmaceuticals Limited,NSE,India,INE485C01029,,
IONEXCHANG.NS,IONEXCHANG,IONEXCHANG,500214,ION Exchange (India) Limited,NSE,India,INE570A01022,,
IPCALAB.NS,IPCALAB,IPCALAB,524494,IPCA Laboratories Limited,NSE,India,INE571A01038,Healthcare,
IPHL.NS,IPHL,,,Indian Phosphate Limited,NSE,India,INE0DHF01018,,
IPL.NS,IPL,IPL,543311,India Pesticides Limited,NSE,India,INE0D6701023,,
IPOWER.BO,IPOWER,,512405,I-POWER SOLUTIONS INDIA LTD.,BSE,India,INE468F01010,,
IPRINGLTD.NS,IPRINGLTD,IPRINGLTD,523638,IP Rings Limited,NSE,India,INE558A01019,,
IPSL.NS,IPSL,,,Integrated Personnel Services Limited,NSE,India,INE02EE01019,,
IRB.NS,IRB,IRB,532947,IRB Infrastructure Developers Limited,NSE,India,INE821I01022,Construction,
IRCON.NS,IRCON,IRCON,541956,Ircon International Limited,NSE,India,INE962Y01021,Construction,
IRCTC.NS,IRCTC,IRCTC,542830,Indian Railway Catering And Tourism Corporation Limited,NSE,India,INE335Y01020,Consumer Services,
IREDA.NS,IREDA,IREDA,544026,Indian Renewable Energy Development Agency Limited,NSE,India,INE202E01016,Financial Services,
IRFC.NS,IRFC,IRFC,543257,Indian Railway Finance Corporation Limited,NSE,India,INE053F01010,Financial Services,
IRIS.NS,IRIS,IRIS,540735,IRIS RegTech Solutions Limited,NSE,India,INE864K01010,,
IRISDOREME.NS,IRISDOREME,,,Iris Clothings Limited,NSE,India,INE01GN01025,,
IRMENERGY.NS,IRMENERGY,IRMENERGY,544004,IRM Energy Limited,NSE,India,INE07U701015,,
IRONWOOD.BO,IRONWOOD,,508918,IRONWOOD EDUCATION LIMITED,BSE,India,INE791H01011,,
ISERA.BO,ISERA,,534920,iSERA LIFESCIENCES LIMITED,BSE,India,INE899M01020,,
ISFL.BO,ISFL,,526859,ISF LIMITED,BSE,India,INE973B01026,,
ISFT.NS,ISFT,ISFT,533181,Intrasoft Technologies Limited,NSE,India,INE566K01011,,
ISGEC.NS,ISGEC,ISGEC,533033,Isgec Heavy Engineering Limited,NSE,India,INE858B01029,,
ISHAN.NS,ISHAN,,,Ishan International Limited,NSE,India,INE0LCW01025,,
ISHANCH.NS,ISHANCH,ISHANCH,531109,Ishan Dyes and Chemicals Limited,NSE,India,INE561M01018,,
ISHITADR.BO,ISHITADR,,524400,ISHITA DRUGS & INDUSTRIES LTD.,BSE,India,INE806D01016,,
ISLCONSUL.BO,ISLCONSUL,,511609,ISL CONSULTING LTD.,BSE,India,INE569B01022,,
ISTLTD.NS,ISTLTD,ISTLTD,508807,I S T Limited,NSE,India,INE684B01029,,
ISTRNETWK.BO,ISTRNETWK,,524622,ISTREET NETWORK LIMITED,BSE,India,INE532B01020,,
ITALIANE.NS,ITALIANE,,,Italian Edibles Limited,NSE,India,INE0R7R01018,,
ITC.NS,ITC,ITC,500875,ITC Limited,NSE,India,INE154A01025,Fast Moving Consumer Goods,Y
ITCHOTELS.NS,ITCHOTELS,ITCHOTELS,544325,ITC Hotels Limited,NSE,India,INE379A01028,Consumer Services,
ITCONS.BO,ITCONS,,543806,ITCONS E-Solutions Limited,BSE,India,INE0O6A01019,,
ITDC.NS,ITDC,ITDC,532189,India Tourism Development Corporation Limited,NSE,India,INE353K01014,,
ITHL.BO,ITHL,,500213,INTERNATIONAL TRAVEL HOUSE LTD,BSE,India,INE262B01016,,
ITI.NS,ITI,ITI,523610,ITI Limited,NSE,India,INE248A01017,Telecommunication,
ITL.NS,ITL,ITL,522183,ITL Industries Limited,NSE,India,INE478D01014,,
ITTL.NS,ITTL,,,Innovative Tyres & Tubes Limited,NSE,India,INE070Y01023,,
IVALUE.NS,IVALUE,IVALUE,544523,Ivalue Infosolutions Limited,NSE,India,INE056801025,,
IVC.NS,IVC,IVC,511208,IL&FS Investment Managers Limited,NSE,India,INE050B01023,,
IVP.NS,IVP,IVP,507580,IVP Limited,NSE,India,INE043C01018,,
IWARE.NS,IWARE,,,Iware Supplychain Services Limited,NSE,India,INE1AII01014,,
IWP.NS,IWP,IWP,540954,The Indian Wood Products Company Limited,NSE,India,INE586E01020,,
IXIGO.NS,IXIGO,IXIGO,544192,Le Travenues Technology Limited,NSE,India,INE0HV901016,,
IYKOTHITE.BO,IYKOTHITE,,522245,IYKOT HITECH TOOLROOM LTD.,BSE,India,INE079L01013,,
IZMO.NS,IZMO,IZMO,532341,IZMO Limited,NSE,India,INE848A01014,,
J&KBANK.NS,J&KBANK,J&KBANK,532209,The Jammu & Kashmir Bank Limited,NSE,India,INE168A01041,Financial Services,
JACKSON.BO,JACKSON,,538422,JACKSON INVESTMENTS LTD,BSE,India,INE508N01025,,
JAFINANCE.BO,JAFINANCE,,543860,J.A. Finance Limited,BSE,India,INE825B01010,,
JAGAJITIND.BO,JAGAJITIND,,507155,JAGATJIT INDUSTRIES LTD.,BSE,India,INE574A01016,,
JAGANLAM.BO,JAGANLAM,,530711,JAGAN LAMPS LTD.,BSE,India,INE144C01014,,
JAGJANANI.BO,JAGJANANI,,532825,JAGJANANI TEXTILES LTD.,BSE,India,INE702H01018,,
JAGRAN.NS,JAGRAN,JAGRAN,532705,Jagran Prakashan Limited,NSE,India,INE199G01027,,
JAGSNPHARM.NS,JAGSNPHARM,JAGSNPHARM,507789,Jagsonpal Pharmaceuticals Limited,NSE,India,INE048B01035,,
JAGSONSER.BO,JAGSONSER,,530601,JAGSONPAL SERVICES LIMITED,BSE,India,INE582C01015,,
JAIBALAJI.NS,JAIBALAJI,JAIBALAJI,532976,Jai Balaji Industries Limited,NSE,India,INE091G01026,,
JAICORPLTD.NS,JAICORPLTD,JAICORPLTD,512237,Jai Corp Limited,NSE,India,INE070D01027,,
JAIHIND.BO,JAIHIND,,514312,JAIHIND INDUSTRIES LIMITED,BSE,India,INE156E01014,,
JAIMATAG.BO,JAIMATAG,,523467,JAI MATA GLASS LTD.,BSE,India,INE250C01027,,
JAINAM.NS,JAINAM,,,Jainam Ferro Alloys (I) Limited,NSE,India,INE02KC01010,,
JAINCO.BO,JAINCO,,526865,JAINCO PROJECTS (INDIA) LTD.,BSE,India,INE966C01010,,
JAINEX.BO,JAINEX,,505212,JAINEX AAMCOL LTD.,BSE,India,INE280F01019,,
JAINIK.NS,JAINIK,,,Jainik Power Cables Limited,NSE,India,INE0XIL01012,,
JAINREC.NS,JAINREC,JAINREC,544537,Jain Resource Recycling Limited,NSE,India,INE0YD401026,Metals & Mining,
JAIPAN.BO,JAIPAN,,505840,JAIPAN INDUSTRIES LTD.,BSE,India,INE058D01030,,
JAIPURKURT.NS,JAIPURKURT,,,Nandani Creation Limited,NSE,India,INE696V01013,,
JAKHARIA.NS,JAKHARIA,,,JAKHARIA FABRIC LIMITED,NSE,India,INE00N401018,,
JALAN.NS,JALAN,,,Jalan Transolutions (India) Limited,NSE,India,INE349X01015,,
JAMESWARREN.BO,JAMESWARREN,,538564,JAMES WARREN TEA LTD,BSE,India,INE718P01017,,
JAMNAAUTO.NS,JAMNAAUTO,JAMNAAUTO,520051,Jamna Auto Industries Limited,NSE,India,INE039C01032,,
JAMSHRI.BO,JAMSHRI,,502901,JAMSHRI REALTY LIMITED,BSE,India,INE462D01034,,
JARO.NS,JARO,JARO,544534,Jaro Institute of Technology Management and Research Limited,NSE,India,INE00YJ01010,,
JASCH.BO,JASCH,,500220,JASCH INDUSTRIES LTD.,BSE,India,INE711C01028,,
JASH.NS,JASH,JASH,544402,Jash Engineering Limited,NSE,India,INE039O01029,,
JATTAINDUS.BO,JATTAINDUS,,514318,JATTASHANKAR INDUSTIES LTD.,BSE,India,INE722N01014,,
JAUSPOL.BO,JAUSPOL,,526001,JAUSS POLYMERS LTD.,BSE,India,INE593O01017,,
JAYAGROGN.NS,JAYAGROGN,JAYAGROGN,524330,Jayant Agro Organics Limited,NSE,India,INE785A01026,,
JAYANT.BO,JAYANT,,543544,JAYANT INFRATECH LIMITED,BSE,India,INE0KR801019,,
JAYATMA.BO,JAYATMA,,539005,JAYATMA ENTERPRISES LIMITED,BSE,India,INE246D01015,,
JAYBARMARU.NS,JAYBARMARU,JAYBARMARU,520066,Jay Bharat Maruti Limited,NSE,India,INE571B01036,,
JAYBEE.NS,JAYBEE,,,Jay Bee Laminations Limited,NSE,India,INE0SMY01017,,
JAYBHCR.BO,JAYBHCR,,501311,JAYABHARAT CREDIT LTD.,BSE,India,INE998D01011,,
JAYCH.BO,JAYCH,,506520,JAYSHREE CHEMICALS LTD.,BSE,India,INE693E01016,,
JAYESH.NS,JAYESH,,,Jayesh Logistics Limited,NSE,India,INE1AE401014,,
JAYIND.BO,JAYIND,,531323,JAYATMA INDUSTRIES LIMITED,BSE,India,INE250D01017,,
JAYKAILASH.BO,JAYKAILASH,,544160,Jay Kailash Namkeen Limited,BSE,India,INE0MSS01019,,
JAYKAY.NS,JAYKAY,JAYKAY,500306,Jaykay Enterprises Limited,NSE,India,INE903A01025,,
JAYNECOIND.NS,JAYNECOIND,JAYNECOIND,522285,Jayaswal Neco Industries Limited,NSE,India,INE854B01010,,
JAYSREETEA.NS,JAYSREETEA,JAYSREETEA,509715,Jayshree Tea & Industries Limited,NSE,India,INE364A01020,,
JAYSYNTH.BO,JAYSYNTH,,524592,JAYSYNTH ORGOCHEM LIMITED,BSE,India,INE263B01022,,
JAYTEX.BO,JAYTEX,,512233,JAYBHARAT TEXTILES & REAL ESTA,BSE,India,INE091E01039,,
JAYUSH.BO,JAYUSH,,513252,JAY USHIN LTD.,BSE,India,INE289D01015,,
JBMA.NS,JBMA,JBMA,532605,JBM Auto Limited,NSE,India,INE927D01051,Automobile and Auto Components,
JDCABLES.BO,JDCABLES,,544524,JD CABLES LIMITED,BSE,India,INE14VP01014,,
JENBURPH.NS,JENBURPH,JENBURPH,524731,Jenburkt Pharmaceuticals Limited,NSE,India,INE354A01013,,
JETFREIGHT.NS,JETFREIGHT,JETFREIGHT,543420,Jet Freight Logistics Limited,NSE,India,INE982V01025,,
JETKINGQ.BO,JETKINGQ,,517063,JETKING INFOTRAIN LTD.,BSE,India,INE919C01019,,
JETKNIT.NS,JETKNIT,,,Jet Knitwears Limited,NSE,India,INE564T01017,,
JETSOLAR.BO,JETSOLAR,,538794,JET SOLAR LIMITED,BSE,India,INE155R01018,,
JEYYAM.NS,JEYYAM,,,Jeyyam Global Foods Limited,NSE,India,INE0RXB01022,,
JFL.BO,JFL,,540850,Jhandewalas Foods Limited,BSE,India,INE841Y01019,,
JFLLIFE.NS,JFLLIFE,,,Jfl Life Sciences Limited,NSE,India,INE0LA901015,,
JGCHEM.NS,JGCHEM,JGCHEM,544138,J.G.Chemicals Limited,NSE,India,INE0MB501011,,
JGTL.BO,JGTL,,544112,JASCH GAUGING TECHNOLOGIES LIM,BSE,India,INE0QXV01014,,
JHACC.BO,JHACC,,531550,JHAVERI CREDITS & CAPITAL LTD.,BSE,India,INE865D01012,,
JHS.NS,JHS,JHS,532771,JHS Svendgaard Laboratories Limited,NSE,India,INE544H01014,,
JIGAR.BO,JIGAR,,540651,Jigar Cables Limited,BSE,India,INE943X01015,,
JINDALPHOT.NS,JINDALPHOT,JINDALPHOT,532624,Jindal Photo Limited,NSE,India,INE796G01012,,
JINDALPOLY.NS,JINDALPOLY,JINDALPOLY,500227,Jindal Poly Films Limited,NSE,India,INE197D01010,,
JINDALSAW.NS,JINDALSAW,JINDALSAW,500378,Jindal Saw Limited,NSE,India,INE324A01032,Capital Goods,
JINDALSTEL.NS,JINDALSTEL,JINDALSTEL,532286,JINDAL STEEL LIMITED,NSE,India,INE749A01030,Metals & Mining,
JINDCAP.BO,JINDCAP,,530405,JINDAL CAPITAL LTD.,BSE,India,INE356F01017,,
JINDHOT.BO,JINDHOT,,507981,JINDAL HOTELS LTD.,BSE,India,INE726D01016,,
JINDRILL.NS,JINDRILL,JINDRILL,511034,Jindal Drilling And Industries Limited,NSE,India,INE742C01031,,
JINDWORLD.NS,JINDWORLD,JINDWORLD,531543,Jindal Worldwide Limited,NSE,India,INE247D01039,,
JIOFIN.NS,JIOFIN,JIOFIN,543940,Jio Financial Services Limited,NSE,India,INE758E01017,Financial Services,Y
JISLDVREQS.NS,JISLDVREQS,,,Jain Irrigation Systems Limited,NSE,India,IN9175A01010,,
JISLJALEQS.NS,JISLJALEQS,JISLJALEQS,500219,Jain Irrigation Systems Limited,NSE,India,INE175A01038,,
JITFINFRA.NS,JITFINFRA,JITFINFRA,540311,JITF Infralogistics Limited,NSE,India,INE863T01013,,
JIVIAL.BO,JIVIAL,,544805,Jivial Industries Limited,BSE,India,INE0V3T01017,,
JIWANRAM.NS,JIWANRAM,,,Jiwanram Sheoduttrai Industries Limited,NSE,India,INE0N5H01017,,
JIYAECO.BO,JIYAECO,,539225,Jiya Eco-Products Limited,BSE,India,INE023S01024,,
JJFINCOR.BO,JJFINCOR,,523062,J.J.FINANCE CORPORATION LTD.,BSE,India,INE584C01011,,
JKAGRI.BO,JKAGRI,,536493,JK AGRI GENETICS LTD,BSE,India,INE690O01011,,
JKCEMENT.NS,JKCEMENT,JKCEMENT,532644,JK Cement Limited,NSE,India,INE823G01014,Construction Materials,
JKIL.NS,JKIL,JKIL,532940,J.Kumar Infraprojects Limited,NSE,India,INE576I01022,,
JKIPL.NS,JKIPL,JKIPL,544547,Jinkushal Industries Limited,NSE,India,INE1FF001016,,
JKLAKSHMI.NS,JKLAKSHMI,JKLAKSHMI,500380,JK Lakshmi Cement Limited,NSE,India,INE786A01032,,
JKPAPER.NS,JKPAPER,JKPAPER,532162,JK Paper Limited,NSE,India,INE789E01012,,
JKTYRE.NS,JKTYRE,JKTYRE,530007,JK Tyre & Industries Limited,NSE,India,INE573A01042,Automobile and Auto Components,
JLHL.NS,JLHL,JLHL,543980,Jupiter Life Line Hospitals Limited,NSE,India,INE682M01020,,
JLL.BO,JLL,,539947,JINDAL LEASEFIN LIMITED,BSE,India,INE919T01013,,
JMA.NS,JMA,,,Jullundur Motor Agency (Delhi) Limited,NSE,India,INE412C01023,,
JMDVL.BO,JMDVL,,511092,JMD Ventures Limited,BSE,India,INE047E01031,,
JMFINANCIL.NS,JMFINANCIL,JMFINANCIL,523405,JM Financial Limited,NSE,India,INE780C01023,Financial Services,
JMGCORP.BO,JMGCORP,,523712,JMG CORPORATION LTD.,BSE,India,INE745F01011,,
JMJFIN.BO,JMJFIN,,538834,JMJ Fintech Limited,BSE,India,INE242Q01016,,
JNKINDIA.NS,JNKINDIA,JNKINDIA,544167,JNK India Limited,NSE,India,INE0OAF01028,,
JNPR.NS,JNPR,JNPR,544853,Juniper Green Energy Limited,NSE,India,INE05C901015,,
JOCIL.NS,JOCIL,,,Jocil Limited,NSE,India,INE839G01010,,
JOHNPHARMA.BO,JOHNPHARMA,,532154,JOHNSON PHARMACARE LIMITED,BSE,India,INE560F01022,,
JOINDRE.BO,JOINDRE,,531861,JOINDRE CAPITAL SERVICES LTD.,BSE,India,INE024B01010,,
JOJO.BO,JOJO,,531910,JOJO LIMITED,BSE,India,INE312M01024,,
JOLYPLS.BO,JOLYPLS,,507968,JOLLY PLASTIC INDUSTRIES LTD.,BSE,India,INE289M01016,,
JONJUA.BO,JONJUA,,542446,Jonjua Overseas Limited,BSE,India,INE793Z01027,,
JOSTS.BO,JOSTS,,505750,JOSTS ENGINEERING CO.LTD.,BSE,India,INE636D01041,,
JPOLYINVST.NS,JPOLYINVST,JPOLYINVST,536773,Jindal Poly Investment and Finance Company Limited,NSE,India,INE147P01019,,
JPPOWER.NS,JPPOWER,JPPOWER,532627,Jaiprakash Power Ventures Limited,NSE,India,INE351F01018,Power,
JPTSEC.BO,JPTSEC,,530985,JPT SECURITIES LTD.,BSE,India,INE630C01012,,
JSFB.NS,JSFB,JSFB,544118,Jana Small Finance Bank Limited,NSE,India,INE953L01027,,
JSIPL.NS,JSIPL,JSIPL,544935,Jindal Supreme (India) Limited,NSE,India,INE1DLO01028,,
JSL.NS,JSL,JSL,532508,Jindal Stainless Limited,NSE,India,INE220G01021,Metals & Mining,
JSLINDL.BO,JSLINDL,,504080,JSL INDUSTRIES LTD.,BSE,India,INE581L01018,,
JSLL.NS,JSLL,JSLL,544476,Jeena Sikho Lifecare Limited,NSE,India,INE0J5801029,,
JSTL.BO,JSTL,,538837,Jeevan Scientific Technology L,BSE,India,INE237B01018,,
JSWCEMENT.NS,JSWCEMENT,JSWCEMENT,544480,JSW Cement Limited,NSE,India,INE718I01012,Construction Materials,
JSWDULUX.NS,JSWDULUX,JSWDULUX,500710,JSW Dulux Limited,NSE,India,INE133A01011,,
JSWENERGY.NS,JSWENERGY,JSWENERGY,533148,JSW Energy Limited,NSE,India,INE121E01018,Power,
JSWHL.NS,JSWHL,JSWHL,532642,JSW Holdings Limited,NSE,India,INE824G01012,,
JSWINFRA.NS,JSWINFRA,JSWINFRA,543994,JSW Infrastructure Limited,NSE,India,INE880J01026,Services,
JSWSTEEL.NS,JSWSTEEL,JSWSTEEL,500228,JSW Steel Limited,NSE,India,INE019A01038,Metals & Mining,Y
JTEKTINDIA.NS,JTEKTINDIA,JTEKTINDIA,520057,Jtekt India Limited,NSE,India,INE643A01035,,
JTLDEFENCE.BO,JTLDEFENCE,,537254,JTL DEFENCE LIMITED,BSE,India,INE140B01048,,
JTLIND.NS,JTLIND,JTLIND,534600,JTL INDUSTRIES LIMITED,NSE,India,INE391J01032,,
JUBLCPL.NS,JUBLCPL,JUBLCPL,544355,Jubilant Agri and Consumer Products Limited,NSE,India,INE03CC01015,,
JUBLFOOD.NS,JUBLFOOD,JUBLFOOD,533155,Jubilant Foodworks Limited,NSE,India,INE797F01020,Consumer Services,
JUBLINGREA.NS,JUBLINGREA,JUBLINGREA,543271,Jubilant Ingrevia Limited,NSE,India,INE0BY001018,Chemicals,
JUBLPHARMA.NS,JUBLPHARMA,JUBLPHARMA,530019,Jubilant Pharmova Limited,NSE,India,INE700A01033,,
JUJHARLOGI.BO,JUJHARLOGI,,534796,JUJHAR LOGISTICS  LIMITED,BSE,India,INE198N01017,,
JULIEN.BO,JULIEN,,536073,JULIEN AGRO INFRATECH LIMITED,BSE,India,INE890N01027,,
JUMBO.BO,JUMBO,,516078,JUMBO BAG LTD.,BSE,India,INE699D01015,,
JUNE.BO,JUNE,,531960,JUNE INDUSTRIES LIMITED,BSE,India,INE108B01029,,
JUNGLECAMP.BO,JUNGLECAMP,,544304,JUNGLE CAMPS INDIA LIMITED,BSE,India,INE0WCH01015,,
JUNIPER.NS,JUNIPER,JUNIPER,544129,Juniper Hotels Limited,NSE,India,INE696F01016,,
JUPITERIN.BO,JUPITERIN,,534623,JUPITER INFOMEDIA LTD.,BSE,India,INE524N01014,,
JUSTDIAL.NS,JUSTDIAL,JUSTDIAL,535648,Just Dial Limited,NSE,India,INE599M01018,,
JUSTO.BO,JUSTO,,544542,Justo Realfintech Limited,BSE,India,INE0W5Q01017,,
JWL.NS,JWL,JWL,533272,Jupiter Wagons Limited,NSE,India,INE209L01016,Capital Goods,
JYOTHYLAB.NS,JYOTHYLAB,JYOTHYLAB,532926,Jyothy Labs Limited,NSE,India,INE668F01031,,
JYOTI.BO,JYOTI,,504076,JYOTI LTD.,BSE,India,INE511D01012,,
JYOTICNC.NS,JYOTICNC,JYOTICNC,544081,Jyoti CNC Automation Limited,NSE,India,INE980O01024,Capital Goods,
JYOTIGLOBL.NS,JYOTIGLOBL,,,Jyoti Global Plast Limited,NSE,India,INE1M3T01017,,
JYOTIRES.NS,JYOTIRES,JYOTIRES,514448,Jyoti Resins & Adhesives Limited,NSE,India,INE577D01013,,
JYOTISTRUC.NS,JYOTISTRUC,JYOTISTRUC,513250,Jyoti Structures Limited,NSE,India,INE197A01024,,
K2INFRA.NS,K2INFRA,,,K2 Infragen Limited,NSE,India,INE0DEZ01013,,
KAARYAFSL.BO,KAARYAFSL,,540756,Kaarya Facilities and Services,BSE,India,INE282Y01016,,
KABRADG.BO,KABRADG,,524322,KABRA DRUGS LTD.,BSE,India,INE323K01017,,
KABRAEXTRU.NS,KABRAEXTRU,KABRAEXTRU,524109,Kabra Extrusion Technik Limited,NSE,India,INE900B01029,,
KABSON.BO,KABSON,,524675,KABSONS INDUSTRIES LTD.,BSE,India,INE645C01010,,
KACHCHH.BO,KACHCHH,,531778,KACHCHH MINERALS LTD.,BSE,India,INE059E01010,,
KACL.BO,KACL,,531780,KAISER CORPORATION LIMITED,BSE,India,INE229G01022,,
KAHAN.BO,KAHAN,,543979,Kahan Packaging Limited,BSE,India,INE04T901017,,
KAIRA.BO,KAIRA,,504840,KAIRA CAN CO.LTD.,BSE,India,INE375D01012,,
KAIZENAGRO.BO,KAIZENAGRO,,538833,KAIZEN AGRO INFRABUILD LIMITED,BSE,India,INE891N01017,,
KAJARIACER.NS,KAJARIACER,KAJARIACER,500233,Kajaria Ceramics Limited,NSE,India,INE217B01036,Consumer Durables,
KAJARIR.BO,KAJARIR,,513693,KIC METALIKS LTD.,BSE,India,INE434C01027,,
KAKA.BO,KAKA,,543939,Kaka Industries Limited,BSE,India,INE0P3N01018,,
KAKATCEM.NS,KAKATCEM,KAKATCEM,500234,Kakatiya Cement Sugar & Industries Limited,NSE,India,INE437B01014,,
KAKTEX.BO,KAKTEX,,521054,KAKATIYA TEXTILES LTD.,BSE,India,INE092E01011,,
KALAMANDIR.NS,KALAMANDIR,KALAMANDIR,543989,Sai Silks (Kalamandir) Limited,NSE,India,INE438K01021,,
KALANA.NS,KALANA,,,Kalana Ispat Limited,NSE,India,INE0T0L01014,,
KALIND.BO,KALIND,,526935,Kalind Limited,BSE,India,INE377D01026,,
KALLAM.BO,KALLAM,,530201,KALLAM TEXTILES LTD,BSE,India,INE629F01025,,
KALPACOMME.BO,KALPACOMME,,539014,Kalpa Commercial Limited,BSE,India,INE059Q01014,,
KALPATARU.NS,KALPATARU,KALPATARU,544423,Kalpataru Limited,NSE,India,INE227J01012,,
KALYANCAP.BO,KALYANCAP,,538778,Kalyan Capitals Limited,BSE,India,INE149Q01021,,
KALYANI.BO,KALYANI,,544023,Kalyani Cast-Tech Limited,BSE,India,INE0N6U01018,,
KALYANI.NS,KALYANI,,,Kalyani Commercials Limited,NSE,India,INE610E01010,,
KALYANIFRG.NS,KALYANIFRG,KALYANIFRG,513509,Kalyani Forge Limited,NSE,India,INE314G01014,,
KALYANKJIL.NS,KALYANKJIL,KALYANKJIL,543278,Kalyan Jewellers India Limited,NSE,India,INE303R01014,Consumer Durables,
KAMADGIRI.BO,KAMADGIRI,,514322,KAMADGIRI FASHION LTD.,BSE,India,INE535C01013,,
KAMAHOLD.NS,KAMAHOLD,KAMAHOLD,532468,Kama Holdings Limited,NSE,India,INE411F01010,,
KAMANWALA.NS,KAMANWALA,KAMANWALA,511131,Kamanwala Housing Construction Limited,NSE,India,INE344D01018,,
KAMATHOTEL.NS,KAMATHOTEL,KAMATHOTEL,526668,Kamat Hotels (I) Limited,NSE,India,INE967C01018,,
KAMATS.BO,KAMATS,,539659,VIKRAM KAMATS HOSPITALITY LIMI,BSE,India,INE564S01019,,
KAMDHENU.NS,KAMDHENU,KAMDHENU,532741,Kamdhenu Limited,NSE,India,INE390H01020,,
KAMOPAINTS.NS,KAMOPAINTS,KAMOPAINTS,543747,Kamdhenu Ventures Limited,NSE,India,INE0BTI01037,,
KANANIIND.NS,KANANIIND,KANANIIND,506184,Kanani Industries Limited,NSE,India,INE879E01037,,
KANCHI.NS,KANCHI,KANCHI,538896,Kanchi Karpooram Limited,NSE,India,INE081G01019,,
KANCOTEA.NS,KANCOTEA,KANCOTEA,541005,Kanco Tea & Industries Limited,NSE,India,INE398L01017,,
KANDAGIRI.BO,KANDAGIRI,,521242,KANDAGIRI SPINNING MILLS LTD.,BSE,India,INE292D01019,,
KANDARP.NS,KANDARP,,,Kandarp Digi Smart BPO Limited,NSE,India,INE0MOT01016,,
KANELIND.BO,KANELIND,,500236,KANEL INDUSTRIES LIMITED,BSE,India,INE252C01023,,
KANISHK.BO,KANISHK,,544693,KANISHK ALUMINIUM INDIA LIMITE,BSE,India,INE163401016,,
KANOHAR.NS,KANOHAR,KANOHAR,544911,Kanohar Electricals Limited,NSE,India,INE877D01025,,
KANORICHEM.NS,KANORICHEM,KANORICHEM,506525,Kanoria Chemicals & Industries Limited,NSE,India,INE138C01024,,
KANPRPLA.NS,KANPRPLA,KANPRPLA,507779,Kanpur Plastipack Limited,NSE,India,INE694E01014,,
KANSAINER.NS,KANSAINER,KANSAINER,500165,Kansai Nerolac Paints Limited,NSE,India,INE531A01024,,
KANSHST.BO,KANSHST,,513456,KANISHK STEEL INDUSTRIES LTD.,BSE,India,INE791E01018,,
KANUNGO.BO,KANUNGO,,540515,KANUNGO FINANCIERS LIMITED,BSE,India,INE453S01015,,
KAPILRAJ.BO,KAPILRAJ,,539679,Kapil Raj Finance Ltd.,BSE,India,INE332Q01023,,
KAPSTON.NS,KAPSTON,,,Kapston Services Limited,NSE,India,INE542Z01028,,
KARAMTARA.NS,KARAMTARA,KARAMTARA,544917,Karamtara Engineering Limited,NSE,India,INE590T01012,,
KARANWO.BO,KARANWO,,526115,KARAN WOO-SIN LTD.,BSE,India,INE327D01013,,
KARBON.BO,KARBON,,544511,Karbonsteel Engineering Limite,BSE,India,INE0V8A01016,,
KARMAENG.NS,KARMAENG,KARMAENG,533451,Karma Energy Limited,NSE,India,INE725L01011,,
KARNAVATI.BO,KARNAVATI,,538928,Karnavati Finance Limited,BSE,India,INE554R01020,,
KARNAWATI.BO,KARNAWATI,,531671,Karnawati Innovation Limited,BSE,India,INE214D01021,,
KARNIKA.NS,KARNIKA,,,Karnika Industries Limited,NSE,India,INE0MGA01012,,
KARTKIN.BO,KARTKIN,,501151,KARTIK INVESTMENTS TRUST LTD.,BSE,India,INE524U01019,,
KARURVYSYA.NS,KARURVYSYA,KARURVYSYA,590003,Karur Vysya Bank Limited,NSE,India,INE036D01028,Financial Services,
KASTURI.BO,KASTURI,,544688,KASTURI METAL COMPOSITE LIMITE,BSE,India,INE0T1301023,,
KATARIA.NS,KATARIA,,,Kataria Industries Limited,NSE,India,INE0SVY01018,,
KATIPATANG.BO,KATIPATANG,,531126,KATI PATANG LIFESTYLE LIMITED,BSE,India,INE237C01016,,
KATRSPG.BO,KATRSPG,,502933,KATARE SPINNING MILLS LTD.,BSE,India,INE498G01015,,
KAUSHALYA.NS,KAUSHALYA,KAUSHALYA,532925,Kaushalya Infrastructure Development Corporation Limited,NSE,India,INE234I01028,,
KAVDEFENCE.NS,KAVDEFENCE,KAVDEFENCE,590041,Kavveri Defence & Wireless Technologies Limited,NSE,India,INE641C01019,,
KAYA.NS,KAYA,KAYA,539276,Kaya Limited,NSE,India,INE587G01015,,
KAYCEEI.BO,KAYCEEI,,504084,KAYCEE INDUSTRIES LTD.,BSE,India,INE813G01023,,
KAYNES.NS,KAYNES,KAYNES,543664,Kaynes Technology India Limited,NSE,India,INE918Z01012,Capital Goods,
KAYPOWR.BO,KAYPOWR,,530255,KAY POWER AND PAPER LTD.,BSE,India,INE961B01013,,
KAYTEX.NS,KAYTEX,,,Kaytex Fabrics Limited,NSE,India,INE13ZD01013,,
KBSINDIA.BO,KBSINDIA,,530357,KBS INDIA LIMITED,BSE,India,INE883D01023,,
KCDGROUP.BO,KCDGROUP,,540696,KCD INDUSTRIES INDIA LIMITED,BSE,India,INE185U01035,,
KCEIL.NS,KCEIL,,,Kay Cee Energy & Infra Limited,NSE,India,INE0RCG01017,,
KCK.NS,KCK,,,Kck Industries Limited,NSE,India,INE0J1E01027,,
KCLINFRA.BO,KCLINFRA,,531784,KCL Infra Projects Limited,BSE,India,INE469F01026,,
KCP.NS,KCP,KCP,590066,KCP Limited,NSE,India,INE805C01028,,
KCPSUGIND.NS,KCPSUGIND,KCPSUGIND,533192,KCP Sugar and Industries Corporation Limited,NSE,India,INE790B01024,,
KCSL.BO,KCSL,,537784,KARNIMATA COLD STORAGE LTD,BSE,India,INE576P01019,,
KDDL.NS,KDDL,KDDL,532054,KDDL Limited,NSE,India,INE291D01011,,
KDGREEN.NS,KDGREEN,KDGREEN,512595,KD Green Industries Limited,NSE,India,INE348N01042,,
KDL.NS,KDL,,,Kore Digital Limited,NSE,India,INE0O4R01018,,
KEC.NS,KEC,KEC,532714,KEC International Limited,NSE,India,INE389H01022,Construction,
KECL.NS,KECL,KECL,533193,Kirloskar Electric Company Limited,NSE,India,INE134B01017,,
KEEPLEARN.NS,KEEPLEARN,KEEPLEARN,526677,DSJ Keep Learning Limited,NSE,India,INE055C01020,,
KEERTHI.BO,KEERTHI,,518011,KEERTHI INDUSTRIES LTD.,BSE,India,INE145L01012,,
KEI.NS,KEI,KEI,517569,KEI Industries Limited,NSE,India,INE878B01027,Capital Goods,
KEIL.BO,KEIL,,539620,KANORIA ENERGY & INFRASTRUCTUR,BSE,India,INE534E01020,,
KEL.BO,KEL,,539599,Kotia Enterprises Limited,BSE,India,INE079C01012,,
KELENRG.BO,KELENRG,,506528,KELTECH ENERGIES LTD.,BSE,India,INE881E01017,,
KELLTONTEC.NS,KELLTONTEC,KELLTONTEC,519602,Kellton Tech Solutions Limited,NSE,India,INE164B01030,,
KEMISTAR.BO,KEMISTAR,,531163,KEMISTAR CORPORATION LIMITED,BSE,India,INE971L01029,,
KEMP.BO,KEMP,,506530,KEMP & COMPANY LTD.,BSE,India,INE060E01018,,
KEN.NS,KEN,,,Ken Enterprises Limited,NSE,India,INE15DO01012,,
KENFIN.BO,KENFIN,,530547,KEN FINANCIAL SERVICES LTD.,BSE,India,INE395E01018,,
KENNAMET.NS,KENNAMET,KENNAMET,505890,Kennametal India Limited,NSE,India,INE717A01029,,
KENRIK.BO,KENRIK,,544398,Kenrik Industries Limited,BSE,India,INE0AOG01018,,
KENVI.BO,KENVI,,540953,Kenvi Jewels Limited,BSE,India,INE923Y01023,,
KERALAYUR.BO,KERALAYUR,,530163,KERALA AYURVEDA LTD.,BSE,India,INE817B01025,,
KERNEX.NS,KERNEX,KERNEX,532686,Kernex Microsystems (India) Limited,NSE,India,INE202H01019,,
KESAR.BO,KESAR,,543542,KESAR INDIA LIMITED,BSE,India,INE0L1C01019,,
KESARENT.BO,KESARENT,,507180,KESAR ENTERPRISES LTD.,BSE,India,INE133B01027,,
KESARPE.BO,KESARPE,,524174,KESAR PETROPRODUCTS LTD.,BSE,India,INE133C01033,,
KESORAMIND.NS,KESORAMIND,KESORAMIND,502937,Kesoram Industries Limited,NSE,India,INE087A01019,,
KETOMOTORS.BO,KETOMOTORS,,537392,Keto Motors Limited,BSE,India,INE392H01026,,
KEYCORP.BO,KEYCORP,,507948,KEY CORP LTD.,BSE,India,INE130F01016,,
KEYFINSERV.NS,KEYFINSERV,KEYFINSERV,512597,Keynote Financial Services Limited,NSE,India,INE681C01015,,
KFBL.BO,KFBL,,507474,KOTHARI FERMENTATION & BIOCHEM,BSE,India,INE991B01010,,
KFINTECH.NS,KFINTECH,KFINTECH,543720,Kfin Technologies Limited,NSE,India,INE138Y01010,Financial Services,
KGDENIM.BO,KGDENIM,,500239,KG DENIM LTD.,BSE,India,INE104A01012,,
KGES.BO,KGES,,543289,Kuberan Global Edu Solutions L,BSE,India,INE04CO01018,,
KGPETRO.BO,KGPETRO,,531609,KG PETROCHEM LTD.,BSE,India,INE902G01016,,
KGVL.BO,KGVL,,544270,Khyati Global Ventures Limited,BSE,India,INE0S9501014,,
KHADIM.NS,KHADIM,KHADIM,540775,Khadim India Limited,NSE,India,INE834I01025,,
KHAICHEM.NS,KHAICHEM,KHAICHEM,507794,Khaitan Chemicals & Fertilizers Limited,NSE,India,INE745B01028,,
KHAITANLTD.NS,KHAITANLTD,KHAITANLTD,590068,Khaitan (India) Limited,NSE,India,INE731C01018,,
KHANDSE.NS,KHANDSE,KHANDSE,531892,Khandwala Securities Limited,NSE,India,INE060B01014,,
KHAZANCHI.BO,KHAZANCHI,,543953,Khazanchi Jewellers Limited,BSE,India,INE0OWC01011,,
KHERIAAUTO.NS,KHERIAAUTO,,,Kheria Autocomp Limited,NSE,India,INE0HOL01013,,
KHFM.NS,KHFM,,,Khfm Hospitality And Facility Management Services Limited,NSE,India,INE00UG01014,,
KHOOBSURAT.BO,KHOOBSURAT,,535730,KHOOBSURAT LTD,BSE,India,INE731G01027,,
KHYATI.BO,KHYATI,,531692,KHYATI MULTIMEDIA-ENTERTAINMEN,BSE,India,INE593B01030,,
KIAASA.BO,KIAASA,,544711,KIAASA RETAIL LIMITED,BSE,India,INE1C3F01018,,
KICL.NS,KICL,KICL,533302,Kalyani Investment Company Limited,NSE,India,INE029L01018,,
KIDUJA.BO,KIDUJA,,507946,KIDUJA INDIA LTD.,BSE,India,INE845A01028,,
KIFS.BO,KIFS,,535566,KIFS FINANCIAL SERVICES LTD.,BSE,India,INE902D01013,,
KILITCH.NS,KILITCH,KILITCH,524500,Kilitch Drugs (India) Limited,NSE,India,INE729D01010,,
KIMIABL.BO,KIMIABL,,530313,KIMIA BIOSCIENCES LIMITED,BSE,India,INE285U01025,,
KIMS.NS,KIMS,KIMS,543308,Krishna Institute of Medical Sciences Limited,NSE,India,INE967H01025,Healthcare,
KINETICENG.BO,KINETICENG,,500240,KINETIC ENGINEERING LTD.,BSE,India,INE266B01017,,
KINETRU.BO,KINETRU,,531274,KINETIC TRUST LTD.,BSE,India,INE674M01019,,
KINGFA.NS,KINGFA,KINGFA,524019,Kingfa Science & Technology (India) Limited,NSE,India,INE473D01015,,
KINGSINFR.BO,KINGSINFR,,530215,KINGS INFRA VENTURES LIMITED,BSE,India,INE050N01010,,
KIOCL.NS,KIOCL,KIOCL,540680,KIOCL Limited,NSE,India,INE880L01014,,
KIRANPR.BO,KIRANPR,,531413,KIRAN PRINT-PACK LTD.,BSE,India,INE516D01011,,
KIRANSY-B.BO,KIRANSY-B,,530443,KIRAN SYNTEX LTD.,BSE,India,INE293D01017,,
KIRANVYPAR.NS,KIRANVYPAR,KIRANVYPAR,537750,Kiran Vyapar Limited,NSE,India,INE555P01013,,
KIRIINDUS.NS,KIRIINDUS,KIRIINDUS,532967,Kiri Industries Limited,NSE,India,INE415I01015,,
KIRLFER.NS,KIRLFER,KIRLFER,500245,Kirloskar Ferrous Industries Limited,NSE,India,INE884B01025,,
KIRLOSBROS.NS,KIRLOSBROS,KIRLOSBROS,500241,Kirloskar Brothers Limited,NSE,India,INE732A01036,Capital Goods,
KIRLOSENG.NS,KIRLOSENG,KIRLOSENG,533293,Kirloskar Oil Engines Limited,NSE,India,INE146L01010,Capital Goods,
KIRLOSIND.NS,KIRLOSIND,KIRLOSIND,500243,Kirloskar Industries Limited,NSE,India,INE250A01039,,
KIRLPNU.NS,KIRLPNU,KIRLPNU,505283,Kirloskar Pneumatic Company Limited,NSE,India,INE811A01038,,
KISAAN.BO,KISAAN,,519230,KISAAN PARIVAR INDUSTRIES LIMI,BSE,India,INE102C01020,,
KISAN.BO,KISAN,,530145,KISAN MOULDINGS LTD.,BSE,India,INE017C01012,,
KISSHT.NS,KISSHT,KISSHT,544754,OnEMI Technology Solutions Limited,NSE,India,INE12F801023,,
KITEX.NS,KITEX,KITEX,521248,Kitex Garments Limited,NSE,India,INE602G01020,,
KIZI.BO,KIZI,,544221,Kizi Apparels Limited,BSE,India,INE0RMR01013,,
KJMCCORP.BO,KJMCCORP,,532304,KJMC CORPORATE ADVISORS (INDIA,BSE,India,INE602C01011,,
KJMCFIN.NS,KJMCFIN,KJMCFIN,530235,KJMC Financial Services Limited,NSE,India,INE533C01018,,
KKALPANAIND.BO,KKALPANAIND,,526409,KKALPANA INDUSTRIES (INDIA) LT,BSE,India,INE301C01028,,
KKCL.NS,KKCL,KKCL,532732,Kewal Kiran Clothing Limited,NSE,India,INE401H01017,,
KKJEWELS.NS,KKJEWELS,,,Kabra Jewels Limited,NSE,India,INE0XOW01017,,
KKPLASTICK.BO,KKPLASTICK,,523652,Kkalpana Plastick Limited,BSE,India,INE465K01016,,
KKSHL.BO,KKSHL,,544013,KK Shah Hospitals Limited,BSE,India,INE0OH401016,,
KKSILK.BO,KKSILK,,544624,K K SILK MILLS LIMITED,BSE,India,INE0EOJ01014,,
KKVAPOW.NS,KKVAPOW,,,KKV Agro Powers Limited,NSE,India,INE239T01016,,
KLASSROOM.BO,KLASSROOM,,544856,FUSION KLASSROOM EDUTECH LIMIT,BSE,India,INE1LMA01010,,
KLBRENG-B.NS,KLBRENG-B,KLBRENG-B,522101,Kilburn Engineering Limited,NSE,India,INE338F01015,,
KLGCAP.BO,KLGCAP,,530771,KLG CAPITAL SERVICES LTD.,BSE,India,INE929C01018,,
KLIFESTYL.BO,KLIFESTYL,,514221,K-LIFESTYLE & INDUSTRIES LIMIT,BSE,India,INE218A01028,,
KLL.NS,KLL,,,Kaushalya Logistics Limited,NSE,India,INE0Q2V01012,,
KLRFM.BO,KLRFM,,507598,KOVILPATTI LAKSHMI ROLLER FLOU,BSE,India,INE014E01015,,
KMCSHIL.NS,KMCSHIL,KMCSHIL,524520,K M C Speciality Hospitals (India) Limited,NSE,India,INE879K01018,,
KMEW.NS,KMEW,KMEW,543273,Knowledge Marine & Engineering Works Limited,NSE,India,INE0CJD01029,,
KMFBLDR.BO,KMFBLDR,,531578,KMF BUILDERS & DEVELOPERS LTD.,BSE,India,INE580H01026,,
KMSUGAR.NS,KMSUGAR,KMSUGAR,532673,K.M.Sugar Mills Limited,NSE,India,INE157H01023,,
KNACK.NS,KNACK,KNACK,544814,Knack Packaging Limited,NSE,India,INE17QZ01016,,
KNAGRI.NS,KNAGRI,,,KN Agri Resources Limited,NSE,India,INE0KNW01016,,
KNRCON.NS,KNRCON,KNRCON,532942,KNR Constructions Limited,NSE,India,INE634I01029,,
KOBO.BO,KOBO,,531541,KOBO BIOTECH LIMITED,BSE,India,INE881A01015,,
KODYTECH.NS,KODYTECH,,,Kody Technolab Limited,NSE,India,INE0Q7P01013,,
KOHINOOR.NS,KOHINOOR,KOHINOOR,512559,Kohinoor Foods Limited,NSE,India,INE080B01012,,
KOIYAIN.BO,KOIYAIN,,530565,KOIYA INTERNATIONAL LIMITED,BSE,India,INE149B01015,,
KOKUYOCMLN.NS,KOKUYOCMLN,KOKUYOCMLN,523207,Kokuyo Camlin Limited,NSE,India,INE760A01029,,
KOLTEPATIL.NS,KOLTEPATIL,KOLTEPATIL,532924,Kolte - Patil Developers Limited,NSE,India,INE094I01018,,
KONARKSY.BO,KONARKSY,,514128,KONARK SYNTHETIC LTD.,BSE,India,INE517D01019,,
KONNDOR.BO,KONNDOR,,532397,KONNDOR INDUSTRIES LIMITED,BSE,India,INE971A01014,,
KONSTELEC.NS,KONSTELEC,,,Konstelec Engineers Limited,NSE,India,INE0QEI01011,,
KONTOR.NS,KONTOR,,,Kontor Space Limited,NSE,India,INE0KZ301010,,
KOPRAN.NS,KOPRAN,KOPRAN,524280,Kopran Limited,NSE,India,INE082A01010,,
KORE.NS,KORE,,,Jay Jalaram Technologies Limited,NSE,India,INE0J6801010,,
KOTAKBANK.NS,KOTAKBANK,KOTAKBANK,500247,Kotak Mahindra Bank Limited,NSE,India,INE237A01036,Financial Services,Y
KOTARISUG.NS,KOTARISUG,,,Kothari Sugars And Chemicals Limited,NSE,India,INE419A01022,,
KOTHARIPET.NS,KOTHARIPET,,,Kothari Petrochemicals Limited,NSE,India,INE720A01015,,
KOTHARIPRO.NS,KOTHARIPRO,KOTHARIPRO,530299,Kothari Products Limited,NSE,India,INE823A01017,,
KOTIC.NS,KOTIC,KOTIC,509732,Kothari Industrial Corporation Limited,NSE,India,INE972A01020,,
KOTYARK.NS,KOTYARK,KOTYARK,544726,Kotyark Industries Limited,NSE,India,INE0J0B01017,,
KOURA.BO,KOURA,,544139,KOURA FINE DIAMOND JEWELRY LIM,BSE,India,INE0M8R01011,,
KOVAI.NS,KOVAI,KOVAI,523323,Kovai Medical Center & Hospital Limited,NSE,India,INE177F01017,,
KPEL.NS,KPEL,KPEL,539686,K.P. Energy Limited,NSE,India,INE127T01021,,
KPGEL.BO,KPGEL,,544150,KP GREEN ENGINEERING LIMITED,BSE,India,INE0QVH01025,,
KPIGREEN.NS,KPIGREEN,KPIGREEN,542323,KPI Green Energy Limited,NSE,India,INE542W01025,,
KPIL.NS,KPIL,KPIL,522287,Kalpataru Projects International Limited,NSE,India,INE220B01022,Construction,
KPITTECH.NS,KPITTECH,KPITTECH,542651,KPIT Technologies Limited,NSE,India,INE04I401011,Information Technology,
KPL.NS,KPL,KPL,539997,Kwality Pharmaceuticals Limited,NSE,India,INE552U01010,,
KPRMILL.NS,KPRMILL,KPRMILL,532889,K.P.R. Mill Limited,NSE,India,INE930H01031,Textiles,
KPT.BO,KPT,,505299,KPT INDUSTRIES LIMITED,BSE,India,INE731D01024,,
KRANTI.BO,KRANTI,,542459,Kranti Industries Limited,BSE,India,INE911T01010,,
KRATIKAL.BO,KRATIKAL,,544811,KRATIKAL TECH LIMITED,BSE,India,INE1L0M01019,,
KRBL.NS,KRBL,KRBL,530813,KRBL Limited,NSE,India,INE001B01026,,
KREBSBIO.NS,KREBSBIO,KREBSBIO,524518,Krebs Biochemicals and Industries Limited,NSE,India,INE268B01013,,
KREONFIN.BO,KREONFIN,,530139,KREON FINNANCIAL SERVICES LTD.,BSE,India,INE302C01018,,
KRETTOSYS.BO,KRETTOSYS,,531328,KRETTO SYSCON LIMITED,BSE,India,INE128R01023,,
KRIDHANINF.NS,KRIDHANINF,KRIDHANINF,533482,Kridhan Infra Limited,NSE,India,INE524L01026,,
KRIFILIND.BO,KRIFILIND,,500248,KRISHNA FILAMENT INDUSTRIES LI,BSE,India,INE073A01019,,
KRISHANA.NS,KRISHANA,,,Krishana Phoschem Limited,NSE,India,INE506W01020,,
KRISHCA.NS,KRISHCA,,,Krishca Strapping Solutions Limited,NSE,India,INE0NR701018,,
KRISHIVAL.NS,KRISHIVAL,KRISHIVAL,544416,Krishival Foods Limited,NSE,India,INE0GGO01015,,
KRISHNA.BO,KRISHNA,,504392,KRISHNA VENTURES LIMITED,BSE,India,INE537L01010,,
KRISHNACAP.BO,KRISHNACAP,,539384,Krishna Capital And Securities,BSE,India,INE897B01019,,
KRISHNADEF.NS,KRISHNADEF,,,Krishna Defence And Allied Industries Limited,NSE,India,INE0J5601015,,
KRITI.NS,KRITI,KRITI,526423,Kriti Industries (India) Limited,NSE,India,INE479D01038,,
KRITIKA.NS,KRITIKA,,,Kritika Wires Limited,NSE,India,INE00Z501029,,
KRITINUT.NS,KRITINUT,KRITINUT,533210,Kriti Nutrients Limited,NSE,India,INE798K01010,,
KRMAYURVED.NS,KRMAYURVED,,,KRM Ayurveda Limited,NSE,India,INE1MTV01019,,
KRN.NS,KRN,KRN,544263,KRN Heat Exchanger and Refrigeration Limited,NSE,India,INE0Q3J01015,,
KRONOX.NS,KRONOX,KRONOX,544187,Kronox Lab Sciences Limited,NSE,India,INE0ATZ01017,,
KROSS.NS,KROSS,KROSS,544253,Kross Limited,NSE,India,INE0O6601022,,
KROWNIQ.BO,KROWNIQ,,530689,KROWNIQ LIMITED,BSE,India,INE624M01014,,
KRRAIL.BO,KRRAIL,,514360,K&R RAIL ENGINEERING LIMITED,BSE,India,INE078T01026,,
KRSNAA.NS,KRSNAA,KRSNAA,543328,Krsnaa Diagnostics Limited,NSE,India,INE08LI01020,,
KRUPALU.BO,KRUPALU,,544509,Krupalu Metals Limited,BSE,India,INE0XZB01017,,
KRYPTONQ.BO,KRYPTONQ,,523550,KRYPTON INDUSTRIES LTD.,BSE,India,INE951B01014,,
KRYSTAL.NS,KRYSTAL,KRYSTAL,544149,Krystal Integrated Services Limited,NSE,India,INE0QN801017,,
KSB.NS,KSB,KSB,500249,Ksb Limited,NSE,India,INE999A01023,Capital Goods,
KSCL.NS,KSCL,KSCL,532899,Kaveri Seed Company Limited,NSE,India,INE455I01029,,
KSE.NS,KSE,KSE,519421,KSE Limited,NSE,India,INE953E01022,,
KSHINTL.NS,KSHINTL,KSHINTL,544664,KSH International Limited,NSE,India,INE987S01020,,
KSHITIJPOL.NS,KSHITIJPOL,,,Kshitij Polyline Limited,NSE,India,INE013801027,,
KSL.NS,KSL,KSL,500235,Kalyani Steels Limited,NSE,India,INE907A01026,,
KSOLVES.NS,KSOLVES,KSOLVES,543599,Ksolves India Limited,NSE,India,INE0D6I01023,,
KSR.NS,KSR,KSR,544615,KSR Footwear Limited,NSE,India,INE1SPP01016,,
KSSMART.BO,KSSMART,,516038,KS Smart Technologies Limited,BSE,India,INE737E01011,,
KTIL.BO,KTIL,,533289,KESAR TERMINALS & INFRASTRUCTU,BSE,India,INE096L01025,,
KTKBANK.NS,KTKBANK,KTKBANK,532652,The Karnataka Bank Limited,NSE,India,INE614B01018,,
KUANTUM.NS,KUANTUM,KUANTUM,532937,Kuantum Papers Limited,NSE,India,INE529I01021,,
KUBERJI.BO,KUBERJI,,539408,Kuber Udyog Limited,BSE,India,INE594R01018,,
KUMPFIN.BO,KUMPFIN,,526869,KUMBHAT FINANCIAL SERVICES LTD,BSE,India,INE795E01019,,
KUNSTOFF.BO,KUNSTOFF,,523594,KUNSTSTOFFE INDUSTRIES LTD.,BSE,India,INE638D01021,,
KUSHIND.BO,KUSHIND,,514240,Kush Industries Limited,BSE,India,INE979D01011,,
KUSUMGAR.NS,KUSUMGAR,KUSUMGAR,544821,Kusumgar Limited,NSE,India,INE0ISX01025,,
KUWERIN.BO,KUWERIN,,530421,KUWER INDUSTRIES LTD.,BSE,India,INE430F01010,,
KVFORGE.BO,KVFORGE,,513369,KRISHANVEER FORGE LIMITED,BSE,India,INE013J01016,,
KVSCASTING.BO,KVSCASTING,,544554,KVS Castings Limited,BSE,India,INE163701019,,
KVTOYS.BO,KVTOYS,,544641,K. V. TOYS INDIA LIMITED,BSE,India,INE1IE301018,,
KWICK.BO,KWICK,,544895,KWICK FORENSIC SOLUTIONS LIMIT,BSE,India,INE1SFA01019,,
KWIL.NS,KWIL,KWIL,544622,Kwality Wall's (India) Limited,NSE,India,INE2KCE01013,,
KZLFIN.BO,KZLFIN,,511728,K.Z.LEASING & FINANCE LTD.,BSE,India,INE006C01015,,
LABELKRAFT.BO,LABELKRAFT,,543830,LABELKRAFT TECHNOLOGIES LIMITE,BSE,India,INE0NLJ01011,,
LACTOSE.BO,LACTOSE,,524202,LACTOSE (INDIA) LTD.,BSE,India,INE058I01013,,
LADDERUP.NS,LADDERUP,LADDERUP,530577,Ladderup Finance Limited,NSE,India,INE519D01015,,
LADDU.BO,LADDU,,537707,LADDU GOPAL ONLINE SERVICES LI,BSE,India,INE546I01025,,
LAFFANSQ.BO,LAFFANSQ,,524522,LAFFANS PETROCHEMICALS LTD.,BSE,India,INE919B01011,,
LAGNAM.NS,LAGNAM,,,Lagnam Spintex Limited,NSE,India,INE548Z01017,,
LAHL.BO,LAHL,,540026,Ladam Affortable Housing Limit,BSE,India,INE213U01019,,
LAHOTIOV.NS,LAHOTIOV,LAHOTIOV,531842,Lahoti Overseas Limited,NSE,India,INE515C01023,,
LAKESHORE.BO,LAKESHORE,,519612,LAKE SHORE REALTY LIMITED,BSE,India,INE734D01010,,
LAKHOTIA.BO,LAKHOTIA,,535387,LAKHOTIA POLYESTERS (INDIA) LT,BSE,India,INE191O01010,,
LAKPRE.NS,LAKPRE,LAKPRE,506079,Lakshmi Precision Screws Limited,NSE,India,INE651C01018,,
LAKSELEC.BO,LAKSELEC,,504258,LAKSHMI ELECTRICAL CONTROL SYS,BSE,India,INE284C01018,,
LAKSHMIEW.BO,LAKSHMIEW,,505302,LAKSHMI ENGINEERING AND WAREHO,BSE,India,INE718M01022,,
LAKSHMIMIL.NS,LAKSHMIMIL,LAKSHMIMIL,502958,Lakshmi Mills Company Limited,NSE,India,INE938C01019,,
LAKSHYA.NS,LAKSHYA,,,Lakshya Powertech Limited,NSE,India,INE0VZS01015,,
LAL.NS,LAL,LAL,540952,Lorenzini Apparels Limited,NSE,India,INE740X01023,,
LALITHAA.NS,LALITHAA,LALITHAA,544879,Lalithaa Jewellery Mart Limited,NSE,India,INE0K9O01026,,
LALPATHLAB.NS,LALPATHLAB,LALPATHLAB,539524,Dr. Lal Path Labs Ltd.,NSE,India,INE600L01024,Healthcare,
LAMBODHARA.NS,LAMBODHARA,LAMBODHARA,590075,Lambodhara Textiles Limited,NSE,India,INE112F01022,,
LAMOSAIC.NS,LAMOSAIC,,,Lamosaic India Limited,NSE,India,INE0R0201012,,
LANCER.NS,LANCER,LANCER,539841,Lancer Container Lines Limited,NSE,India,INE359U01028,,
LANCORHOL.NS,LANCORHOL,LANCORHOL,509048,Lancor Holdings Limited,NSE,India,INE572G01025,,
LANDMARC.BO,LANDMARC,,532275,LANDMARC LEISURE CORPORATION L,BSE,India,INE394C01023,,
LANDMARK.NS,LANDMARK,LANDMARK,543714,Landmark Cars Limited,NSE,India,INE559R01029,,
LANDSMILL.NS,LANDSMILL,LANDSMILL,533090,Landsmill Green Limited,NSE,India,INE688J01023,,
LAOPALA.NS,LAOPALA,LAOPALA,526947,La Opala RG Limited,NSE,India,INE059D01020,,
LAPL.BO,LAPL,,544863,LAPL AUTOMOTIVE LIMITED,BSE,India,INE0X9I01023,,
LASA.BO,LASA,,540702,Lasa Supergenerics Limited,BSE,India,INE670X01014,,
LASERPOWER.NS,LASERPOWER,LASERPOWER,544822,Laser Power & Infra Limited,NSE,India,INE17IR01028,,
LASTMILE.BO,LASTMILE,,526961,LAST MILE ENTERPRISES LIMITED,BSE,India,INE404B01022,,
LATENTVIEW.NS,LATENTVIEW,LATENTVIEW,543398,Latent View Analytics Limited,NSE,India,INE0I7C01011,,
LATIMMETAL.BO,LATIMMETAL,,505693,La Tim Metal & Industries Limi,BSE,India,INE501N01020,,
LATTEYS.NS,LATTEYS,,,Latteys Industries Limited,NSE,India,INE262Z01023,,
LAURUSLABS.NS,LAURUSLABS,LAURUSLABS,540222,Laurus Labs Limited,NSE,India,INE947Q01028,Healthcare,
LAXMICOT.NS,LAXMICOT,,,Laxmi Cotspin Limited,NSE,India,INE801V01019,,
LAXMIDENTL.NS,LAXMIDENTL,LAXMIDENTL,544339,Laxmi Dental Limited,NSE,India,INE0WO601020,,
LAXMIINDIA.NS,LAXMIINDIA,LAXMIINDIA,544465,Laxmi India Finance Limited,NSE,India,INE06WU01026,,
LAXMIPATI.BO,LAXMIPATI,,537669,LAXMIPATI ENGINEERING WORKS LI,BSE,India,INE920P01019,,
LCCINFOTEC.NS,LCCINFOTEC,LCCINFOTEC,532019,LCC Infotech Limited,NSE,India,INE938A01021,,
LCCPROJECT.NS,LCCPROJECT,LCCPROJECT,544918,LCC Projects Limited,NSE,India,INE1FPN01026,,
LCL.NS,LCL,LCL,544839,Lohia Corp Limited,NSE,India,INE0QJW01029,,
LEADFIN.BO,LEADFIN,,531288,LEAD FINANCIAL SERVICES LTD.,BSE,India,INE531D01010,,
LEAPIND.NS,LEAPIND,LEAPIND,544865,LEAP India Limited,NSE,India,INE00GO01025,,
LEENEE.NS,LEENEE,LEENEE,517415,Lee & Nee Softwares Exports Limited,NSE,India,INE791B01014,,
LEHAR.BO,LEHAR,,532829,LEHAR FOOTWEARS LIMITED,BSE,India,INE976H01018,,
LELAVOIR.BO,LELAVOIR,,539814,LE LAVOIR LIMITED,BSE,India,INE204S01012,,
LEMERITE.NS,LEMERITE,,,Le Merite Exports Limited,NSE,India,INE0G1L01025,,
LEMONTREE.NS,LEMONTREE,LEMONTREE,541233,Lemon Tree Hotels Limited,NSE,India,INE970X01018,Consumer Services,
LENSKART.NS,LENSKART,LENSKART,544600,Lenskart Solutions Limited,NSE,India,INE956O01016,Consumer Services,
LERTHAI.BO,LERTHAI,,502250,LERTHAI FINANCE LIMITED,BSE,India,INE347D01011,,
LESHAIND.BO,LESHAIND,,533602,LESHA INDUSTRIES LTD.,BSE,India,INE050L01048,,
LESL.BO,LESL,,544797,LEAPFROG ENGINEERING SERVICES,BSE,India,INE0X6O01027,,
LEXGLOBAL.BO,LEXGLOBAL,,512345,LEXORA GLOBAL LIMITED,BSE,India,INE745A01012,,
LEXORAA.BO,LEXORAA,,531944,LEXORAA INDUSTRIES LIMITED,BSE,India,INE185D01015,,
LEXUS.NS,LEXUS,,,Lexus Granito (India) Limited,NSE,India,INE500X01013,,
LFIC.NS,LFIC,,,Lakshmi Finance & Industrial Corporation Limited,NSE,India,INE850E01012,,
LGBBROSLTD.NS,LGBBROSLTD,LGBBROSLTD,500250,LG Balakrishnan & Bros Limited,NSE,India,INE337A01034,,
LGBFORGE.BO,LGBFORGE,,533007,LGB FORGE LTD.,BSE,India,INE201J01017,,
LGEINDIA.NS,LGEINDIA,LGEINDIA,544576,LG Electronics India Limited,NSE,India,INE324D01010,Consumer Durables,
LGHL.NS,LGHL,,,Laxmi Goldorna House Limited,NSE,India,INE258Y01016,,
LGLL.BO,LGLL,,544341,LANDMARK GLOBAL LEARNING LIMIT,BSE,India,INE12QA01010,,
LGT.BO,LGT,,544489,LGT GLOBAL HOSPITALITY LIMITED,BSE,India,INE191201016,,
LIBAS.NS,LIBAS,,,Libas Consumer Products Limited,NSE,India,INE908V01012,,
LIBERTSHOE.NS,LIBERTSHOE,LIBERTSHOE,526596,Liberty Shoes Limited,NSE,India,INE557B01019,,
LIBORD.BO,LIBORD,,531027,LIBORD SECURITIES LTD.,BSE,India,INE267E01019,,
LIBORDFIN.BO,LIBORDFIN,,511593,LIBORD FINANCE LTD,BSE,India,INE212B01011,,
LICHSGFIN.NS,LICHSGFIN,LICHSGFIN,500253,LIC Housing Finance Limited,NSE,India,INE115A01026,Financial Services,
LICI.NS,LICI,LICI,543526,Life Insurance Corporation Of India,NSE,India,INE0J1Y01017,Financial Services,
LIKHAMI.BO,LIKHAMI,,539927,LIKHAMI CONSULTING LIMITED,BSE,India,INE920T01011,,
LIKHITHA.NS,LIKHITHA,LIKHITHA,543240,Likhitha Infrastructure Limited,NSE,India,INE060901027,,
LIMECHM.BO,LIMECHM,,507759,LIME CHEMICALS LTD.,BSE,India,INE891G01011,,
LINC.NS,LINC,LINC,531241,Linc Limited,NSE,India,INE802B01027,,
LINCOLN.NS,LINCOLN,LINCOLN,531633,Lincoln Pharmaceuticals Limited,NSE,India,INE405C01035,,
LINDEINDIA.NS,LINDEINDIA,LINDEINDIA,523457,Linde India Limited,NSE,India,INE473A01011,Chemicals,
LINKPH.BO,LINKPH,,524748,LINK PHARMA CHEM LTD.,BSE,India,INE302F01011,,
LIOTECH.BO,LIOTECH,,544796,LIOTECH INDUSTRIES LIMITED,BSE,India,INE0TKX01011,,
LIPPISYS.BO,LIPPISYS,,526604,LIPPI SYSTEMS LTD.,BSE,India,INE845B01018,,
LIQVD.BO,LIQVD,,544946,LIQVD DIGITAL INDIA LIMITED,BSE,India,INE0CJT01025,,
LKMEHTA.BO,LKMEHTA,,544366,L.K.MEHTA POLYMERS LIMITED,BSE,India,INE0FFF01017,,
LKPSEC.NS,LKPSEC,LKPSEC,540192,LKP Securities Limited,NSE,India,INE341H01023,,
LLFICL.BO,LLFICL,,540360,LEADING LEASING FINANCE AND IN,BSE,India,INE715Q01029,,
LLOYDS.NS,LLOYDS,,,Lloyds Luxuries Limited,NSE,India,INE0DTQ01028,,
LLOYDSENGG.NS,LLOYDSENGG,LLOYDSENGG,539992,LLOYDS ENGINEERING WORKS LIMITED,NSE,India,INE093R01011,,
LLOYDSENT.NS,LLOYDSENT,LLOYDSENT,512463,Lloyds Enterprises Limited,NSE,India,INE080I01025,,
LLOYDSME.NS,LLOYDSME,LLOYDSME,512455,Lloyds Metals And Energy Limited,NSE,India,INE281B01032,Metals & Mining,
LMW.NS,LMW,LMW,500252,LMW Limited,NSE,India,INE269B01029,,
LODHA.NS,LODHA,LODHA,543287,Lodha Developers Limited,NSE,India,INE670K01029,Realty,
LOGICA.BO,LOGICA,,543746,LOGICA INFOWAY LIMITED,BSE,India,INE0BSU01018,,
LOGICIEL.BO,LOGICIEL,,544625,Logiciel Solutions Limited,BSE,India,INE1BA901016,,
LOKESHMACH.NS,LOKESHMACH,LOKESHMACH,532740,Lokesh Machines Limited,NSE,India,INE397H01017,,
LONGSPUR.BO,LONGSPUR,,504340,Longspur International Venture,BSE,India,INE180M01033,,
LOOKS.BO,LOOKS,,534422,LOOKS HEALTH SERVICES LIMITED,BSE,India,INE204N01013,,
LORDSCHLO.NS,LORDSCHLO,LORDSCHLO,500284,Lords Chloro Alkali Limited,NSE,India,INE846D01012,,
LORDSHOTL.BO,LORDSHOTL,,530065,LORDS ISHWAR HOTELS LIMITED,BSE,India,INE689J01013,,
LORDSMARK.BO,LORDSMARK,,501261,Lords Mark Industries Limited,BSE,India,INE567L01025,,
LOTUSCHO.NS,LOTUSCHO,LOTUSCHO,523475,Lotus Chocolate Company Limited,NSE,India,INE026D01011,,
LOTUSDEV.NS,LOTUSDEV,LOTUSDEV,544469,Sri Lotus Developers and Realty Limited,NSE,India,INE0V9Q01010,,
LOTUSEYE.NS,LOTUSEYE,LOTUSEYE,532998,Lotus Eye Hospital and Institute Limited,NSE,India,INE947I01017,,
LOVABLE.NS,LOVABLE,LOVABLE,533343,Lovable Lingerie Limited,NSE,India,INE597L01014,,
LOYAL.BO,LOYAL,,539227,Loyal Equipments Limited,BSE,India,INE876S01017,,
LOYALTEX.NS,LOYALTEX,LOYALTEX,514036,Loyal Textile Mills Limited,NSE,India,INE970D01010,,
LPDC.NS,LPDC,LPDC,533012,Landmark Property Development Company Limited,NSE,India,INE197J01017,,
LRRPL.NS,LRRPL,,,Lead Reclaim And Rubber Products Limited,NSE,India,INE0H4B01011,,
LT.NS,LT,LT,500510,Larsen & Toubro Limited,NSE,India,INE018A01030,Construction,Y
LTELEVATOR.BO,LTELEVATOR,,544518,L. T. ELEVATOR LIMITED,BSE,India,INE0TJ801010,,
LTF.NS,LTF,LTF,533519,L&T Finance Limited,NSE,India,INE498L01015,Financial Services,
LTFOODS.NS,LTFOODS,LTFOODS,532783,LT Foods Limited,NSE,India,INE818H01020,Fast Moving Consumer Goods,
LTM.NS,LTM,LTM,540005,LTM Limited,NSE,India,INE214T01019,Information Technology,
LTTS.NS,LTTS,LTTS,540115,L&T Technology Services Limited,NSE,India,INE010V01017,Information Technology,
LUDLOWJUT.BO,LUDLOWJUT,,526179,LUDLOW JUTE & SPECIALITIES LTD,BSE,India,INE983C01015,,
LUMAXIND.NS,LUMAXIND,LUMAXIND,517206,Lumax Industries Limited,NSE,India,INE162B01018,,
LUMAXTECH.NS,LUMAXTECH,LUMAXTECH,532796,Lumax Auto Technologies Limited,NSE,India,INE872H01027,,
LUMINO.NS,LUMINO,LUMINO,544894,Lumino Industries Limited,NSE,India,INE185Q01025,,
LUPIN.NS,LUPIN,LUPIN,500257,Lupin Limited,NSE,India,INE326A01037,Healthcare,
LUXIND.NS,LUXIND,LUXIND,539542,Lux Industries Limited,NSE,India,INE150G01020,,
LUXURY.BO,LUXURY,,544635,Luxury Time Limited,BSE,India,INE1CJB01013,,
LWSKNIT.BO,LWSKNIT,,531402,LWS KNITWEAR LTD.,BSE,India,INE281M01013,,
LXCHEM.NS,LXCHEM,LXCHEM,543277,Laxmi Organic Industries Limited,NSE,India,INE576O01020,,
LYKALABS.NS,LYKALABS,LYKALABS,500259,Lyka Labs Limited,NSE,India,INE933A01014,,
LYONSCO.BO,LYONSCO,,531441,LYONS CORPORATE MARKET LTD.,BSE,India,INE100F01019,,
M&M.NS,M&M,M&M,500520,Mahindra & Mahindra Limited,NSE,India,INE101A01026,Automobile and Auto Components,Y
M&MFIN.NS,M&MFIN,M&MFIN,532720,Mahindra & Mahindra Financial Services Limited,NSE,India,INE774D01024,Financial Services,
MAANALU.NS,MAANALU,MAANALU,532906,Maan Aluminium Limited,NSE,India,INE215I01027,,
MACH.BO,MACH,,541973,Mac Hotels Limited,BSE,India,INE004Z01011,,
MACHLTD.BO,MACHLTD,,544248,MACH TRAVEL SOLUTIONS LIMITED,BSE,India,INE0UYT01018,,
MACIND.BO,MACIND,,543934,Machhar Industries Limited,BSE,India,INE01BT01015,,
MACOBSTECH.NS,MACOBSTECH,,,Macobs Technologies Limited,NSE,India,INE0R0J01010,,
MACPLASQ.BO,MACPLASQ,,523248,MACHINO PLASTICS LTD.,BSE,India,INE082B01018,,
MACPOWER.NS,MACPOWER,,,Macpower CNC Machines Limited,NSE,India,INE155Z01011,,
MADALA.BO,MADALA,,532344,MADALA HOLDINGS LIMITED,BSE,India,INE002B01016,,
MADHAV.NS,MADHAV,MADHAV,515093,Madhav Marbles and Granites Limited,NSE,India,INE925C01016,,
MADHAVBAUG.NS,MADHAVBAUG,,,Vaidya Sane Ayurved Laboratories Limited,NSE,India,INE0JR301013,,
MADHAVIPL.NS,MADHAVIPL,MADHAVIPL,539894,Madhav Infra Projects Limited,NSE,India,INE631R01026,,
MADHUCON.NS,MADHUCON,MADHUCON,531497,Madhucon Projects Limited,NSE,India,INE378D01032,,
MADHUDIN.BO,MADHUDIN,,515059,MADHUSUDAN INDUSTRIES LTD.,BSE,India,INE469C01023,,
MADHURIND.BO,MADHURIND,,519279,MADHUR INDUSTRIES LTD.,BSE,India,INE110C01015,,
MADHURKNIT.NS,MADHURKNIT,,,Madhur Knit Crafts Limited,NSE,India,INE1P5601010,,
MADHUSUDAN.NS,MADHUSUDAN,,,Madhusudan Masala Limited,NSE,India,INE0P6701019,,
MADRASFERT.NS,MADRASFERT,MADRASFERT,590134,Madras Fertilizers Limited,NSE,India,INE414A01015,,
MAFATIND.NS,MAFATIND,MAFATIND,500264,Mafatlal Industries Limited,NSE,India,INE270B01035,,
MAFIA.BO,MAFIA,,543613,MAFIA TRENDS LIMITED,BSE,India,INE0KQQ01011,,
MAGADSUGAR.NS,MAGADSUGAR,MAGADSUGAR,540650,Magadh Sugar & Energy Limited,NSE,India,INE347W01011,,
MAGANTR.BO,MAGANTR,,512377,MAGNANIMOUS TRADE & FINANCE LT,BSE,India,INE664N01018,,
MAGENTA.BO,MAGENTA,,544188,Magenta Lifecare Limited,BSE,India,INE0QZ901011,,
MAGNAELQ.BO,MAGNAELQ,,517449,MAGNA ELECTRO CASTINGS LTD.,BSE,India,INE437D01010,,
MAGNUM.NS,MAGNUM,MAGNUM,532896,Magnum Ventures Limited,NSE,India,INE387I01016,,
MAGNUS.BO,MAGNUS,,517320,MAGNUS STEEL AND INFRA LIMITED,BSE,India,INE898E01011,,
MAGSON.NS,MAGSON,,,Magson Retail And Distribution Limited,NSE,India,INE0O1S01012,,
MAHABANK.NS,MAHABANK,MAHABANK,532525,Bank of Maharashtra,NSE,India,INE457A01014,Financial Services,
MAHACORP.BO,MAHACORP,,505523,MAHARASHTRA CORPORATION LTD.,BSE,India,INE272E01027,,
MAHALIFE.BO,MAHALIFE,,544611,MAHAMAYA LIFESCIENCES LIMITED,BSE,India,INE0U9D01019,,
MAHALXSE.BO,MAHALXSE,,513460,MAHALAXMI SEAMLESS LTD.,BSE,India,INE257F01017,,
MAHANIN.BO,MAHANIN,,531515,MAHAN INDUSTRIES LTD.,BSE,India,INE735D01041,,
MAHAPEXLTD.NS,MAHAPEXLTD,MAHAPEXLTD,523384,Maha Rashtra Apex Corporation Limited,NSE,India,INE843B01013,,
MAHASTEEL.NS,MAHASTEEL,MAHASTEEL,513554,Mahamaya Steel Industries Limited,NSE,India,INE451L01014,,
MAHAVEER.BO,MAHAVEER,,539383,Mahaveer Infoway Limited,BSE,India,INE019D01016,,
MAHEPC.NS,MAHEPC,MAHEPC,523754,Mahindra EPC Irrigation Limited,NSE,India,INE215D01010,,
MAHESH.BO,MAHESH,,542677,Mahesh Developers Limited,BSE,India,INE01MO01013,,
MAHESHWARI.NS,MAHESHWARI,,,Maheshwari Logistics Limited,NSE,India,INE263W01010,,
MAHICKRA.NS,MAHICKRA,,,Mahickra Chemicals Limited,NSE,India,INE961Y01015,,
MAHIP.BO,MAHIP,,542503,Mahip Industries Limited,BSE,India,INE00CX01017,,
MAHLIFE.NS,MAHLIFE,MAHLIFE,532313,Mahindra Lifespace Developers Limited,NSE,India,INE813A01018,,
MAHLOG.NS,MAHLOG,MAHLOG,540768,Mahindra Logistics Limited,NSE,India,INE766P01016,,
MAHSCOOTER.NS,MAHSCOOTER,MAHSCOOTER,500266,Maharashtra Scooters Limited,NSE,India,INE288A01013,,
MAHSEAMLES.NS,MAHSEAMLES,MAHSEAMLES,500265,Maharashtra Seamless Limited,NSE,India,INE271B01025,,
MAIDEN.BO,MAIDEN,,543874,Maiden Forgings Limited,BSE,India,INE0O1T01010,,
MAINFRA.BO,MAINFRA,,531540,MARUTI INFRASTRUCTURE LTD.,BSE,India,INE392G01028,,
MAITHANALL.NS,MAITHANALL,MAITHANALL,590078,Maithan Alloys Limited,NSE,India,INE683C01011,,
MAITREYA.NS,MAITREYA,,,Maitreya Medicare Limited,NSE,India,INE0PLQ01011,,
MAITRI.BO,MAITRI,,513430,Maitri Enterprises Limited,BSE,India,INE501L01024,,
MAJESAUT.NS,MAJESAUT,MAJESAUT,500267,Majestic Auto Limited,NSE,India,INE201B01022,,
MAKERSL.NS,MAKERSL,MAKERSL,506919,Makers Laboratories Limited,NSE,India,INE987A01010,,
MAKS.NS,MAKS,,,Maks Energy Solutions India Limited,NSE,India,INE0CDK01019,,
MAL.BO,MAL,,531613,Meyer Apparel Limited,BSE,India,INE100C01024,,
MAL.NS,MAL,,,Mangalam Alloys Limited,NSE,India,INE00C401011,,
MALA.BO,MALA,,544835,Shree Balaji (Mala) Textiles L,BSE,India,INE1N3Y01016,,
MALLCOM.NS,MALLCOM,MALLCOM,539400,Mallcom (India) Limited,NSE,India,INE389C01015,,
MALPANI.BO,MALPANI,,544351,MALPANI PIPES AND FITTINGS LIM,BSE,India,INE0YON01014,,
MALUPAPER.NS,MALUPAPER,MALUPAPER,532728,Malu Paper Mills Limited,NSE,India,INE383H01017,,
MAMATA.NS,MAMATA,MAMATA,544318,Mamata Machinery Limited,NSE,India,INE0TO701015,,
MANAKALUCO.NS,MANAKALUCO,MANAKALUCO,539045,Manaksia Aluminium Company Limited,NSE,India,INE859Q01017,,
MANAKCOAT.NS,MANAKCOAT,MANAKCOAT,539046,Manaksia Coated Metals & Industries Limited,NSE,India,INE830Q01018,,
MANAKSIA.NS,MANAKSIA,MANAKSIA,532932,Manaksia Limited,NSE,India,INE015D01022,,
MANAKSTEEL.NS,MANAKSTEEL,MANAKSTEEL,539044,Manaksia Steels Limited,NSE,India,INE824Q01011,,
MANALIPETC.NS,MANALIPETC,MANALIPETC,500268,Manali Petrochemicals Limited,NSE,India,INE201A01024,,
MANAPPURAM.NS,MANAPPURAM,MANAPPURAM,531213,Manappuram Finance Limited,NSE,India,INE522D01027,Financial Services,
MANAV.NS,MANAV,,,Manav Infra Projects Limited,NSE,India,INE104Y01012,,
MANBA.NS,MANBA,MANBA,544262,Manba Finance Limited,NSE,India,INE939X01013,,
MANCREDIT.NS,MANCREDIT,MANCREDIT,505850,Mangal Credit and Fincorp Limited,NSE,India,INE545L01039,,
MANDEEP.NS,MANDEEP,,,Mandeep Auto Industries Limited,NSE,India,INE0R3T01013,,
MANGALAM.NS,MANGALAM,MANGALAM,532637,Mangalam Drugs And Organics Limited,NSE,India,INE584F01014,,
MANGALCOMP.BO,MANGALCOMP,,544287,Mangal Compusolution Limited,BSE,India,INE0RU901015,,
MANGIND.BO,MANGIND,,537800,MANGALAM INDUSTRIAL FINANCE LT,BSE,India,INE717C01025,,
MANGLMCEM.NS,MANGLMCEM,MANGLMCEM,502157,Mangalam Cement Limited,NSE,India,INE347A01017,,
MANIKA.NS,MANIKA,MANIKA,544929,Manika Plastech Limited,NSE,India,INE0KWF01020,,
MANILAM.NS,MANILAM,,,Manilam Industries India Limited,NSE,India,INE1ERK01013,,
MANINDS.NS,MANINDS,MANINDS,513269,Man Industries (India) Limited,NSE,India,INE993A01026,,
MANINFRA.NS,MANINFRA,MANINFRA,533169,Man Infraconstruction Limited,NSE,India,INE949H01023,,
MANIPALHOS.NS,MANIPALHOS,MANIPALHOS,544847,Manipal Health Enterprises Limited,NSE,India,INE459N01021,,
MANIVENI.BO,MANIVENI,,544768,M.R.MANIVENI FOODS LIMITED,BSE,India,INE0YD301010,,
MANKIND.NS,MANKIND,MANKIND,543904,Mankind Pharma Limited,NSE,India,INE634S01028,Healthcare,
MANOJJEWEL.BO,MANOJJEWEL,,544400,Manoj Jewellers Limited,BSE,India,INE0MV001018,,
MANOMAY.NS,MANOMAY,MANOMAY,540396,Manomay Tex India Limited,NSE,India,INE784W01015,,
MANORAMA.NS,MANORAMA,MANORAMA,541974,Manorama Industries Limited,NSE,India,INE00VM01036,,
MANORG.NS,MANORG,MANORG,514418,Mangalam Organics Limited,NSE,India,INE370D01013,,
MANSIFIN.BO,MANSIFIN,,511758,MANSI FINANCE (CHENNAI) LTD.,BSE,India,INE094E01017,,
MANTRA.BO,MANTRA,,511577,Mantra Capital Limited,BSE,India,INE304E01010,,
MANUGRAPH.NS,MANUGRAPH,MANUGRAPH,505324,Manugraph India Limited,NSE,India,INE867A01022,,
MANYAVAR.NS,MANYAVAR,MANYAVAR,543463,Vedant Fashions Limited,NSE,India,INE825V01034,,
MAPMYINDIA.NS,MAPMYINDIA,MAPMYINDIA,543425,C.E. Info Systems Limited,NSE,India,INE0BV301023,,
MAPROIN.BO,MAPROIN,,509762,MAPRO INDUSTRIES LTD.,BSE,India,INE848M01019,,
MARALOVER.NS,MARALOVER,MARALOVER,521018,Maral Overseas Limited,NSE,India,INE882A01013,,
MARATHON.NS,MARATHON,MARATHON,503101,Marathon Nextgen Realty Limited,NSE,India,INE182D01020,,
MARBLE.BO,MARBLE,,531281,MARBLE CITY INDIA LIMITED,BSE,India,INE807H01023,,
MARBU.BO,MARBU,,523566,MARTIN BURN LTD.,BSE,India,INE199D01016,,
MARC.NS,MARC,,,Marc Technocrats Limited,NSE,India,INE0TD401015,,
MARCLOIRE.BO,MARCLOIRE,,544437,MARC LOIRE FASHIONS LIMITED,BSE,India,INE0TBQ01014,,
MARCO.NS,MARCO,,,Marco Cables & Conductors Limited,NSE,India,INE0QP001012,,
MARGOFIN.BO,MARGOFIN,,500206,MARGO FINANCE LIMITED,BSE,India,INE680B01019,,
MARICO.NS,MARICO,MARICO,531642,Marico Limited,NSE,India,INE196A01026,Fast Moving Consumer Goods,
MARINE.NS,MARINE,,,Marine Electricals (India) Limited,NSE,India,INE01JE01028,,
MARINETRAN.NS,MARINETRAN,,,Marinetrans India Limited,NSE,India,INE0P1P01017,,
MARIS.BO,MARIS,,531503,MARIS SPINNERS LTD.,BSE,India,INE866D01010,,
MARKOLINES.NS,MARKOLINES,MARKOLINES,543364,Markolines Pavement Technologies Limited,NSE,India,INE0FW001016,,
MARKSANS.NS,MARKSANS,MARKSANS,524404,Marksans Pharma Limited,NSE,India,INE750C01026,,
MARSONS.NS,MARSONS,MARSONS,517467,Marsons Limited,NSE,India,INE415B01044,,
MARUSHIKA.NS,MARUSHIKA,,,Marushika Technology Limited,NSE,India,INE0X7G01013,,
MARUTI.NS,MARUTI,MARUTI,532500,Maruti Suzuki India Limited,NSE,India,INE585B01010,Automobile and Auto Components,Y
MASFIN.NS,MASFIN,MASFIN,540749,MAS Financial Services Limited,NSE,India,INE348L01012,,
MASKINVEST.NS,MASKINVEST,,,Mask Investments Limited,NSE,India,INE885F01015,,
MASON.NS,MASON,,,Mason Infratech Limited,NSE,India,INE0SH001010,,
MASTEK.NS,MASTEK,MASTEK,523704,Mastek Limited,NSE,India,INE759A01021,,
MASTER.NS,MASTER,,,Master Components Limited,NSE,India,INE0OJM01017,,
MASTERTR.NS,MASTERTR,MASTERTR,511768,Master Trust Limited,NSE,India,INE677D01037,,
MATRIMONY.NS,MATRIMONY,MATRIMONY,540704,Matrimony.Com Limited,NSE,India,INE866R01028,,
MAWANASUG.NS,MAWANASUG,MAWANASUG,523371,Mawana Sugars Limited,NSE,India,INE636A01039,,
MAXESTATES.NS,MAXESTATES,MAXESTATES,544008,Max Estates Limited,NSE,India,INE03EI01018,,
MAXGROW.BO,MAXGROW,,521167,MAXGROW INDIA LIMITED,BSE,India,INE485D01043,,
MAXHEALTH.NS,MAXHEALTH,MAXHEALTH,543220,Max Healthcare Institute Limited,NSE,India,INE027H01010,Healthcare,Y
MAXHEIGHTS.BO,MAXHEIGHTS,,534338,Max heights Infrastucture Ltd,BSE,India,INE393F01010,,
MAXIMUS.BO,MAXIMUS,,540401,Maximus International Limited,BSE,India,INE544W01021,,
MAXIND.NS,MAXIND,MAXIND,543223,Max India Limited,NSE,India,INE0CG601016,,
MAXPOSURE.NS,MAXPOSURE,,,Maxposure Limited,NSE,India,INE0ECC01022,,
MAXVOLT.NS,MAXVOLT,,,Maxvolt Energy Industries Limited,NSE,India,INE10A501018,,
MAYASHEEL.NS,MAYASHEEL,,,Mayasheel Ventures Limited,NSE,India,INE0ZTO01018,,
MAYUR.BO,MAYUR,,531680,MAYUR LEATHER PRODUCTS LTD.,BSE,India,INE799E01011,,
MAYURFL.BO,MAYURFL,,531221,MAYUR FLOORINGS LTD.,BSE,India,INE262W01012,,
MAYURUNIQ.NS,MAYURUNIQ,MAYURUNIQ,522249,Mayur Uniquoters Ltd,NSE,India,INE040D01038,,
MAZDA.NS,MAZDA,MAZDA,523792,Mazda Limited,NSE,India,INE885E01042,,
MAZDOCK.NS,MAZDOCK,MAZDOCK,543237,Mazagon Dock Shipbuilders Limited,NSE,India,INE249Z01020,Capital Goods,
MBAPL.NS,MBAPL,,,Madhya Bharat Agro Products Limited,NSE,India,INE900L01028,,
MBECL.NS,MBECL,MBECL,532629,Mcnally Bharat Engineering Company Limited,NSE,India,INE748A01024,,
MBEL.NS,MBEL,MBEL,544470,M & B Engineering Limited,NSE,India,INE08N601015,,
MBLINFRA.NS,MBLINFRA,MBLINFRA,533152,MBL Infrastructure Limited,NSE,India,INE912H01013,,
MCCHRLS-B.NS,MCCHRLS-B,MCCHRLS-B,507836,Mac Charles India Limited,NSE,India,INE435D01014,,
MCFL.BO,MCFL,,544106,Mayank Cattle Food Limited,BSE,India,INE0R5Z01015,,
MCL.NS,MCL,,,M TEK COPPER LIMITED,NSE,India,INE813V01022,,
MCLEODRUSS.NS,MCLEODRUSS,MCLEODRUSS,532654,Mcleod Russel India Limited,NSE,India,INE942G01012,,
MCLOUD.NS,MCLOUD,MCLOUD,538891,Magellanic Cloud Limited,NSE,India,INE613C01026,,
MCLTD.BO,MCLTD,,511401,MUNOTH COMMUNICATION LIMITED,BSE,India,INE410E01015,,
MCON.NS,MCON,,,Mcon Rasayan India Limited,NSE,India,INE0O4M01019,,
MCPL.BO,MCPL,,544073,Manoj Ceramic Limited,BSE,India,INE0A6N01026,,
MCX.NS,MCX,MCX,534091,Multi Commodity Exchange of India Limited,NSE,India,INE745G01043,Financial Services,
MDL.NS,MDL,,,Marvel Decor Limited,NSE,India,INE575Z01010,,
MDRC.BO,MDRC,,544673,MODERN DIAGNOSTIC & RESEARCH C,BSE,India,INE1HK501016,,
MDRNSTL.BO,MDRNSTL,,513303,MODERN STEELS LTD.,BSE,India,INE001F01019,,
MEAPL.BO,MEAPL,,539762,MODERN ENGINEERING AND PROJECT,BSE,India,INE250S01015,,
MEDANTA.NS,MEDANTA,MEDANTA,543654,Global Health Limited,NSE,India,INE474Q01031,Healthcare,
MEDIAONE.BO,MEDIAONE,,503685,MEDIAONE GLOBAL ENTERTAINMENT,BSE,India,INE828I01019,,
MEDIASSIST.NS,MEDIASSIST,MEDIASSIST,544088,Medi Assist Healthcare Services Limited,NSE,India,INE456Z01021,,
MEDICAMEQ.NS,MEDICAMEQ,MEDICAMEQ,531146,Medicamen Biotech Limited,NSE,India,INE646B01010,,
MEDICAPQ.NS,MEDICAPQ,MEDICAPQ,523144,Medi Caps Limited,NSE,India,INE442D01010,,
MEDICO.NS,MEDICO,MEDICO,540937,Medico Remedies Limited,NSE,India,INE630Y01024,,
MEDIORG.NS,MEDIORG,,,Medicamen Organics Limited,NSE,India,INE0PE401018,,
MEDISTEP.NS,MEDISTEP,,,Medistep Healthcare Limited,NSE,India,INE0UOY01019,,
MEDPLUS.NS,MEDPLUS,MEDPLUS,543427,Medplus Health Services Limited,NSE,India,INE804L01022,,
MEEIND.BO,MEEIND,,544831,MEENAKSHI INDIA LIMITED,BSE,India,INE208H01016,,
MEERA.BO,MEERA,,540519,Meera Industries Limited,BSE,India,INE343X01026,,
MEESHO.NS,MEESHO,MEESHO,544632,Meesho Limited,NSE,India,INE0VDM01015,Consumer Services,
MEFCOMCAP.BO,MEFCOMCAP,,531176,MEFCOM CAPITAL MARKETS LTD.,BSE,India,INE186C01023,,
MEGACOR.BO,MEGACOR,,531417,MEGA CORPORATION LTD.,BSE,India,INE804B01023,,
MEGAFLEX.NS,MEGAFLEX,,,Mega Flex Plastics Limited,NSE,India,INE0G1D01014,,
MEGAMONT.BO,MEGAMONT,,523888,MEGAMONT LIMITED,BSE,India,INE317D01014,,
MEGASTAR.NS,MEGASTAR,MEGASTAR,541352,Megastar Foods Limited,NSE,India,INE00EM01016,,
MEGATHERM.NS,MEGATHERM,,,Megatherm Induction Limited,NSE,India,INE531R01010,,
MEGRISOFT.BO,MEGRISOFT,,539012,Megri Soft Limited,BSE,India,INE756R01013,,
MEHAI.BO,MEHAI,,540730,Mehai Technology  Limited,BSE,India,INE062Y01020,,
MEHIF.BO,MEHIF,,511377,MEHTA INTEGRATED FINANCE LTD.,BSE,India,INE240B01012,,
MEHSECU.BO,MEHSECU,,511738,MEHTA SECURITIES LTD.,BSE,India,INE241B01010,,
MEHUL.BO,MEHUL,,544472,MEHUL COLOURS LIMITED,BSE,India,INE1KH601014,,
MEIL.NS,MEIL,MEIL,544492,Mangal Electrical Industries Limited,NSE,India,INE0PKD01011,,
MENAMANI.BO,MENAMANI,,531127,MENA MANI INDUSTRIES LIMITED,BSE,India,INE148B01033,,
MENNPIS.NS,MENNPIS,MENNPIS,531727,Menon Pistons Limited,NSE,India,INE650G01029,,
MENONBE.NS,MENONBE,MENONBE,523828,Menon Bearings Limited,NSE,India,INE071D01033,,
MEP.NS,MEP,MEP,539126,MEP Infrastructure Developers Limited,NSE,India,INE776I01010,,
MERCANTILE.NS,MERCANTILE,MERCANTILE,538942,Mercantile Ventures Limited,NSE,India,INE689O01013,,
MERCTRD.BO,MERCTRD,,512415,MERCURY TRADE LINKS LTD.,BSE,India,INE319T01016,,
MERCURYEV.NS,MERCURYEV,MERCURYEV,531357,Mercury Ev-Tech Limited,NSE,India,INE763M01028,,
MERCURYLAB.BO,MERCURYLAB,,538964,Mercury Laboratories Limited,BSE,India,INE947G01011,,
META.BO,META,,534535,STRING METAVERSE LIMITED,BSE,India,INE958L01034,,
METAINFO.BO,METAINFO,,544441,META INFOTECH LIMITED,BSE,India,INE162901016,,
METALCO.BO,METALCO,,531810,METAL COATINGS (INDIA) LTD.,BSE,India,INE161E01014,,
METALIC.NS,METALIC,,,Metalic Technoforge Limited,NSE,India,INE1II801013,,
METHODHUB.BO,METHODHUB,,544637,Methodhub Software Limited,BSE,India,INE0QZR01017,,
METROBRAND.NS,METROBRAND,METROBRAND,543426,Metro Brands Limited,NSE,India,INE317I01021,,
METROGLOBL.NS,METROGLOBL,METROGLOBL,500159,Metroglobal Limited,NSE,India,INE085D01033,,
METROPOLIS.NS,METROPOLIS,METROPOLIS,542650,Metropolis Healthcare Limited,NSE,India,INE112L01020,,
METSL.BO,METSL,,538401,MAESTROS ELECTRONICS & TELECOM,BSE,India,INE318N01011,,
MFLINDIA.BO,MFLINDIA,,526622,MFL INDIA LTD.,BSE,India,INE244C01020,,
MFML.NS,MFML,MFML,544233,Mahalaxmi Fabric Mills Limited,NSE,India,INE0US801024,,
MFSINTRCRP.BO,MFSINTRCRP,,513721,MFS INTERCORP LTD.,BSE,India,INE614F01019,,
MFSL.NS,MFSL,MFSL,500271,Max Financial Services Limited,NSE,India,INE180A01020,Financial Services,
MGEL.NS,MGEL,MGEL,544273,Mangalam Global Enterprise Limited,NSE,India,INE0APB01032,,
MGIL.BO,MGIL,,531319,MARUTI GLOBAL INDUSTRIES LIMIT,BSE,India,INE368C01019,,
MGL.NS,MGL,MGL,539957,Mahanagar Gas Limited,NSE,India,INE002S01010,Oil Gas & Consumable Fuels,
MGSL.NS,MGSL,,,Matrix Geo Solutions Limited,NSE,India,INE132901013,,
MHEL.BO,MHEL,,540150,Mewar Hi-Tech Engineering Limi,BSE,India,INE957U01011,,
MHHL.NS,MHHL,,,Mohini Health & Hygiene Limited,NSE,India,INE450S01011,,
MHLXMIRU.NS,MHLXMIRU,MHLXMIRU,514450,Mahalaxmi Rubtech Limited,NSE,India,INE112D01035,,
MHRIL.NS,MHRIL,MHRIL,533088,Mahindra Holidays & Resorts India Limited,NSE,India,INE998I01010,,
MHSGRMS.BO,MHSGRMS,,526795,MAHASAGAR TRAVELS LTD.,BSE,India,INE007G01014,,
MICEL.NS,MICEL,MICEL,532850,MIC Electronics Limited,NSE,India,INE287C01037,,
MICROPRO.NS,MICROPRO,,,Micropro Software Solutions Limited,NSE,India,INE0PZK01014,,
MIDAAS.BO,MIDAAS,,530757,MIDAAS FASHIONS LIMITED,BSE,India,INE0OUS01011,,
MIDEASTP.BO,MIDEASTP,,526251,MID EAST PORTFOLIO MANAGEMENT,BSE,India,INE033E01015,,
MIDHANI.NS,MIDHANI,MIDHANI,541195,Mishra Dhatu Nigam Limited,NSE,India,INE099Z01011,,
MIDINDIA.BO,MIDINDIA,,500277,MID INDIA INDUSTRIES LTD.,BSE,India,INE401C01018,,
MIDWESTLTD.NS,MIDWESTLTD,MIDWESTLTD,544587,Midwest Limited,NSE,India,INE0XAD01024,,
MIEL.NS,MIEL,,,Manglam Infra & Engineering Limited,NSE,India,INE0R3101011,,
MIHIKA.BO,MIHIKA,,538895,Mihika Industries Ltd.,BSE,India,INE779Q01017,,
MIIL.NS,MIIL,MIIL,538668,Meghna Infracon Infrastructure Limited,NSE,India,INE898Q01015,,
MIL.BO,MIL,,539938,Medico Intercontinental Limite,BSE,India,INE858Q01019,,
MILEFUR.BO,MILEFUR,,541337,Milestone Furniture Limited,BSE,India,INE424Z01011,,
MILESTONE.BO,MILESTONE,,531338,MILESTONE GLOBAL LTD.,BSE,India,INE151H01018,,
MILKYMIST.NS,MILKYMIST,MILKYMIST,544868,Milky Mist Dairy Food Limited,NSE,India,INE00IT01020,,
MILLENNIUM.BO,MILLENNIUM,,511187,Millennium Online Solutions (I,BSE,India,INE570N01025,,
MILLWORKS.BO,MILLWORKS,,544826,MILLWORKS TECHNOLOGIES LIMITED,BSE,India,INE1SRC01010,,
MILTON.NS,MILTON,,,Milton Industries Limited,NSE,India,INE376Y01016,,
MINALIND.NS,MINALIND,MINALIND,522235,Minal Industries Limited,NSE,India,INE097E01028,,
MINAXI.BO,MINAXI,,531456,MINAXI TEXTILES LTD.,BSE,India,INE952C01028,,
MINDACORP.NS,MINDACORP,MINDACORP,538962,Minda Corporation Limited,NSE,India,INE842C01021,Automobile and Auto Components,
MINDPOOL.NS,MINDPOOL,,,Mindpool Technologies Limited,NSE,India,INE00RQ01019,,
MINDTECK.NS,MINDTECK,MINDTECK,517344,Mindteck (India) Limited,NSE,India,INE110B01017,,
MINID.BO,MINID,,523373,MINI DIAMONDS (INDIA) LTD.,BSE,India,INE281E01028,,
MINOLTAF.BO,MINOLTAF,,532164,MINOLTA FINANCE LTD.,BSE,India,INE514C01026,,
MIRZAINT.NS,MIRZAINT,MIRZAINT,526642,Mirza International Limited,NSE,India,INE771A01026,,
MISHDESIGN.BO,MISHDESIGN,,544015,Mish Designs Limited,BSE,India,INE0QI101019,,
MISHKA.BO,MISHKA,,539220,Mishka Exim Limited,BSE,India,INE540S01019,,
MISHTANN.BO,MISHTANN,,539594,Mishtann Foods Limited,BSE,India,INE094S01041,,
MISQUITA.BO,MISQUITA,,542801,Misquita Engineering Limited,BSE,India,INE957W01025,,
MITCON.NS,MITCON,,,MITCON Consultancy & Engineering Services Limited,NSE,India,INE828O01033,,
MITSHI.BO,MITSHI,,523782,Mitshi India Limited,BSE,India,INE844D01017,,
MITSU.BO,MITSU,,540078,Mitsu Chem Plast Limited,BSE,India,INE317V01016,,
MITTAL.NS,MITTAL,,,Mittal Life Style Limited,NSE,India,INE997Y01027,,
MITTALSTL.BO,MITTALSTL,,544575,Mittal Sections Limited,BSE,India,INE833Q01012,,
MIVENMACH.BO,MIVENMACH,,522036,MIVEN MACHINE TOOLS LTD.,BSE,India,INE338P01014,,
MIZVEN.BO,MIZVEN,,531537,MIZZEN VENTURES LIMITED,BSE,India,INE681K01026,,
MKEXIM.NS,MKEXIM,MKEXIM,538890,M.K. Exim (India) Limited,NSE,India,INE227F01010,,
MKPL.NS,MKPL,MKPL,543919,M K Proteins Limited,NSE,India,INE964W01021,,
MKPMOB.BO,MKPMOB,,521244,MKP Mobility Limited,BSE,India,INE676G01024,,
MKTCREAT.BO,MKTCREAT,,526891,MARKET CREATORS LTD.,BSE,India,INE944C01017,,
MKVENTURES.BO,MKVENTURES,,514238,MKVENTURES CAPITAL LIMITED,BSE,India,INE874A01010,,
MLKFOOD.NS,MLKFOOD,MLKFOOD,507621,Milkfood Limited,NSE,India,INE588G01021,,
MMEL.NS,MMEL,,,Moving Media Entertainment Limited,NSE,India,INE0XM301010,,
MMFL.NS,MMFL,MMFL,522241,MM Forgings Limited,NSE,India,INE227C01017,,
MMLF.BO,MMLF,,535910,MONEY MASTERS LEASING & FINANC,BSE,India,INE340O01021,,
MMP.NS,MMP,,,MMP Industries Limited,NSE,India,INE511Y01018,,
MMRUBBR-B.BO,MMRUBBR-B,,509196,MM RUBBER COMPANY LTD.,BSE,India,INE159E01026,,
MMTC.NS,MMTC,MMTC,513377,MMTC Limited,NSE,India,INE123F01029,Services,
MMWL.NS,MMWL,MMWL,512267,Media Matrix Worldwide Limited,NSE,India,INE200D01020,,
MNFL.BO,MNFL,,544623,Mother Nutri Foods Limited,BSE,India,INE0UH001016,,
MNIL.BO,MNIL,,539767,Mega Nirman & Industries Limit,BSE,India,INE216Q01010,,
MNPLFIN.BO,MNPLFIN,,507938,MANIPAL FINANCE CORPORATION LT,BSE,India,INE798E01013,,
MOBAVENUE.BO,MOBAVENUE,,539682,Mobavenue AI Tech Limited,BSE,India,INE622Q01027,,
MOBIKWIK.NS,MOBIKWIK,MOBIKWIK,544305,One Mobikwik Systems Limited,NSE,India,INE0HLU01028,,
MOBILISE.NS,MOBILISE,,,Mobilise App Lab Limited,NSE,India,INE1YNB01019,,
MODAIRY.BO,MODAIRY,,519287,MODERN DAIRIES LTD.,BSE,India,INE617B01011,,
MODINATUR.NS,MODINATUR,MODINATUR,519003,Modi Naturals Limited,NSE,India,INE537F01012,,
MODINSU.BO,MODINSU,,515008,MODERN INSULATORS LTD.,BSE,India,INE219W01012,,
MODIPON.BO,MODIPON,,503776,MODIPON LTD.,BSE,India,INE170C01019,,
MODIRUBBER.NS,MODIRUBBER,MODIRUBBER,500890,Modi Rubber Limited,NSE,India,INE832A01018,,
MODIS.NS,MODIS,MODIS,543539,Modis Navnirman Limited,NSE,India,INE0L0L01012,,
MODISONLTD.NS,MODISONLTD,MODISONLTD,506261,MODISON LIMITED,NSE,India,INE737D01021,,
MODMA.BO,MODMA,,517336,MODERN MALLEABLES LTD.,BSE,India,INE834C01028,,
MODRNSH.BO,MODRNSH,,509760,MODERN SHARES & STOCKBROKERS L,BSE,India,INE370A01019,,
MODTHREAD.NS,MODTHREAD,MODTHREAD,500282,Modern Threads (India) Limited,NSE,India,INE794W01014,,
MODULEX.BO,MODULEX,,504273,MODULEX CONSTRUCTION TECHNOLOG,BSE,India,INE064R01012,,
MODWOOL.BO,MODWOOL,,503772,MODELLA WOOLLENS LTD.,BSE,India,INE380D01012,,
MOHITE.NS,MOHITE,MOHITE,532140,Mohite Industries Limited,NSE,India,INE154B01023,,
MOHITIND.NS,MOHITIND,MOHITIND,531453,Mohit Industries Limited,NSE,India,INE954E01012,,
MOHITPPR.BO,MOHITPPR,,530169,MOHIT PAPER MILLS LTD.,BSE,India,INE388C01017,,
MOIL.NS,MOIL,MOIL,533286,MOIL Limited,NSE,India,INE490G01020,,
MOKSH.NS,MOKSH,,,Moksh Ornaments Limited,NSE,India,INE514Y01020,,
MOL.NS,MOL,MOL,543331,Meghmani Organics Limited,NSE,India,INE0CT101020,,
MOLBIO.NS,MOLBIO,MOLBIO,544866,Molbio Diagnostics Limited,NSE,India,INE869T01028,,
MOLDTECH.NS,MOLDTECH,MOLDTECH,526263,Mold-Tek Technologies Limited,NSE,India,INE835B01035,,
MOLDTKPAC.NS,MOLDTKPAC,MOLDTKPAC,533080,Mold-Tek Packaging Limited,NSE,India,INE893J01029,,
MOMSBELIEF.NS,MOMSBELIEF,MOMSBELIEF,544906,Rays of Belief Limited,NSE,India,INE1FCO01014,,
MONARCH.NS,MONARCH,MONARCH,511551,Monarch Networth Capital Limited,NSE,India,INE903D01011,,
MONEYBOXX.NS,MONEYBOXX,MONEYBOXX,538446,Moneyboxx Finance Limited,NSE,India,INE296Q01012,,
MONEYVIEW.NS,MONEYVIEW,MONEYVIEW,544953,Moneyview Limited,NSE,India,INE0PTN01011,,
MONGIPA.BO,MONGIPA,,530167,MOONGIPA CAPITAL FINANCE LTD.,BSE,India,INE153K01018,,
MONIKA.BO,MONIKA,,544451,MONIKA ALCOBEV LIMITED,BSE,India,INE0LCG01010,,
MONIND.BO,MONIND,,532078,MONIND LIMITED,BSE,India,INE407E01029,,
MONOLITH.NS,MONOLITH,,,Monolithisch India Limited,NSE,India,INE1DV401010,,
MONOPHARMA.NS,MONOPHARMA,,,Mono Pharmacare Limited,NSE,India,INE0OIP01012,,
MONOT.BO,MONOT,,505343,MONOTYPE INDIA LTD.,BSE,India,INE811D01024,,
MONTECARLO.NS,MONTECARLO,MONTECARLO,538836,Monte Carlo Fashions Limited,NSE,India,INE950M01013,,
MOPSHOP.BO,MOPSHOP,,544883,MOPSHOP DISTRIBUTION LIMITED,BSE,India,INE2F5H01015,,
MORARJEE.BO,MORARJEE,,532621,MORARJEE TEXTILES LTD.,BSE,India,INE161G01027,,
MORARKFI.BO,MORARKFI,,511549,MORARKA FINANCE LTD.,BSE,India,INE367A01015,,
MOREPENLAB.NS,MOREPENLAB,MOREPENLAB,500288,Morepen Laboratories Limited,NSE,India,INE083A01026,,
MORGAN.BO,MORGAN,,526237,MORGAN VENTURES LTD.,BSE,India,INE902C01015,,
MOS.NS,MOS,,,Mos Utility Limited,NSE,India,INE0N7S01028,,
MOSCHIP.NS,MOSCHIP,MOSCHIP,532407,Moschip Technologies Limited,NSE,India,INE935B01025,,
MOTHERSON.NS,MOTHERSON,MOTHERSON,517334,Samvardhana Motherson International Limited,NSE,India,INE775A01035,Automobile and Auto Components,
MOTILALOFS.NS,MOTILALOFS,MOTILALOFS,532892,Motilal Oswal Financial Services Limited,NSE,India,INE338I01027,Financial Services,
MOTISONS.NS,MOTISONS,MOTISONS,544053,Motisons Jewellers Limited,NSE,India,INE0FRK01020,,
MOTOGENFIN.NS,MOTOGENFIN,MOTOGENFIN,501343,The Motor & General Finance Limited,NSE,India,INE861B01023,,
MOXSH.NS,MOXSH,,,Moxsh Overseas Educon Limited,NSE,India,INE0N6D01014,,
MPAGI.BO,MPAGI,,506543,M.P.AGRO INDUSTRIES LTD.,BSE,India,INE468C01017,,
MPCOSEMB.BO,MPCOSEMB,,505797,MIPCO SEAMLESS RINGS (GUJARAT),BSE,India,INE860N01012,,
MPDL.NS,MPDL,MPDL,532723,MPDL Limited,NSE,India,INE493H01014,,
MPEL.NS,MPEL,,,Manas Polymers and Energies Limited,NSE,India,INE0U4H01011,,
MPFSL.BO,MPFSL,,532470,MPF Systems Limited,BSE,India,INE095E01022,,
MPHASIS.NS,MPHASIS,MPHASIS,526299,MphasiS Limited,NSE,India,INE356A01018,Information Technology,
MPILCORPL.BO,MPILCORPL,,500450,MPIL CORPORATION LTD.,BSE,India,INE844C01027,,
MPIMANIPAL.NS,MPIMANIPAL,MPIMANIPAL,544916,Manipal Payment and Identity Solutions Limited,NSE,India,INE241U01028,,
MPKSTEELS.BO,MPKSTEELS,,544553,M P K STEELS (I) LIMITED,BSE,India,INE1PJP01015,,
MPL.BO,MPL,,526143,MPL PLASTICS LTD.,BSE,India,INE343A01016,,
MPSLTD.NS,MPSLTD,MPSLTD,532440,MPS Limited,NSE,India,INE943D01017,,
MPTODAY.NS,MPTODAY,,,Madhya Pradesh Today Media Limited,NSE,India,INE105Y01019,,
MRCAGRO.BO,MRCAGRO,,540809,MRC AGROTECH LIMITED,BSE,India,INE333Y01017,,
MRF.NS,MRF,MRF,500290,MRF Limited,NSE,India,INE883A01011,Automobile and Auto Components,
MRIL.NS,MRIL,,,Mahendra Realtors & Infrastructure Limited,NSE,India,INE632Q01018,,
MRP.BO,MRP,,543262,MRP Agro Limited,BSE,India,INE0D7801012,,
MRPL.NS,MRPL,MRPL,500109,Mangalore Refinery and Petrochemicals Limited,NSE,India,INE103A01014,Oil Gas & Consumable Fuels,
MRTX.BO,MRTX,,544773,Merritronix Limited,BSE,India,INE1RQS01010,,
MRUTR.BO,MRUTR,,512065,MRUGESH TRADING LTD.,BSE,India,INE738D01029,,
MSAFE.BO,MSAFE,,544695,Msafe Equipments Limited,BSE,India,INE2B5L01011,,
MSCTC.BO,MSCTC,,513544,MARDIA SAMYOUNG CAPILLARY TUBE,BSE,India,INE277E01026,,
MSECL.BO,MSECL,,544453,Monarch Surveyors and Engineer,BSE,India,INE0V0L01028,,
MSL.NS,MSL,MSL,539275,Mangalam Seeds Limited,NSE,India,INE829S01016,,
MSLGLOBAL.BO,MSLGLOBAL,,511000,MSL GLOBAL LIMITED,BSE,India,INE856D01011,,
MSPL.NS,MSPL,MSPL,532650,MSP Steel & Power Limited,NSE,India,INE752G01015,,
MSRINDIA.BO,MSRINDIA,,508922,MSR INDIA LTD.,BSE,India,INE331L01026,,
MSTCLTD.NS,MSTCLTD,MSTCLTD,542597,Mstc Limited,NSE,India,INE255X01014,,
MSUMI.NS,MSUMI,MSUMI,543498,Motherson Sumi Wiring India Limited,NSE,India,INE0FS801015,Automobile and Auto Components,
MTARTECH.NS,MTARTECH,MTARTECH,543270,Mtar Technologies Limited,NSE,India,INE864I01014,Capital Goods,
MTEDUCARE.NS,MTEDUCARE,MTEDUCARE,534312,MT Educare Limited,NSE,India,INE472M01018,,
MTL.BO,MTL,,544751,MEHUL TELECOM LIMITED,BSE,India,INE1K0V01011,,
MTNL.NS,MTNL,MTNL,500108,Mahanagar Telephone Nigam Limited,NSE,India,INE153A01019,,
MTPL.BO,MTPL,,540254,MARG TECHNO PROJECTS LIMITED,BSE,India,INE245H01018,,
MUDUNURU.BO,MUDUNURU,,538743,Mudunuru Limited,BSE,India,INE491C01027,,
MUFIN.NS,MUFIN,MUFIN,542774,Mufin Green Finance Limited,NSE,India,INE08KJ01020,,
MUFTI.NS,MUFTI,MUFTI,544058,Credo Brands Marketing Limited,NSE,India,INE220Q01020,,
MUKANDLTD.NS,MUKANDLTD,MUKANDLTD,500460,Mukand Limited,NSE,India,INE304A01026,,
MUKATPIP.BO,MUKATPIP,,523832,MUKAT PIPES LTD.,BSE,India,INE862C01029,,
MUKESHB.NS,MUKESHB,MUKESHB,530341,Mukesh Babu Financial Services Limited,NSE,India,INE596B01017,,
MUKKA.NS,MUKKA,MUKKA,544135,Mukka Proteins Limited,NSE,India,INE0CG401037,,
MUKTA.BO,MUKTA,,535204,Mukta Agriculture Limited,BSE,India,INE160O01031,,
MUKTAARTS.NS,MUKTAARTS,MUKTAARTS,532357,Mukta Arts Limited,NSE,India,INE374B01019,,
MUL.BO,MUL,,539219,MAURIA UDYOG LIMITED,BSE,India,INE150D01027,,
MULLER.BO,MULLER,,501477,MULLER & PHIPPS (INDIA) LTD.,BSE,India,INE003F01015,,
MULTIBASE.BO,MULTIBASE,,526169,MULTIBASE INDIA LTD.,BSE,India,INE678F01014,,
MUNCAPM.BO,MUNCAPM,,511200,MUNOTH CAPITAL MARKET LTD.,BSE,India,INE910G01027,,
MUNISH.NS,MUNISH,,,Munish Forge Limited,NSE,India,INE1K8Y01018,,
MUNJALAU.NS,MUNJALAU,MUNJALAU,520059,Munjal Auto Industries Limited,NSE,India,INE672B01032,,
MUNJALSHOW.NS,MUNJALSHOW,MUNJALSHOW,520043,Munjal Showa Limited,NSE,India,INE577A01027,,
MUNOTHFI.BO,MUNOTHFI,,531821,MUNOTH FINANCIAL SERVICES LTD.,BSE,India,INE348D01019,,
MURUDCERA.NS,MURUDCERA,MURUDCERA,515037,Murudeshwar Ceramics Limited,NSE,India,INE692B01014,,
MUTHOOTCAP.NS,MUTHOOTCAP,MUTHOOTCAP,511766,Muthoot Capital Services Limited,NSE,India,INE296G01013,,
MUTHOOTFIN.NS,MUTHOOTFIN,MUTHOOTFIN,533398,Muthoot Finance Limited,NSE,India,INE414G01012,Financial Services,
MUTHOOTMF.NS,MUTHOOTMF,MUTHOOTMF,544055,Muthoot Microfin Limited,NSE,India,INE046W01019,,
MVELECTRO.NS,MVELECTRO,MVELECTRO,544851,MV Electrosystems Limited,NSE,India,INE0OWZ01020,,
MVGJL.NS,MVGJL,MVGJL,543995,Manoj Vaibhav Gems N Jewellers Limited,NSE,India,INE0KNT01012,,
MVKAGRO.NS,MVKAGRO,,,M.V.K. Agro Food Product Limited,NSE,India,INE0SGC01015,,
MWL.NS,MWL,MWL,544764,Mangalam Worldwide Limited,NSE,India,INE0JYY01029,,
MYMONEY.BO,MYMONEY,,538862,My Money Securities Ltd.,BSE,India,INE232L01018,,
MYMUDRA.NS,MYMUDRA,,,My Mudra Fincorp Limited,NSE,India,INE0RVQ01016,,
MYSORPETRO.NS,MYSORPETRO,MYSORPETRO,506734,Mysore Petro Chemicals Limited,NSE,India,INE741A01011,,
MYSTICELE.BO,MYSTICELE,,535205,Mystic Electronics Limited,BSE,India,INE159O01033,,
NACDAC.BO,NACDAC,,544313,NACDAC Infrastructure Limited,BSE,India,INE0LB101011,,
NACLIND.NS,NACLIND,NACLIND,524709,NACL Industries Limited,NSE,India,INE295D01020,,
NAGAFERT.BO,NAGAFERT,,539917,NAGARJUNA FERTILIZERS AND CHEM,BSE,India,INE454M01024,,
NAGPI.BO,NAGPI,,532362,NAGPUR POWER & INDUSTRIES LTD.,BSE,India,INE099E01016,,
NAGREEKCAP.NS,NAGREEKCAP,NAGREEKCAP,532895,Nagreeka Capital & Infrastructure Limited,NSE,India,INE245I01016,,
NAGREEKEXP.NS,NAGREEKEXP,NAGREEKEXP,521109,Nagreeka Exports Limited,NSE,India,INE123B01028,,
NAGTECH.BO,NAGTECH,,531832,NAGARJUNA AGRI TECH LTD.,BSE,India,INE793H01017,,
NAHARCAP.NS,NAHARCAP,NAHARCAP,532952,Nahar Capital and Financial Services Limited,NSE,India,INE049I01012,,
NAHARINDUS.NS,NAHARINDUS,NAHARINDUS,519136,Nahar Industrial Enterprises Limited,NSE,India,INE289A01011,,
NAHARPOLY.NS,NAHARPOLY,NAHARPOLY,523391,Nahar Poly Films Limited,NSE,India,INE308A01027,,
NAHARSPING.NS,NAHARSPING,NAHARSPING,500296,Nahar Spinning Mills Limited,NSE,India,INE290A01027,,
NAKSH.BO,NAKSH,,539402,Naksh Precious Metals Limited,BSE,India,INE256S01012,,
NAM-INDIA.NS,NAM-INDIA,NAM-INDIA,540767,Nippon Life India Asset Management Limited,NSE,India,INE298J01013,Financial Services,
NAM.BO,NAM,,538395,NAM SECURITIES LTD,BSE,India,INE792G01011,,
NAMAN.NS,NAMAN,,,Naman Industries Proxima Limited,NSE,India,INE0RJM01010,,
NAMOEWASTE.NS,NAMOEWASTE,,,Namo eWaste Management Limited,NSE,India,INE08NZ01012,,
NANTA.BO,NANTA,,544668,NANTA TECH LIMITED,BSE,India,INE0YJA01011,,
NAPEROL.BO,NAPEROL,,500298,Naperol Investments Limited,BSE,India,INE585A01020,,
NAPL.BO,NAPL,,538926,Naturite Agro Products Limited,BSE,India,INE223R01022,,
NAPSGLOBAL.BO,NAPSGLOBAL,,544373,NAPS Global India Limited,BSE,India,INE0VNH01014,,
NARMADA.NS,NARMADA,NARMADA,543643,Narmada Agrobase Limited,NSE,India,INE117Z01029,,
NARMADESH.BO,NARMADESH,,544680,Narmadesh Brass Industries Lim,BSE,India,INE0S1B01014,,
NARMP.BO,NARMP,,517431,NARMADA MACPLAST DRIP IRRIGATI,BSE,India,INE060D01028,,
NARPROP.BO,NARPROP,,531416,NARENDRA PROPERTIES LTD.,BSE,India,INE603F01012,,
NATCAPSUQ.NS,NATCAPSUQ,NATCAPSUQ,524654,Natural Capsules Limited,NSE,India,INE936B01015,,
NATCOPHARM.NS,NATCOPHARM,NATCOPHARM,524816,Natco Pharma Limited,NSE,India,INE987B01026,Healthcare,
NATFIT.BO,NATFIT,,531289,NATIONAL FITTINGS LIMITED,BSE,India,INE643C01015,,
NATGENI.BO,NATGENI,,531651,NATIONAL GENERAL INDUSTRIES LT,BSE,India,INE654H01011,,
NATHBIOGEN.NS,NATHBIOGEN,NATHBIOGEN,537291,Nath Bio-Genes (India) Limited,NSE,India,INE448G01010,,
NATHIND.BO,NATHIND,,502587,NATH INDUSTRIES LIMITED,BSE,India,INE777A01023,,
NATHUEC.BO,NATHUEC,,531834,NATURA HUE CHEM LTD.,BSE,India,INE487B01019,,
NATIONALUM.NS,NATIONALUM,NATIONALUM,532234,National Aluminium Company Limited,NSE,India,INE139A01034,Metals & Mining,
NATIONSTD.NS,NATIONSTD,NATIONSTD,504882,National Standard (India) Limited,NSE,India,INE166R01015,,
NATPLAS.BO,NATPLAS,,526616,NATIONAL PLASTIC INDUSTRIES LT,BSE,India,INE233D01013,,
NATPLASTI.BO,NATPLASTI,,531287,NATIONAL PLASTIC TECHNOLOGIES,BSE,India,INE896D01017,,
NATPLY.BO,NATPLY,,516062,NATIONAL PLYWOOD INDUSTRIES LT,BSE,India,INE497C01016,,
NATRAJPR.BO,NATRAJPR,,530119,NATRAJ PROTEINS LTD.,BSE,India,INE444D01016,,
NATURAL.BO,NATURAL,,543207,Natural Biocon (India) Limited,BSE,India,INE06MM01016,,
NAUKRI.NS,NAUKRI,NAUKRI,532777,Info Edge (India) Limited,NSE,India,INE663F01032,Consumer Services,
NAVA.NS,NAVA,NAVA,513023,NAVA LIMITED,NSE,India,INE725A01030,Power,
NAVINFLUOR.NS,NAVINFLUOR,NAVINFLUOR,532504,Navin Fluorine International Limited,NSE,India,INE048G01026,Chemicals,
NAVKARCORP.NS,NAVKARCORP,NAVKARCORP,539332,Navkar Corporation Limited,NSE,India,INE278M01019,,
NAVKARURB.NS,NAVKARURB,NAVKARURB,531494,Navkar Urbanstructure Limited,NSE,India,INE268H01044,,
NAVNETEDUL.NS,NAVNETEDUL,NAVNETEDUL,508989,Navneet Education Limited,NSE,India,INE060A01024,,
NAZARA.NS,NAZARA,NAZARA,543280,Nazara Technologies Limited,NSE,India,INE418L01047,,
NBCC.NS,NBCC,NBCC,534309,NBCC (India) Limited,NSE,India,INE095N01031,Construction,
NBFOOT.BO,NBFOOT,,523242,NB FOOTWEAR LTD.,BSE,India,INE006F01018,,
NBIFIN.NS,NBIFIN,,,N. B. I. Industrial Finance Company Limited,NSE,India,INE365I01020,,
NBL.BO,NBL,,543351,Naapbooks Limited,BSE,India,INE0GOA01018,,
NCC.NS,NCC,NCC,500294,NCC Limited,NSE,India,INE868B01028,Construction,
NCCBLUE.BO,NCCBLUE,,519506,NCC BLUE WATER PRODUCTS LTD.,BSE,India,INE630N01019,,
NCLIND.NS,NCLIND,NCLIND,502168,NCL Industries Limited,NSE,India,INE732C01016,,
NCLRESE.BO,NCLRESE,,530557,NCL RESEARCH & FINANCIAL SERVI,BSE,India,INE132F01038,,
NCML.BO,NCML,,544510,NILACHAL CARBO METALICKS LIMIT,BSE,India,INE346R01013,,
NDASEC.BO,NDASEC,,511535,NDA SECURITIES LTD.,BSE,India,INE026C01013,,
NDGL.NS,NDGL,,,Naga Dhunseri Group Limited,NSE,India,INE756C01015,,
NDL.NS,NDL,NDL,532641,Nandan Denim Limited,NSE,India,INE875G01048,,
NDLVENTURE.NS,NDLVENTURE,NDLVENTURE,500189,NDL Ventures Limited,NSE,India,INE353A01023,,
NDRAUTO.NS,NDRAUTO,NDRAUTO,543214,Ndr Auto Components Limited,NSE,India,INE07OG01012,,
NDTV.NS,NDTV,NDTV,532529,New Delhi Television Limited,NSE,India,INE155G01029,,
NEAGI.NS,NEAGI,NEAGI,508670,Neelamalai Agro Industries Limited,NSE,India,INE605D01012,,
NECCLTD.NS,NECCLTD,NECCLTD,534615,North Eastern Carrying Corporation Limited,NSE,India,INE553C01016,,
NECLIFE.NS,NECLIFE,NECLIFE,532649,Nectar Lifesciences Limited,NSE,India,INE023H01027,,
NEELAM.NS,NEELAM,,,Neelam Linens and Garments (India) Limited,NSE,India,INE0N1401016,,
NEELKAN.BO,NEELKAN,,531049,NEELKANTH ROCKMINERALS LTD.,BSE,India,INE741D01015,,
NEELKANTH.BO,NEELKANTH,,512565,NEELKANTH LIMITED,BSE,India,INE581D01015,,
NEERAJ.BO,NEERAJ,,539409,NEERAJ PAPER MARKETING LIMITED,BSE,India,INE894J01019,,
NEETUYOSHI.BO,NEETUYOSHI,,544434,Neetu Yoshi Limited,BSE,India,INE0UZO01024,,
NEIL.BO,NEIL,,539016,Neil Industries Ltd.,BSE,India,INE396C01010,,
NELCAST.NS,NELCAST,NELCAST,532864,Nelcast Limited,NSE,India,INE189I01024,,
NELCO.NS,NELCO,NELCO,504112,NELCO Limited,NSE,India,INE045B01015,,
NEOCHEM.NS,NEOCHEM,,,Neochem Bio Solutions Limited,NSE,India,INE21UM01018,,
NEOGEN.NS,NEOGEN,NEOGEN,542665,Neogen Chemicals Limited,NSE,India,INE136S01016,,
NEOINFRA.BO,NEOINFRA,,514332,NEO INFRACON LTD.,BSE,India,INE216I01017,,
NEPHROCARE.NS,NEPHROCARE,,,Nephro Care India Limited,NSE,India,INE0SUN01013,,
NEPHROPLUS.NS,NEPHROPLUS,NEPHROPLUS,544647,Nephrocare Health Services Limited,NSE,India,INE428V01029,,
NEPLOG.BO,NEPLOG,,544663,NEPTUNE LOGITEK LIMITED,BSE,India,INE1NQ501012,,
NEPTUNE.NS,NEPTUNE,,,Neptune Petrochemicals Limited,NSE,India,INE156901014,,
NESCO.NS,NESCO,NESCO,505355,Nesco Limited,NSE,India,INE317F01035,,
NESTLEIND.NS,NESTLEIND,NESTLEIND,500790,Nestle India Limited,NSE,India,INE239A01024,Fast Moving Consumer Goods,Y
NETLINK.BO,NETLINK,,509040,NETLINK SOLUTIONS (INDIA) LTD.,BSE,India,INE040F01033,,
NETTLINX.BO,NETTLINX,,511658,NETTLINX LTD.,BSE,India,INE027D01019,,
NETWEB.NS,NETWEB,NETWEB,543945,Netweb Technologies India Limited,NSE,India,INE0NT901020,Information Technology,
NETWORK18.NS,NETWORK18,NETWORK18,532798,Network18 Media & Investments Limited,NSE,India,INE870H01013,,
NEUEON.NS,NEUEON,NEUEON,532887,Neueon Corporation Limited,NSE,India,INE333I01044,,
NEULANDLAB.NS,NEULANDLAB,NEULANDLAB,524558,Neuland Laboratories Limited,NSE,India,INE794A01010,Healthcare,
NEWGEN.NS,NEWGEN,NEWGEN,540900,Newgen Software Technologies Limited,NSE,India,INE619B01017,,
NEWINFRA.BO,NEWINFRA,,531959,NEWTIME INFRASTRUCTURE LIMITED,BSE,India,INE997D01021,,
NEWJAISA.NS,NEWJAISA,,,Newjaisa Technologies Limited,NSE,India,INE0PW501021,,
NEWLIGHT.BO,NEWLIGHT,,540243,NEW LIGHT INDUSTRIES LIMITED,BSE,India,INE835U01027,,
NEWMKTAVE.BO,NEWMKTAVE,,508867,NEW MARKETS AVENUE LIMITED,BSE,India,INE800K01014,,
NEWTRAC.BO,NEWTRAC,,514060,NEWTRAC FOODS & BEVERAGES LIMI,BSE,India,INE229N01010,,
NEXOME.BO,NEXOME,,508905,NEXOME CAPITAL MARKETS LIMITED,BSE,India,INE641A01013,,
NEXTMEDIA.NS,NEXTMEDIA,NEXTMEDIA,532416,Next Mediaworks Limited,NSE,India,INE747B01016,,
NEXUSSURGL.BO,NEXUSSURGL,,538874,NEXUS SURGICAL AND MEDICARE LI,BSE,India,INE370Q01015,,
NEXXUS.BO,NEXXUS,,544265,Nexxus Petro Industries Limite,BSE,India,INE0QUL01011,,
NFL.NS,NFL,NFL,523630,National Fertilizers Limited,NSE,India,INE870D01012,,
NFPSAMPOOR.NS,NFPSAMPOOR,,,NFP Sampoorna Foods Limited,NSE,India,INE0T1501010,,
NGIL.NS,NGIL,NGIL,541418,Nakoda Group of Industries Limited,NSE,India,INE236Y01012,,
NGIND.BO,NGIND,,530897,N.G.INDUSTRIES LTD.,BSE,India,INE825C01018,,
NGLFINE.NS,NGLFINE,NGLFINE,524774,NGL Fine-Chem Limited,NSE,India,INE887E01022,,
NH.NS,NH,NH,539551,Narayana Hrudayalaya Ltd.,NSE,India,INE410P01011,Healthcare,
NHCFOODS.BO,NHCFOODS,,517554,NHC FOODS LTD.,BSE,India,INE141C01036,,
NHL.BO,NHL,,544245,Naturewings Holidays Limited,BSE,India,INE0N4701016,,
NHPC.NS,NHPC,NHPC,533098,NHPC Limited,NSE,India,INE848E01016,Power,
NIACL.NS,NIACL,NIACL,540769,The New India Assurance Company Limited,NSE,India,INE470Y01017,Financial Services,
NIBE.NS,NIBE,NIBE,535136,NIBE Limited,NSE,India,INE149O01018,,
NIBL.NS,NIBL,NIBL,535458,NRB Industrial Bearings Limited,NSE,India,INE047O01014,,
NICCOPAR.NS,NICCOPAR,NICCOPAR,526721,Nicco Parks & Resorts Limited,NSE,India,INE653C01022,,
NIDAN.NS,NIDAN,,,Nidan Laboratories and Healthcare Limited,NSE,India,INE0J6L01013,,
NIDHGRN.BO,NIDHGRN,,512103,NIDHI GRANITES LTD.,BSE,India,INE276H01013,,
NIHARINF.BO,NIHARINF,,531083,NIHAR INFO GLOBAL LTD.,BSE,India,INE876E01033,,
NIITLTD.NS,NIITLTD,NIITLTD,500304,NIIT Limited,NSE,India,INE161A01038,,
NIITMTS.NS,NIITMTS,NIITMTS,543952,NIIT Learning Systems Limited,NSE,India,INE342G01023,,
NIKHILAD.BO,NIKHILAD,,526159,NIKHIL ADHESIVES LTD.,BSE,India,INE926C01022,,
NIKITA.NS,NIKITA,,,NIKITA GREENTECH RECYCLING LIMITED,NSE,India,INE0FLF01015,,
NIKKIGL.BO,NIKKIGL,,531272,NIKKI GLOBAL FINANCE LTD.,BSE,India,INE526C01012,,
NIKSTECH.BO,NIKSTECH,,543282,Niks Technology Limited,BSE,India,INE0GX601011,,
NILACHAL.BO,NILACHAL,,502294,NILACHAL REFRACTORIES LTD.,BSE,India,INE416N01013,,
NILAINFRA.NS,NILAINFRA,NILAINFRA,530377,Nila Infrastructures Limited,NSE,India,INE937C01029,,
NILASPACES.NS,NILASPACES,NILASPACES,542231,Nila Spaces Limited,NSE,India,INE00S901012,,
NILE.NS,NILE,NILE,530129,Nile Limited,NSE,India,INE445D01013,,
NILKAMAL.NS,NILKAMAL,NILKAMAL,523385,Nilkamal Limited,NSE,India,INE310A01015,,
NIMBSPROJ.NS,NIMBSPROJ,NIMBSPROJ,511714,Nimbus Projects Limited,NSE,India,INE875B01015,,
NINSYS.NS,NINSYS,NINSYS,539843,NINtec Systems Limited,NSE,India,INE395U01014,,
NIPPOBATRY.NS,NIPPOBATRY,NIPPOBATRY,504058,Indo-National Limited,NSE,India,INE567A01028,,
NIRAJ.NS,NIRAJ,NIRAJ,532986,Niraj Cement Structurals Limited,NSE,India,INE368I01016,,
NIRAJISPAT.NS,NIRAJISPAT,,,Niraj Ispat Industries Limited,NSE,India,INE326T01011,,
NIRAVCOM.BO,NIRAVCOM,,512425,NIRAV COMMERCIALS LTD.,BSE,India,INE242B01018,,
NIRLON.NS,NIRLON,NIRLON,500307,Nirlon Limited,NSE,India,INE910A01012,,
NIRMAN.NS,NIRMAN,,,Nirman Agri Genetics Limited,NSE,India,INE0OK701014,,
NISMGMT.BO,NISMGMT,,544495,NIS MANAGEMENT LIMITED,BSE,India,INE0M3X01010,,
NISUS.BO,NISUS,,544296,NISUS FINANCE SERVICES CO LIMI,BSE,India,INE0DQN01013,,
NITCO.NS,NITCO,NITCO,532722,Nitco Limited,NSE,India,INE858F01012,,
NITINCAST.BO,NITINCAST,,508875,Nitin Castings Limited,BSE,India,INE861H01020,,
NITINSPIN.NS,NITINSPIN,NITINSPIN,532698,Nitin Spinners Limited,NSE,India,INE229H01012,,
NITIRAJ.NS,NITIRAJ,,,Nitiraj Engineers Limited,NSE,India,INE439T01012,,
NITTAGELA.NS,NITTAGELA,NITTAGELA,506532,Nitta Gelatin India Limited,NSE,India,INE265B01019,,
NIVABUPA.NS,NIVABUPA,NIVABUPA,544286,Niva Bupa Health Insurance Company Limited,NSE,India,INE995S01015,,
NIVAKA.BO,NIVAKA,,542206,NIVAKA FASHIONS LIMITED,BSE,India,INE139E01028,,
NIYOGIN.BO,NIYOGIN,,538772,Niyogin Fintech Limited,BSE,India,INE480D01010,,
NKIND.NS,NKIND,NKIND,519494,NK Industries Limited,NSE,India,INE542C01019,,
NLCINDIA.NS,NLCINDIA,NLCINDIA,513683,NLC India Limited,NSE,India,INE589A01014,Power,
NLFL.BO,NLFL,,531212,NALIN LEASE FINANCE LTD.,BSE,India,INE606C01012,,
NMDC.NS,NMDC,NMDC,526371,NMDC Limited,NSE,India,INE584A01023,Metals & Mining,
NMSGLOBAL.BO,NMSGLOBAL,,522289,NMS GLOBAL LIMITED,BSE,India,INE169F01014,,
NMSTEEL.NS,NMSTEEL,,,Newmalayalam Steel Limited,NSE,India,INE0TP801012,,
NNTL.BO,NNTL,,512279,N2N TECHNOLOGIES LIMITED,BSE,India,INE043F01011,,
NOBPOL.BO,NOBPOL,,539200,NOBLE POLYMERS LIMITED,BSE,India,INE203Q01026,,
NOCIL.NS,NOCIL,NOCIL,500730,NOCIL Limited,NSE,India,INE163A01018,,
NOIDATOLL.NS,NOIDATOLL,NOIDATOLL,532481,Noida Toll Bridge Company Limited,NSE,India,INE781B01015,,
NOL.BO,NOL,,507813,NATIONAL OXYGEN LTD.,BSE,India,INE296D01010,,
NORBTEAEXP.NS,NORBTEAEXP,NORBTEAEXP,519528,Norben Tea & Exports Limited,NSE,India,INE369C01017,,
NORRIS.BO,NORRIS,,524414,NORRIS MEDICINES LTD.,BSE,India,INE744C01029,,
NORTHARC.NS,NORTHARC,NORTHARC,544260,Northern Arc Capital Limited,NSE,India,INE850M01015,,
NORTHLINK.BO,NORTHLINK,,539110,Northlink Fiscal And Capital S,BSE,India,INE736P01019,,
NOUVEAU.BO,NOUVEAU,,531465,NOUVEAU GLOBAL VENTURES LTD.,BSE,India,INE317B01042,,
NOVAAGRI.NS,NOVAAGRI,NOVAAGRI,544100,Nova Agritech Limited,NSE,India,INE02H701025,,
NOVARTIND.NS,NOVARTIND,NOVARTIND,500672,Novartis India Limited,NSE,India,INE234A01025,,
NOVATEOR.BO,NOVATEOR,,542771,Novateor Research Laboratories,BSE,India,INE08JY01013,,
NOVELIX.BO,NOVELIX,,536565,NOVELIX PHARMACEUTICALS LIMITE,BSE,India,INE314I01036,,
NOVIS.BO,NOVIS,,513566,NOVA IRON & STEEL LTD.,BSE,India,INE608C01026,,
NOVUS.BO,NOVUS,,544735,Novus Loyalty Limited,BSE,India,INE1TFS01019,,
NOVYRA.BO,NOVYRA,,519353,NOVYRA PHARMACHEM LIMITED,BSE,India,INE856E01019,,
NPFL.BO,NPFL,,544269,NEOPOLITAN PIZZA AND FOODS LIM,BSE,India,INE471R01019,,
NPL.BO,NPL,,544205,National Peroxide Limited,BSE,India,INE0PO601011,,
NPRFIN.BO,NPRFIN,,530127,NPR FINANCE LTD.,BSE,India,INE446D01011,,
NPST.NS,NPST,NPST,544396,Network People Services Technologies Limited,NSE,India,INE0FFK01017,,
NRAIL.NS,NRAIL,NRAIL,516082,N R Agarwal Industries Limited,NSE,India,INE740D01017,,
NRBBEARING.NS,NRBBEARING,NRBBEARING,530367,NRB Bearing Limited,NSE,India,INE349A01021,,
NRL.NS,NRL,,,Nupur Recyclers Limited,NSE,India,INE0JM501013,,
NRVANDANA.NS,NRVANDANA,,,N R Vandana Tex Industries Limited,NSE,India,INE104101014,,
NSBBPO.BO,NSBBPO,,544571,NSB BPO Solutions Limited,BSE,India,INE0SLP01017,,
NSDL.BO,NSDL,,544467,National Securities Depository,BSE,India,INE301O01023,,
NSE.BO,NSE,,544937,National Stock Exchange of Ind,BSE,India,INE721I01024,,
NSIL.NS,NSIL,NSIL,532256,Nalwa Sons Investments Limited,NSE,India,INE023A01030,,
NSL.BO,NSL,,542628,Northern Spirits Limited,BSE,India,INE01BL01012,,
NSLNISP.NS,NSLNISP,NSLNISP,543768,NMDC Steel Limited,NSE,India,INE0NNS01018,Metals & Mining,
NTCIND.NS,NTCIND,NTCIND,526723,NTC Industries Limited,NSE,India,INE920C01017,,
NTPC.NS,NTPC,NTPC,532555,NTPC Limited,NSE,India,INE733E01010,Power,Y
NTPCGREEN.NS,NTPCGREEN,NTPCGREEN,544289,NTPC Green Energy Limited,NSE,India,INE0ONG01011,Power,
NUCLEUS.NS,NUCLEUS,NUCLEUS,531209,Nucleus Software Exports Limited,NSE,India,INE096B01018,,
NUKLEUS.BO,NUKLEUS,,544370,NUKLEUS OFFICE SOLUTIONS LIMIT,BSE,India,INE0VYX01018,,
NURECA.NS,NURECA,NURECA,543264,Nureca Limited,NSE,India,INE0DSF01015,,
NUTECGLOB.BO,NUTECGLOB,,531304,NUTECH GLOBAL LTD.,BSE,India,INE960H01012,,
NUVAMA.NS,NUVAMA,NUVAMA,543988,Nuvama Wealth Management Limited,NSE,India,INE531F01023,Financial Services,
NUVOCO.NS,NUVOCO,NUVOCO,543334,Nuvoco Vistas Corporation Limited,NSE,India,INE118D01016,Construction Materials,
NVENTURES.BO,NVENTURES,,543522,Nanavati Ventures Limited,BSE,India,INE0E5R01017,,
NWIL.BO,NWIL,,531889,NURTURE WELL INDUSTRIES LIMITE,BSE,India,INE882B01037,,
NYKAA.NS,NYKAA,NYKAA,543384,FSN E-Commerce Ventures Limited,NSE,India,INE388Y01029,Consumer Services,
NYSSACORP.BO,NYSSACORP,,504378,NYSSA CORPORATION LIMITED,BSE,India,INE812K01027,,
OAL.NS,OAL,OAL,500078,Oriental Aromatics Limited,NSE,India,INE959C01023,,
OASISEC.BO,OASISEC,,512489,OASIS SECURITIES LTD.,BSE,India,INE876A01023,,
OBCL.NS,OBCL,OBCL,541206,OBCL Limited,NSE,India,INE426Z01016,,
OBEROIRLTY.NS,OBEROIRLTY,OBEROIRLTY,533273,Oberoi Realty Limited,NSE,India,INE093I01010,Realty,
OBSCP.NS,OBSCP,,,OBSC Perfection Limited,NSE,India,INE0YHV01011,,
OCCLLTD.NS,OCCLLTD,OCCLLTD,544278,OCCL Limited,NSE,India,INE0PK601023,,
OCEANIC.BO,OCEANIC,,540405,Oceanic Foods Limited,BSE,India,INE711V01010,,
OCTAL.BO,OCTAL,,538894,Octal Credit Capital Ltd.,BSE,India,INE513C01010,,
OCTAVE.BO,OCTAVE,,521062,PERFECT-OCTAVE MEDIA PROJECTS,BSE,India,INE814L01013,,
OCTAVIUSPL.BO,OCTAVIUSPL,,542938,Octavius Plantations Limited,BSE,India,INE117S01016,,
ODIGMA.NS,ODIGMA,ODIGMA,544301,Odigma Consultancy Solutions Limited,NSE,India,INE054301028,,
ODYCORP.NS,ODYCORP,ODYCORP,531996,Odyssey Corporation Limited,NSE,India,INE839E01023,,
ODYSSEY.BO,ODYSSEY,,530175,ODYSSEY TECHNOLOGIES LTD.,BSE,India,INE213B01019,,
OFSS.NS,OFSS,OFSS,532466,Oracle Financial Services Software Limited,NSE,India,INE881D01027,Information Technology,
OIL.NS,OIL,OIL,533106,Oil India Limited,NSE,India,INE274J01014,Oil Gas & Consumable Fuels,
OILCOUNTUB.NS,OILCOUNTUB,OILCOUNTUB,500313,Oil Country Tubular Limited,NSE,India,INE591A01010,,
OIVL.BO,OIVL,,530805,ONESOURCE INDUSTRIES AND VENTU,BSE,India,INE125F01032,,
OKPLA.BO,OKPLA,,526415,OK PLAY INDIA LTD.,BSE,India,INE870B01024,,
OLAELEC.NS,OLAELEC,OLAELEC,544225,Ola Electric Mobility Limited,NSE,India,INE0LXG01040,Automobile and Auto Components,
OLATECH.BO,OLATECH,,543578,Olatech Solutions Limited,BSE,India,INE0M3901015,,
OLECTRA.NS,OLECTRA,OLECTRA,532439,Olectra Greentech Limited,NSE,India,INE260D01016,Automobile and Auto Components,
OLIL.NS,OLIL,,,Oneclick Logistics India Limited,NSE,India,INE0OPS01011,,
OLPCL.BO,OLPCL,,534190,OLYMPIC CARDS LTD.,BSE,India,INE550L01013,,
OLYMPTX.BO,OLYMPTX,,521105,OLYMPIA INDUSTRIES LTD.,BSE,India,INE482O01021,,
OLYMTFI.BO,OLYMTFI,,511632,OLYMPIC MANAGEMENT & FINANCIAL,BSE,India,INE091N01014,,
OLYOI.BO,OLYOI,,507609,OLYMPIC OIL INDUSTRIES LTD.,BSE,India,INE286E01019,,
OMAXAUTO.NS,OMAXAUTO,OMAXAUTO,520021,Omax Autos Limited,NSE,India,INE090B01011,,
OMAXE.NS,OMAXE,OMAXE,532880,Omaxe Limited,NSE,India,INE800H01010,,
OMEAG.BO,OMEAG,,519479,OMEGA AG-SEEDS (PUNJAB) LTD.,BSE,India,INE112B01013,,
OMEGAIN.BO,OMEGAIN,,511644,OMEGA INTERACTIVE TECHNOLOGIES,BSE,India,INE113B01037,,
OMFREIGHT.NS,OMFREIGHT,OMFREIGHT,544564,Om Freight Forwarders Limited,NSE,India,INE1BZC01019,,
OMFURN.NS,OMFURN,,,Omfurn India Limited,NSE,India,INE338Y01016,,
OMG.BO,OMG,,544922,OM GALAXY LIMITED,BSE,India,INE2D0Q01027,,
OMINFRAL.NS,OMINFRAL,OMINFRAL,531092,OM INFRA LIMITED,NSE,India,INE239D01028,,
OMKAR.BO,OMKAR,,531496,OMKAR OVERSEAS LTD.,BSE,India,INE680D01015,,
OMKARPH.BO,OMKARPH,,532167,OMKAR PHARMACHEM LTD.,BSE,India,INE501C01015,,
OML.BO,OML,,544559,OM METALLOGIC LIMITED,BSE,India,INE0R8Q01018,,
OMNI.NS,OMNI,OMNI,544720,Omnitech Engineering Limited,NSE,India,INE0UH301010,,
OMNIAX.BO,OMNIAX,,532340,OMNI AXS SOFTWARE LTD.,BSE,India,INE369B01019,,
OMNIPOTENT.BO,OMNIPOTENT,,543400,Omnipotent Industries Limited,BSE,India,INE0JFE01012,,
OMNITEX.BO,OMNITEX,,514324,OMNITEX INDUSTRIES (INDIA) LTD,BSE,India,INE814D01010,,
OMPOWER.NS,OMPOWER,OMPOWER,544750,Om Power Transmission Limited,NSE,India,INE25E901019,,
ONDOOR.NS,ONDOOR,,,On Door Concepts Limited,NSE,India,INE00ER01015,,
ONEGLOBAL.NS,ONEGLOBAL,ONEGLOBAL,514330,One Global Service Provider Limited,NSE,India,INE670O01013,,
ONEINDIG.BO,ONEINDIG,,544852,Oneindig Technologies Limited,BSE,India,INE0UR501013,,
ONELIFECAP.NS,ONELIFECAP,ONELIFECAP,533632,Onelife Capital Advisors Limited,NSE,India,INE912L01015,,
ONEPOINT.NS,ONEPOINT,ONEPOINT,544748,One Point One Solutions Limited,NSE,India,INE840Y01029,,
ONESOURCE.NS,ONESOURCE,ONESOURCE,544292,Onesource Specialty Pharma Limited,NSE,India,INE013P01021,Healthcare,
ONGC.NS,ONGC,ONGC,500312,Oil & Natural Gas Corporation Limited,NSE,India,INE213A01029,Oil Gas & Consumable Fuels,Y
ONIDA.NS,ONIDA,ONIDA,500279,Onida Electronics Limited,NSE,India,INE831A01028,,
ONIXSOLAR.NS,ONIXSOLAR,ONIXSOLAR,513119,Onix Solar Energy Limited,NSE,India,INE173M01012,,
ONMOBILE.NS,ONMOBILE,ONMOBILE,532944,OnMobile Global Limited,NSE,India,INE809I01019,,
ONTIC.BO,ONTIC,,540386,Ontic Finserve Limited,BSE,India,INE989S01042,,
ONWARDTEC.NS,ONWARDTEC,ONWARDTEC,517536,Onward Technologies Limited,NSE,India,INE229A01017,,
ONYX.NS,ONYX,,,Onyx Biotec Limited,NSE,India,INE0WVU01018,,
OONE.BO,OONE,,535657,OBJECTONE INFORMATION SYSTEMS,BSE,India,INE860E01011,,
OPTIEMUS.NS,OPTIEMUS,OPTIEMUS,530135,Optiemus Infracom Limited,NSE,India,INE350C01017,,
OPTIFIN.NS,OPTIFIN,OPTIFIN,531254,Optimus Finance Limited,NSE,India,INE031G01022,,
OPTIMYSTIX.NS,OPTIMYSTIX,,,Optimystix Entertainment India Limited,NSE,India,INE1JZB01022,,
OPTIVALUE.NS,OPTIVALUE,,,Optivalue Tek Consulting Limited,NSE,India,INE15B101011,,
ORBTEXP.NS,ORBTEXP,ORBTEXP,512626,Orbit Exports Limited,NSE,India,INE231G01010,,
ORCHASP.NS,ORCHASP,ORCHASP,532271,Orchasp Limited,NSE,India,INE215B01022,,
ORCHPHARMA.NS,ORCHPHARMA,ORCHPHARMA,524372,Orchid Pharma Limited,NSE,India,INE191A01027,,
ORGANICREC.BO,ORGANICREC,,543997,ORGANIC RECYCLING SYSTEMS LIMI,BSE,India,INE0MIO01019,,
ORGCOAT.BO,ORGCOAT,,531157,ORGANIC COATINGS LTD.,BSE,India,INE412E01011,,
ORIANA.NS,ORIANA,,,Oriana Power Limited,NSE,India,INE0OUT01027,,
ORIBEVER.BO,ORIBEVER,,507690,ORIENT BEVERAGES LTD.,BSE,India,INE247F01018,,
ORICONENT.NS,ORICONENT,ORICONENT,513121,Oricon Enterprises Limited,NSE,India,INE730A01022,,
ORIENTALTL.NS,ORIENTALTL,ORIENTALTL,532817,Oriental Trimex Limited,NSE,India,INE998H01012,,
ORIENTBELL.NS,ORIENTBELL,ORIENTBELL,530365,Orient Bell Limited,NSE,India,INE607D01018,,
ORIENTCABL.NS,ORIENTCABL,ORIENTCABL,544960,Orient Cables (India) Limited,NSE,India,INE0J1N01028,,
ORIENTCEM.NS,ORIENTCEM,ORIENTCEM,535754,Orient Cement Limited,NSE,India,INE876N01018,,
ORIENTCER.NS,ORIENTCER,ORIENTCER,504879,ORIENT CERATECH LIMITED,NSE,India,INE569C01020,,
ORIENTELEC.NS,ORIENTELEC,ORIENTELEC,541301,Orient Electric Limited,NSE,India,INE142Z01019,,
ORIENTHOT.NS,ORIENTHOT,ORIENTHOT,500314,Oriental Hotels Limited,NSE,India,INE750A01020,,
ORIENTLTD.NS,ORIENTLTD,ORIENTLTD,526325,Orient Press Limited,NSE,India,INE609C01024,,
ORIENTPPR.NS,ORIENTPPR,ORIENTPPR,502420,Orient Paper & Industries Limited,NSE,India,INE592A01026,,
ORIENTTECH.NS,ORIENTTECH,ORIENTTECH,544235,Orient Technologies Limited,NSE,India,INE0PPK01015,,
ORIENTTR.BO,ORIENTTR,,531512,ORIENT TRADELINK LTD.,BSE,India,INE681D01039,,
ORIRAIL.NS,ORIRAIL,ORIRAIL,531859,Oriental Rail Infrastructure Limited,NSE,India,INE457G01029,,
ORISSAMINE.NS,ORISSAMINE,ORISSAMINE,590086,The Orissa Minerals Development Company Limited,NSE,India,INE725E01024,,
ORKLAINDIA.NS,ORKLAINDIA,ORKLAINDIA,544595,Orkla India Limited,NSE,India,INE16NZ01023,,
OROSMITHS.BO,OROSMITHS,,531626,OROSIL SMITHS INDIA LTD.,BSE,India,INE628B01034,,
ORTINGLOBE.NS,ORTINGLOBE,ORTINGLOBE,539287,ORTIN GLOBAL LIMITED,NSE,India,INE749B01020,,
OSCARGLO.BO,OSCARGLO,,530173,OSCAR GLOBAL LTD.,BSE,India,INE473F01010,,
OSELDEVICE.NS,OSELDEVICE,,,Osel Devices Limited,NSE,India,INE0RMF01018,,
OSIAHYPER.NS,OSIAHYPER,,,Osia Hyper Retail Limited,NSE,India,INE06IR01021,,
OSIAJEE.BO,OSIAJEE,,540198,OSIAJEE TEXFAB LIMITED,BSE,India,INE186R01013,,
OSWALAGRO.NS,OSWALAGRO,OSWALAGRO,500317,Oswal Agro Mills Limited,NSE,India,INE142A01012,,
OSWALGREEN.NS,OSWALGREEN,OSWALGREEN,539290,Oswal Greentech Limited,NSE,India,INE143A01010,,
OSWALOR.BO,OSWALOR,,531065,OSWAL OVERSEAS LTD.,BSE,India,INE906K01027,,
OSWALPUMPS.NS,OSWALPUMPS,OSWALPUMPS,544418,Oswal Pumps Limited,NSE,India,INE0BYP01024,,
OSWALSEEDS.NS,OSWALSEEDS,,,ShreeOswal Seeds And Chemicals Limited,NSE,India,INE00IK01029,,
OTCO.BO,OTCO,,523151,OTCO INTERNATIONAL LTD.,BSE,India,INE910B01028,,
OVAL.BO,OVAL,,544498,OVAL PROJECTS ENGINEERING LIMI,BSE,India,INE0RTI01017,,
OVOBELE.BO,OVOBELE,,530741,OVOBEL FOODS LTD.,BSE,India,INE812S01012,,
OWAIS.NS,OWAIS,,,Owais Metal And Mineral Processing Limited,NSE,India,INE0R8M01017,,
OXFORDIN.BO,OXFORDIN,,514414,OXFORD INDUSTRIES LTD.,BSE,India,INE114D01015,,
OXYGENTAPH.BO,OXYGENTAPH,,524636,OXYGENTA PHARMACEUTICAL LIMITE,BSE,India,INE102E01018,,
PACE.BO,PACE,,543637,PACE E-COMMERCE VENTURES LIMIT,BSE,India,INE0N1L01018,,
PACEDIGITK.NS,PACEDIGITK,PACEDIGITK,544550,Pace Digitek Limited,NSE,India,INE0S3G01027,,
PACIFICI.NS,PACIFICI,PACIFICI,523483,Pacific Industries Limited,NSE,India,INE883C01025,,
PADALPO.BO,PADALPO,,531779,PADMANABH ALLOYS & POLYMERS LT,BSE,India,INE630U01014,,
PADAMCO.BO,PADAMCO,,531395,PADAM COTTON YARNS LTD.,BSE,India,INE448D01025,,
PADMAIND.BO,PADMAIND,,526905,Padmanabh Industries Ltd,BSE,India,INE743D01011,,
PADMALAYAT.BO,PADMALAYAT,,532350,PADMALAYA TELEFILMS LTD.,BSE,India,INE243B01016,,
PAGEIND.NS,PAGEIND,PAGEIND,532827,Page Industries Limited,NSE,India,INE761H01022,Textiles,
PAISALO.NS,PAISALO,PAISALO,532900,Paisalo Digital Limited,NSE,India,INE420C01059,,
PAJSON.BO,PAJSON,,544657,Pajson Agro India Limited,BSE,India,INE14LM01012,,
PAKKA.NS,PAKKA,PAKKA,516030,PAKKA LIMITED,NSE,India,INE551D01018,,
PALASHSECU.NS,PALASHSECU,PALASHSECU,540648,Palash Securities Limited,NSE,India,INE471W01019,,
PALCO.BO,PALCO,,539121,Palco Metals Limited,BSE,India,INE239L01013,,
PALMJEWELS.BO,PALMJEWELS,,541444,Palm Jewels Limited,BSE,India,INE838Z01012,,
PALREDTEC.NS,PALREDTEC,PALREDTEC,532521,Palred Technologies Limited,NSE,India,INE218G01033,,
PALUCK.BO,PALUCK,,544897,Paluck Technologies Limited,BSE,India,INE0LHB01010,,
PANABYTE.BO,PANABYTE,,538742,PANABYTE TECHNOLOGIES LIMITED,BSE,India,INE516E01019,,
PANACEABIO.NS,PANACEABIO,PANACEABIO,531349,Panacea Biotec Limited,NSE,India,INE922B01023,,
PANACHE.NS,PANACHE,,,Panache Digilife Limited,NSE,India,INE895W01019,,
PANAENERG.BO,PANAENERG,,504093,PANASONIC ENERGY INDIA COMPANY,BSE,India,INE795A01017,,
PANAFIC.BO,PANAFIC,,538860,PANAFIC INDUSTRIALS LTD,BSE,India,INE655P01029,,
PANAMAPET.NS,PANAMAPET,PANAMAPET,524820,Panama Petrochem Limited,NSE,India,INE305C01029,,
PANCARBON.BO,PANCARBON,,508941,PANASONIC CARBON INDIA CO.LTD.,BSE,India,INE013E01017,,
PANCHATV.BO,PANCHATV,,544926,Panchatv Bharat Limited,BSE,India,INE0VXN01011,,
PANCHMAHQ.NS,PANCHMAHQ,PANCHMAHQ,513511,Panchmahal Steel Limited,NSE,India,INE798F01010,,
PANCHSHEEL.BO,PANCHSHEEL,,531726,PANCHSHEEL ORGANICS LTD.,BSE,India,INE316G01019,,
PANCM.BO,PANCM,,500322,PANYAM CEMENTS & MINERAL INDUS,BSE,India,INE167E01037,,
PANELEC.BO,PANELEC,,517397,PAN ELECTRONICS INDIA LTD.,BSE,India,INE648E01010,,
PANHR.BO,PANHR,,544698,PAN HR SOLUTION LIMITED,BSE,India,INE1N9E01015,,
PANIDPR.BO,PANIDPR,,524055,PANTHER INDUSTRIAL PRODUCTS LT,BSE,India,INE181D01014,,
PANINDIAC.BO,PANINDIAC,,511525,PAN INDIA CORPORATION LTD.,BSE,India,INE376A01032,,
PANJON.BO,PANJON,,526345,PANJON LTD.,BSE,India,INE744D01019,,
PANKAJPO.BO,PANKAJPO,,531280,PANKAJ POLYMERS LTD.,BSE,India,INE698B01011,,
PANORAMA.NS,PANORAMA,PANORAMA,539469,Panorama Studios International Limited,NSE,India,INE258R01028,,
PANSARI.NS,PANSARI,,,Pansari Developers Limited,NSE,India,INE697V01011,,
PANTH.BO,PANTH,,539143,PANTH INFINITY LIMITED,BSE,India,INE945O01019,,
PAOS.BO,PAOS,,530291,PAOS INDUSTRIES LIMITED,BSE,India,INE791C01012,,
PAR.NS,PAR,,,Par Drugs And Chemicals Limited,NSE,India,INE04LG01015,,
PARACABLES.NS,PARACABLES,PARACABLES,530555,Paramount Communications Limited,NSE,India,INE074B01023,,
PARADEEP.NS,PARADEEP,PARADEEP,543530,Paradeep Phosphates Limited,NSE,India,INE088F01024,Chemicals,
PARAGMILK.NS,PARAGMILK,PARAGMILK,539889,Parag Milk Foods Limited,NSE,India,INE883N01014,,
PARAGON.NS,PARAGON,,,Paragon Fine and Speciality Chemical Limited,NSE,India,INE0N4G01012,,
PARAGONF.BO,PARAGONF,,531255,PARAGON FINANCE LTD.,BSE,India,INE015E01012,,
PARAMATRIX.NS,PARAMATRIX,,,Paramatrix Technologies Limited,NSE,India,INE0S2W01018,,
PARAMOUNT.NS,PARAMOUNT,,,Paramount Dye Tec Limited,NSE,India,INE0TG801013,,
PARAMPARA.NS,PARAMPARA,,,PARAMPARA DAIRY DELIGHTS LIMITED,NSE,India,INE749Y01014,,
PARAS.NS,PARAS,PARAS,543367,Paras Defence and Space Technologies Limited,NSE,India,INE045601023,,
PARASPETRO.NS,PARASPETRO,PARASPETRO,521246,Paras Petrofils Limited,NSE,India,INE162C01024,,
PARIN.NS,PARIN,,,Parin Enterprises Limited,NSE,India,INE00U801010,,
PARKERAC.BO,PARKERAC,,524628,PARKER AGROCHEM EXPORTS LTD.,BSE,India,INE750B01010,,
PARKHOSPS.NS,PARKHOSPS,PARKHOSPS,544645,Park Medi World Limited,NSE,India,INE119201023,,
PARKHOTELS.NS,PARKHOTELS,PARKHOTELS,544111,Apeejay Surrendra Park Hotels Limited,NSE,India,INE988S01028,,
PARLEIND.BO,PARLEIND,,532911,PARLE INDUSTRIES LIMITED,BSE,India,INE272G01014,,
PARMAX.BO,PARMAX,,540359,Parmax Pharma Limited,BSE,India,INE240T01014,,
PARMCOS-B.BO,PARMCOS-B,,507970,PARAMOUNT COSMETICS (INDIA) LT,BSE,India,INE143I01013,,
PARMESHWAR.BO,PARMESHWAR,,544330,PARMESHWAR METAL LIMITED,BSE,India,INE0QQJ01021,,
PARMSILK.BO,PARMSILK,,540467,PARMESHWARI SILK MILLS LIMITED,BSE,India,INE808R01012,,
PARNAXLAB.NS,PARNAXLAB,PARNAXLAB,506128,Parnax Lab Limited,NSE,India,INE383L01019,,
PARSHVA.BO,PARSHVA,,542694,Parshva Enterprises Limited,BSE,India,INE05MV01019,,
PARSHWANA.BO,PARSHWANA,,511176,PARSHWANATH CORPORATION LTD.,BSE,India,INE635I01018,,
PARSVNATH.NS,PARSVNATH,PARSVNATH,532780,Parsvnath Developers Limited,NSE,India,INE561H01026,,
PARTH.NS,PARTH,,,Parth Electricals & Engineering Limited,NSE,India,INE1H7V01011,,
PARTY-RE.NS,PARTY-RE,,,Party Cruisers Ltd-RE,NSE,India,INE06ZX20015,,
PARTYCRUS.NS,PARTYCRUS,,,Party Cruisers Limited,NSE,India,INE06ZX01015,,
PARVATI.BO,PARVATI,,541347,Parvati Sweetners and Power Lt,BSE,India,INE295Z01015,,
PASARI.BO,PASARI,,521080,PASARI SPINNING MILLS LTD.,BSE,India,INE604F01010,,
PASHUPATI.NS,PASHUPATI,PASHUPATI,544448,Pashupati Cotspin Limited,NSE,India,INE124Y01028,,
PASUFIN.BO,PASUFIN,,511734,PASUPATI FINCAP LTD.,BSE,India,INE527C01010,,
PASUPTAC.NS,PASUPTAC,PASUPTAC,500456,Pasupati Acrylon Limited,NSE,India,INE818B01023,,
PASUSPG.BO,PASUSPG,,503092,PASUPATI SPG.& WVG.MILLS LTD.,BSE,India,INE909B01020,,
PATANJALI.NS,PATANJALI,PATANJALI,500368,Patanjali Foods Limited,NSE,India,INE619A01035,Fast Moving Consumer Goods,
PATELCHEM.BO,PATELCHEM,,544460,PATEL CHEM SPECIALITIES LIMITE,BSE,India,INE161701011,,
PATELENG.NS,PATELENG,PATELENG,531120,Patel Engineering Limited,NSE,India,INE244B01030,,
PATELRMART.NS,PATELRMART,PATELRMART,544487,Patel Retail Limited,NSE,India,INE0R8B01010,,
PATELSAI.BO,PATELSAI,,517417,PATELS AIRTEMP (INDIA) LTD.,BSE,India,INE082C01024,,
PATIDAR.BO,PATIDAR,,524031,PATIDAR BUILDCON LIMITED,BSE,India,INE637N01014,,
PATILAUTOM.NS,PATILAUTOM,,,Patil Automation Limited,NSE,India,INE17GV01016,,
PATINTLOG.NS,PATINTLOG,PATINTLOG,526381,Patel Integrated Logistics Limited,NSE,India,INE529D01014,,
PATRON.BO,PATRON,,543798,Patron Exim Limited,BSE,India,INE0NPA01011,,
PATSPINLTD.BO,PATSPINLTD,,514326,PATSPIN INDIA LTD.,BSE,India,INE790C01014,,
PATTECH.NS,PATTECH,,,Pattech Fitwell Tube Components Limited,NSE,India,INE0NZW01014,,
PAUSHAKLTD.NS,PAUSHAKLTD,PAUSHAKLTD,532742,Paushak Limited,NSE,India,INE111F01024,,
PAVNAIND.NS,PAVNAIND,PAVNAIND,543915,Pavna Industries Limited,NSE,India,INE07S101038,,
PAYTM.NS,PAYTM,PAYTM,543396,One 97 Communications Limited,NSE,India,INE982J01020,Financial Services,
PBAINFRA.BO,PBAINFRA,,532676,PBA INFRASTRUCTURE LTD.,BSE,India,INE160H01019,,
PBMPOLY.NS,PBMPOLY,PBMPOLY,514087,PBM Polytex Limited,NSE,India,INE501F01018,,
PCBL.NS,PCBL,PCBL,506590,PCBL Chemical Limited,NSE,India,INE602A01031,Chemicals,
PCCL.NS,PCCL,,,Petro Carbon and Chemicals Limited,NSE,India,INE998U01015,,
PCCOSMA.BO,PCCOSMA,,524136,PEE CEE COSMA SOPE LTD.,BSE,India,INE417E01010,,
PCJEWELLER.NS,PCJEWELLER,PCJEWELLER,534809,PC Jeweller Limited,NSE,India,INE785M01021,,
PCL.BO,PCL,,543814,PROSPECT CONSUMER PRODUCTS LIM,BSE,India,INE0OKG01017,,
PCS.BO,PCS,,517119,PCS TECHNOLOGY LTD.,BSE,India,INE834B01012,,
PDMJEPAPER.NS,PDMJEPAPER,PDMJEPAPER,539785,Pudumjee Paper Products Limited,NSE,India,INE865T01018,,
PDSL.NS,PDSL,PDSL,538730,PDS Limited,NSE,India,INE111Q01021,,
PEARLPOLY.NS,PEARLPOLY,PEARLPOLY,523260,Pearl Polymers Limited,NSE,India,INE844A01013,,
PECOS.BO,PECOS,,539273,PECOS Hotels And Pubs Limited,BSE,India,INE484S01010,,
PEETISEC.BO,PEETISEC,,531352,PEETI SECURITIES LTD.,BSE,India,INE328D01011,,
PEIL.BO,PEIL,,533100,PREMIER ENERGY AND INFRASTRUCT,BSE,India,INE429K01012,,
PELATRO.NS,PELATRO,,,Pelatro Limited,NSE,India,INE0VG601013,,
PENIND.NS,PENIND,PENIND,513228,Pennar Industries Limited,NSE,India,INE932A01024,,
PENINLAND.NS,PENINLAND,PENINLAND,503031,Peninsula Land Limited,NSE,India,INE138A01028,,
PENTAGON.NS,PENTAGON,,,Pentagon Rubber Limited,NSE,India,INE0ORS01017,,
PEOPLIN.BO,PEOPLIN,,501144,PEOPLES INVESTMENTS LTD.,BSE,India,INE644U01015,,
PERFECT.NS,PERFECT,,,Perfect Infraengineers Limited,NSE,India,INE925S01012,,
PERFEPA.BO,PERFEPA,,526435,PERFECTPAC LTD.,BSE,India,INE759I01024,,
PERMAGN.NS,PERMAGN,PERMAGN,504132,Permanent Magnets Limited,NSE,India,INE418E01018,,
PERNIASPOP.NS,PERNIASPOP,PERNIASPOP,544901,Purple Style Labs Limited,NSE,India,INE0I1B01016,,
PERSISTENT.NS,PERSISTENT,PERSISTENT,533179,Persistent Systems Limited,NSE,India,INE262H01021,Information Technology,
PERVASIVE.BO,PERVASIVE,,517172,Pervasive Commodities Limited,BSE,India,INE443P01038,,
PESB.BO,PESB,,544141,Pune E - Stock Broking Limited,BSE,India,INE510U01018,,
PESHWA.BO,PESHWA,,544955,Peshwa Wheat Limited,BSE,India,INE0SR101016,,
PETRONET.NS,PETRONET,PETRONET,532522,Petronet LNG Limited,NSE,India,INE347G01014,Oil Gas & Consumable Fuels,
PFC.NS,PFC,PFC,532810,Power Finance Corporation Limited,NSE,India,INE134E01011,Financial Services,
PFIZER.NS,PFIZER,PFIZER,500680,Pfizer Limited,NSE,India,INE182A01018,,
PFL.BO,PFL,,544259,POPULAR FOUNDATIONS LIMITED,BSE,India,INE0PZB01013,,
PFLINFOTC.BO,PFLINFOTC,,531769,PFL INFOTECH LTD.,BSE,India,INE600F01018,,
PFOCUS.NS,PFOCUS,PFOCUS,532748,Prime Focus Limited,NSE,India,INE367G01038,Media Entertainment & Publication,
PFS.NS,PFS,PFS,533344,PTC India Financial Services Limited,NSE,India,INE560K01014,,
PGCRL.BO,PGCRL,,543540,Pearl Green Clubs and Resorts,BSE,India,INE0GTX01019,,
PGEL.NS,PGEL,PGEL,533581,PG Electroplast Limited,NSE,India,INE457L01029,Consumer Durables,
PGFOILQ.BO,PGFOILQ,,526747,PG FOILS LTD.,BSE,India,INE078D01012,,
PGHH.NS,PGHH,PGHH,500459,Procter & Gamble Hygiene and Health Care Limited,NSE,India,INE179A01014,,
PGHL.NS,PGHL,PGHL,500126,Procter & Gamble Health Limited,NSE,India,INE199A01012,,
PGIL.NS,PGIL,PGIL,532808,Pearl Global Industries Limited,NSE,India,INE940H01022,,
PHANTOMFX.NS,PHANTOMFX,,,Phantom Digital Effects Limited,NSE,India,INE0MLZ01019,,
PHARMAID.BO,PHARMAID,,524572,PHARMAIDS PHARMACEUTICALS LTD.,BSE,India,INE117D01018,,
PHCAP.BO,PHCAP,,500143,P H CAPITAL LIMITED,BSE,India,INE160F01013,,
PHOENIXLTD.NS,PHOENIXLTD,PHOENIXLTD,503100,The Phoenix Mills Limited,NSE,India,INE211B01039,Realty,
PHOENXINTL.NS,PHOENXINTL,PHOENXINTL,526481,Phoenix International Limited,NSE,India,INE245B01011,,
PHOGLOBAL.NS,PHOGLOBAL,,,Phoenix Overseas Limited,NSE,India,INE0FPO01018,,
PHOSPHATE.BO,PHOSPHATE,,542123,The Phosphate Company Limited,BSE,India,INE398C01016,,
PHOTON.BO,PHOTON,,509084,PHOTON CAPITAL ADVISORS LTD.,BSE,India,INE107J01016,,
PHOTOQUP.BO,PHOTOQUP,,526588,PHOTOQUIP INDIA LTD.,BSE,India,INE813B01016,,
PHRMASI.BO,PHRMASI,,523620,PHAARMASIA LTD.,BSE,India,INE486I01016,,
PHYCHEM.BO,PHYCHEM,,544902,Phychem Technologies Limited,BSE,India,INE24YP01017,,
PHYTO.BO,PHYTO,,524808,PHYTO CHEM (INDIA) LTD.,BSE,India,INE037C01010,,
PICCADIL.NS,PICCADIL,PICCADIL,530305,Piccadily Agro Industries Limited,NSE,India,INE546C01010,,
PICCASUG.BO,PICCASUG,,507498,PICCADILY SUGAR & ALLIED INDUS,BSE,India,INE544C01023,,
PICTUREHS.BO,PICTUREHS,,532355,PICTUREHOUSE MEDIA LTD.,BSE,India,INE448B01029,,
PIDILITIND.NS,PIDILITIND,PIDILITIND,500331,Pidilite Industries Limited,NSE,India,INE318A01026,Chemicals,
PIGL.NS,PIGL,PIGL,543912,Power & Instrumentation (Gujarat) Limited,NSE,India,INE557Z01018,,
PIIND.NS,PIIND,PIIND,523642,PI Industries Limited,NSE,India,INE603J01030,Chemicals,
PILANIINVS.NS,PILANIINVS,PILANIINVS,539883,Pilani Investment and Industries Corporation Limited,NSE,India,INE417C01014,,
PILITA.NS,PILITA,PILITA,500327,PIL ITALICA LIFESTYLE LIMITED,NSE,India,INE600A01035,,
PIND.BO,PIND,,544966,Pind Hospitality Limited,BSE,India,INE0RNF01016,,
PINELABS.NS,PINELABS,PINELABS,544606,Pine Labs Limited,NSE,India,INE15B701018,Financial Services,
PIONEEREMB.NS,PIONEEREMB,PIONEEREMB,514300,Pioneer Embroideries Limited,NSE,India,INE156C01018,,
PIONRINV.NS,PIONRINV,PIONRINV,507864,Pioneer Investcorp Limited,NSE,India,INE746D01014,,
PIOTEX.BO,PIOTEX,,544178,PIOTEX INDUSTRIES LIMITED,BSE,India,INE0R4W01015,,
PIPAN.BO,PIPAN,,538537,PIPAN OILS LIMITED,BSE,India,INE378P01036,,
PIRAMALFIN.NS,PIRAMALFIN,PIRAMALFIN,544597,Piramal Finance Limited,NSE,India,INE202B01038,Financial Services,
PITTIENG.NS,PITTIENG,PITTIENG,513519,Pitti Engineering Limited,NSE,India,INE450D01021,,
PIXTRANS.NS,PIXTRANS,PIXTRANS,500333,Pix Transmissions Limited,NSE,India,INE751B01018,,
PJL.BO,PJL,,539401,Patdiam Jewellery Limited,BSE,India,INE473T01011,,
PKTEA.NS,PKTEA,,,The Peria Karamalai Tea & Produce Company Limited,NSE,India,INE431F01018,,
PLADAINFO.NS,PLADAINFO,,,Plada Infotech Services Limited,NSE,India,INE0PXD01014,,
PLASTIBLEN.NS,PLASTIBLEN,PLASTIBLEN,523648,Plastiblends India Limited,NSE,India,INE083C01022,,
PLATIND.NS,PLATIND,PLATIND,544134,Platinum Industries Limited,NSE,India,INE0PT501018,,
PLAZACABLE.NS,PLAZACABLE,PLAZACABLE,544003,Plaza Wires Limited,NSE,India,INE0INJ01017,,
PMCFIN.BO,PMCFIN,,534060,PMC FINCORP LIMITED,BSE,India,INE793G01035,,
PML.NS,PML,PML,539113,Paul Merchants Limited,NSE,India,INE291E01019,,
PMTELELIN.BO,PMTELELIN,,513403,P.M.TELELINNKS LTD.,BSE,India,INE092C01015,,
PNB.NS,PNB,PNB,532461,Punjab National Bank,NSE,India,INE160A01022,Financial Services,
PNBGILTS.NS,PNBGILTS,PNBGILTS,532366,PNB Gilts Limited,NSE,India,INE859A01011,,
PNBHOUSING.NS,PNBHOUSING,PNBHOUSING,540173,PNB Housing Finance Limited,NSE,India,INE572E01012,Financial Services,
PNC.NS,PNC,PNC,532387,PNC Media and Entertainment Limited,NSE,India,INE392B01011,,
PNCINFRA.NS,PNCINFRA,PNCINFRA,539150,PNC Infratech Limited,NSE,India,INE195J01029,,
PNGJL.NS,PNGJL,PNGJL,544256,P N Gadgil Jewellers Limited,NSE,India,INE953R01016,,
PNGSREVA.NS,PNGSREVA,PNGSREVA,544718,PNGS Reva Diamond Jewellery Limited,NSE,India,INE1RDG01013,,
PNTKYOR.BO,PNTKYOR,,524210,PENTOKEY ORGANY (INDIA) LTD.,BSE,India,INE702E01015,,
POBS.BO,POBS,,543352,PlatinumOne Business Services,BSE,India,INE0DTJ01015,,
POCL.NS,POCL,POCL,532626,Pondy Oxides & Chemicals Limited,NSE,India,INE063E01061,,
PODDARMENT.NS,PODDARMENT,PODDARMENT,524570,Poddar Pigments Limited,NSE,India,INE371C01013,,
POEL.NS,POEL,POEL,539195,POCL Enterprises Limited,NSE,India,INE035S01028,,
POKARNA.NS,POKARNA,POKARNA,532486,Pokarna Limited,NSE,India,INE637C01025,,
POLICYBZR.NS,POLICYBZR,POLICYBZR,543390,PB Fintech Limited,NSE,India,INE417T01026,Financial Services,
POLSON.BO,POLSON,,507645,POLSON LTD.,BSE,India,INE339F01021,,
POLYCAB.NS,POLYCAB,POLYCAB,542652,Polycab India Limited,NSE,India,INE455K01017,Capital Goods,
POLYCHEM.BO,POLYCHEM,,506605,POLYCHEM LTD.,BSE,India,INE752B01024,,
POLYCHMP.BO,POLYCHMP,,526043,POLYMECHPLAST MACHINES LTD.,BSE,India,INE809B01014,,
POLYCON.BO,POLYCON,,531397,POLYCON INTERNATIONAL LTD.,BSE,India,INE262C01014,,
POLYLINK.BO,POLYLINK,,531454,POLYLINK POLYMERS (INDIA) LTD.,BSE,India,INE323D01020,,
POLYMAC.BO,POLYMAC,,537573,POLYMAC THERMOFORMERS LTD,BSE,India,INE826P01018,,
POLYMED.NS,POLYMED,POLYMED,531768,Poly Medicure Limited,NSE,India,INE205C01021,Healthcare,
POLYPLEX.NS,POLYPLEX,POLYPLEX,524051,Polyplex Corporation Limited,NSE,India,INE633B01018,,
POLYSIL.NS,POLYSIL,,,Polysil Irrigation Systems Limited,NSE,India,INE517M01028,,
POLYSPIN.NS,POLYSPIN,POLYSPIN,539354,Polyspin Exports Limited,NSE,India,INE914G01029,,
POLYTEX.BO,POLYTEX,,512481,POLYTEX INDIA LTD.,BSE,India,INE012F01016,,
PONNIERODE.NS,PONNIERODE,PONNIERODE,532460,Ponni Sugars (Erode) Limited,NSE,India,INE838E01017,,
POOJA.BO,POOJA,,540727,Poojawestern Metaliks Limited,BSE,India,INE973X01012,,
POOJAENT.BO,POOJAENT,,532011,VASHU BHAGNANI INDUSTRIES LIMI,BSE,India,INE147C01017,,
POOJALOGIS.NS,POOJALOGIS,,,Pooja Logistics Limited,NSE,India,INE1C2Q01017,,
POONADAL.BO,POONADAL,,519359,POONA DAL & OIL INDUSTRIES LTD,BSE,India,INE809E01018,,
POONAWALLA.NS,POONAWALLA,POONAWALLA,524000,Poonawalla Fincorp Limited,NSE,India,INE511C01022,Financial Services,
POPEES.BO,POPEES,,531971,POPEES BABY CARE INDIA LIMITED,BSE,India,INE167F01018,,
POPULARES.BO,POPULARES,,531870,POPULAR ESTATE MANAGEMENT LTD.,BSE,India,INE370C01015,,
PORWAL.BO,PORWAL,,532933,PORWAL AUTO COMPONENTS LTD.,BSE,India,INE386I01018,,
POSITRON.NS,POSITRON,,,Positron Energy Limited,NSE,India,INE0S3H01017,,
POWERGRID.NS,POWERGRID,POWERGRID,532898,Power Grid Corporation of India Limited,NSE,India,INE752E01010,Power,Y
POWERICA.NS,POWERICA,POWERICA,544744,Powerica Limited,NSE,India,INE921L01032,,
POWERINDIA.NS,POWERINDIA,POWERINDIA,543187,Hitachi Energy India Limited,NSE,India,INE07Y701011,Capital Goods,
POWERMECH.NS,POWERMECH,POWERMECH,539302,Power Mech Projects Limited,NSE,India,INE211R01019,,
PPAP.NS,PPAP,PPAP,532934,PPAP Automotive Limited,NSE,India,INE095I01015,,
PPARIVAH.BO,PPARIVAH,,544383,PARADEEP PARIVAHAN LIMITED,BSE,India,INE0SMW01011,,
PPEL.BO,PPEL,,544844,POOJAA PRECISION ENGG. LIMITED,BSE,India,INE288301026,,
PPL.NS,PPL,PPL,542684,Prakash Pipes Limited,NSE,India,INE050001010,,
PPLPHARMA.NS,PPLPHARMA,PPLPHARMA,543635,Piramal Pharma Limited,NSE,India,INE0DK501011,Healthcare,
PPSL.NS,PPSL,,,Picturepost Studios Limited,NSE,India,INE0YAL01017,,
PQIF.BO,PQIF,,540717,Polo Queen Industrial and Fint,BSE,India,INE689M01025,,
PRABHA.NS,PRABHA,PRABHA,544379,Prabha Energy Limited,NSE,India,INE0I0M01023,,
PRABHATAM.BO,PRABHATAM,,531647,PRABHATAM INFRA VENTURE LIMITE,BSE,India,INE265C01025,,
PRABHHANS.BO,PRABHHANS,,530361,PRABHHANS INDUSTRIES LIMITED,BSE,India,INE428P01013,,
PRADPME.NS,PRADPME,PRADPME,513532,Pradeep Metals Limited,NSE,India,INE770A01010,,
PRAENG.NS,PRAENG,PRAENG,531746,Prajay Engineers Syndicate Limited,NSE,India,INE505C01016,,
PRAGBOS.BO,PRAGBOS,,500192,PRAG BOSIMI SYNTHETICS LTD.,BSE,India,INE962B01011,,
PRAJIND.NS,PRAJIND,PRAJIND,522205,Praj Industries Limited,NSE,India,INE074A01025,,
PRAKASH.NS,PRAKASH,PRAKASH,506022,Prakash Industries Limited,NSE,India,INE603A01013,,
PRAKASHSTL.NS,PRAKASHSTL,PRAKASHSTL,533239,Prakash Steelage Limited,NSE,India,INE696K01024,,
PRAMARA.NS,PRAMARA,,,Pramara Promotions Limited,NSE,India,INE0O7A01017,,
PRAMODINI.NS,PRAMODINI,,,Pramodini Medicare Limited,NSE,India,INE2JG601017,,
PRANAV.NS,PRANAV,PRANAV,544909,Pranav Constructions Limited,NSE,India,INE0H4201019,,
PRANIK.NS,PRANIK,,,Pranik Logistics Limited,NSE,India,INE0VJG01014,,
PRARUH.BO,PRARUH,,544538,PRARUH TECHNOLOGIES LIMITED,BSE,India,INE0TI501017,,
PRASOLCHEM.NS,PRASOLCHEM,PRASOLCHEM,544912,Prasol Chemicals Limited,NSE,India,INE455U01024,,
PRATHAM.NS,PRATHAM,,,Pratham EPC Projects Limited,NSE,India,INE0QA601016,,
PRATIK.BO,PRATIK,,526490,PRATIK PANELS LTD.,BSE,India,INE206C01029,,
PRAVEG.NS,PRAVEG,PRAVEG,531637,Praveg Limited,NSE,India,INE722B01019,,
PRAXIS.NS,PRAXIS,PRAXIS,540901,Praxis Home Retail Limited,NSE,India,INE546Y01022,,
PRECAM.NS,PRECAM,PRECAM,539636,Precision Camshafts Limited,NSE,India,INE484I01029,,
PRECISIO.BO,PRECISIO,,517258,PRECISION ELECTRONICS LTD.,BSE,India,INE143C01024,,
PRECISION.NS,PRECISION,,,Precision Metaliks Limited,NSE,India,INE0HKW01018,,
PRECOT.NS,PRECOT,,,Precot Limited,NSE,India,INE283A01014,,
PRECWIRE.NS,PRECWIRE,PRECWIRE,523539,Precision Wires India Limited,NSE,India,INE372C01037,,
PREMCAP.BO,PREMCAP,,511016,PREMIER CAPITAL SERVICES LTD.,BSE,India,INE946K01023,,
PREMCAPM.BO,PREMCAPM,,511660,PREMIUM CAPITAL MARKET & INVES,BSE,India,INE555D01019,,
PREMCO.NS,PREMCO,PREMCO,530331,Premco Global Limited,NSE,India,INE001E01012,,
PREMEXPLN.NS,PREMEXPLN,PREMEXPLN,526247,Premier Explosives Limited,NSE,India,INE863B01029,,
PREMIER.NS,PREMIER,PREMIER,500540,Premier Limited,NSE,India,INE342A01018,,
PREMIERENE.NS,PREMIERENE,PREMIERENE,544238,Premier Energies Limited,NSE,India,INE0BS701011,Capital Goods,
PREMIERPOL.NS,PREMIERPOL,PREMIERPOL,514354,Premier Polyfilm Limited,NSE,India,INE309M01020,,
PREMIUM.NS,PREMIUM,,,Premium Plast Limited,NSE,India,INE0M1F01011,,
PREMSYN.BO,PREMSYN,,509835,PREMIER SYNTHETICS LTD.,BSE,India,INE940N01012,,
PRERINFRA.BO,PRERINFRA,,531802,PRERNA INFRABUILD LTD.,BSE,India,INE426H01014,,
PRESSTONIC.NS,PRESSTONIC,,,Presstonic Engineering Limited,NSE,India,INE0R1601012,,
PRESTIGE.NS,PRESTIGE,PRESTIGE,533274,Prestige Estates Projects Limited,NSE,India,INE811K01011,Realty,
PREVEST.BO,PREVEST,,543363,Prevest Denpro Limited,BSE,India,INE0GAO01018,,
PRICOLLTD.NS,PRICOLLTD,PRICOLLTD,540293,Pricol Limited,NSE,India,INE726V01018,,
PRIMAGR.BO,PRIMAGR,,519262,PRIMA AGRO LTD.,BSE,India,INE297D01018,,
PRIMAIN.BO,PRIMAIN,,531246,PRIMA INDUSTRIES LTD.,BSE,India,INE723N01012,,
PRIMAINNO.BO,PRIMAINNO,,544855,Prima Innovation Limited,BSE,India,INE13LA01027,,
PRIMAPLA.BO,PRIMAPLA,,530589,PRIMA PLASTICS LTD.,BSE,India,INE573B01016,,
PRIMECAB.NS,PRIMECAB,,,Prime Cable Industries Limited,NSE,India,INE0CQA01020,,
PRIMECAPM.BO,PRIMECAPM,,535514,PRIME CAPITAL MARKET LTD.,BSE,India,INE748D01010,,
PRIMEFRESH.BO,PRIMEFRESH,,540404,PRIME FRESH LIMITED,BSE,India,INE442V01012,,
PRIMEPRO.BO,PRIMEPRO,,530695,PRIME PROPERTY DEVELOPMENT COR,BSE,India,INE233C01023,,
PRIMESECU.NS,PRIMESECU,PRIMESECU,500337,Prime Securities Limited,NSE,India,INE032B01021,,
PRIMEURB.BO,PRIMEURB,,521149,PRIME URBAN DEVELOPMENT INDIA,BSE,India,INE419E01024,,
PRIMIND.BO,PRIMIND,,519299,PRIME INDUSTRIES LTD.,BSE,India,INE543F01028,,
PRIMO.NS,PRIMO,PRIMO,506852,Primo Chemicals Limited,NSE,India,INE607A01022,,
PRINCEPIPE.NS,PRINCEPIPE,PRINCEPIPE,542907,Prince Pipes And Fittings Limited,NSE,India,INE689W01016,,
PRIORITY.NS,PRIORITY,PRIORITY,544899,Priority Jewels Limited,NSE,India,INE15EH01014,,
PRISMFN.BO,PRISMFN,,531735,PRISM FINANCE LTD.,BSE,India,INE429Q01019,,
PRISMMEDI.BO,PRISMMEDI,,512217,PRISM MEDICO AND PHARMACY LTD.,BSE,India,INE730E01016,,
PRISMX.NS,PRISMX,PRISMX,501314,Prismx Global Ventures Limited,NSE,India,INE286N01028,,
PRITHVIEXCH.BO,PRITHVIEXCH,,531688,Prithvi Exchange (India) Limit,BSE,India,INE621B01021,,
PRITI.NS,PRITI,,,Priti International Limited,NSE,India,INE974Z01015,,
PRITIKA.NS,PRITIKA,,,Pritika Engineering Components Limited,NSE,India,INE0MJQ01020,,
PRITIKAUTO.NS,PRITIKAUTO,PRITIKAUTO,539359,Pritika Auto Industries Limited,NSE,India,INE583R01029,,
PRIVISCL.NS,PRIVISCL,PRIVISCL,530117,Privi Speciality Chemicals Limited,NSE,India,INE959A01019,Chemicals,
PRIYALT.BO,PRIYALT,,524580,PRIYA LTD.,BSE,India,INE686C01014,,
PRIZOR.NS,PRIZOR,,,Prizor Viztech Limited,NSE,India,INE0V9N01017,,
PRLIND.NS,PRLIND,,,Premier Roadlines Limited,NSE,India,INE0CFG01012,,
PROCLB.BO,PROCLB,,540703,PRO CLB GLOBAL LIMITED,BSE,India,INE438C01010,,
PRODOCS.BO,PRODOCS,,544643,PRODOCS SOLUTIONS LIMITED,BSE,India,INE10XK01019,,
PROFINC.BO,PROFINC,,511557,PRO FIN CAPITAL SERVICES LTD.,BSE,India,INE732K01027,,
PROFX.NS,PROFX,,,Pro FX Tech Limited,NSE,India,INE0VJT01017,,
PROGREXV.BO,PROGREXV,,531265,PROGREX VENTURES LIMITED,BSE,India,INE421E01012,,
PROLIFE.NS,PROLIFE,,,Prolife Industries Limited,NSE,India,INE994V01012,,
PROMACT.BO,PROMACT,,526494,Promact Plastics Limited,BSE,India,INE818D01011,,
PROMAX.BO,PROMAX,,543375,Promax Power Limited,BSE,India,INE0I2F01015,,
PROPEQUITY.NS,PROPEQUITY,,,P. E. Analytics Limited,NSE,India,INE0KN801013,,
PROPSHOP.NS,PROPSHOP,,,Propshop Events and Exhibitions Limited,NSE,India,INE1FFX01018,,
PROSTARM.NS,PROSTARM,PROSTARM,544410,Prostarm Info Systems Limited,NSE,India,INE0BX301013,,
PROTEAN.NS,PROTEAN,PROTEAN,544021,Protean eGov Technologies Limited,NSE,India,INE004A01022,,
PROV.NS,PROV,,,Proventus Agrocom Limited,NSE,India,INE0ONE01016,,
PROZONER.NS,PROZONER,PROZONER,534675,Prozone Realty Limited,NSE,India,INE195N01013,,
PRSMJOHNSN.NS,PRSMJOHNSN,PRSMJOHNSN,500338,Prism Johnson Limited,NSE,India,INE010A01011,,
PRSNTIN.BO,PRSNTIN,,519014,PRASHANT INDIA LTD.,BSE,India,INE100E01012,,
PRUDENT.NS,PRUDENT,PRUDENT,543527,Prudent Corporate Advisory Services Limited,NSE,India,INE00F201020,,
PRUDMOULI.NS,PRUDMOULI,PRUDMOULI,500342,Prudential Sugar Corporation Limited,NSE,India,INE024D01016,,
PSB.NS,PSB,PSB,533295,Punjab & Sind Bank,NSE,India,INE608A01012,,
PSFL.NS,PSFL,,,Paramount Speciality Forgings Limited,NSE,India,INE0Q6001012,,
PSITINFRA.BO,PSITINFRA,,505502,PS IT INFRASTRUCTURE & SERVICE,BSE,India,INE953M01033,,
PSPL.BO,PSPL,,544378,PDP Shipping & Projects Limite,BSE,India,INE0ABU01016,,
PSPPROJECT.NS,PSPPROJECT,PSPPROJECT,540544,PSP Projects Limited,NSE,India,INE488V01015,,
PSRAJ.NS,PSRAJ,,,P S Raj Steels Limited,NSE,India,INE0XUS01020,,
PTC.NS,PTC,PTC,532524,PTC India Limited,NSE,India,INE877F01012,,
PTCIL.NS,PTCIL,PTCIL,539006,PTC Industries Limited,NSE,India,INE596F01018,Capital Goods,
PTL.NS,PTL,PTL,509220,PTL Enterprises Limited,NSE,India,INE034D01049,,
PULSRIN.BO,PULSRIN,,512591,PULSAR INTERNATIONAL LTD.,BSE,India,INE183U01022,,
PULZ.NS,PULZ,,,Pulz Electronics Limited,NSE,India,INE335X01014,,
PUNJABCHEM.NS,PUNJABCHEM,PUNJABCHEM,506618,Punjab Chemicals & Crop Protection Limited,NSE,India,INE277B01014,,
PUNJCOMMU.BO,PUNJCOMMU,,500346,PUNJAB COMMUNICATIONS LTD.,BSE,India,INE609A01010,,
PURETROP.BO,PURETROP,,530077,PURETROP FRUITS LIMITED,BSE,India,INE795D01011,,
PURITY.BO,PURITY,,523315,PURITY FLEX PACK LTD.,BSE,India,INE898O01010,,
PUROHITCON.BO,PUROHITCON,,538993,Purohit Construction Limited,BSE,India,INE147J01012,,
PURPLE.BO,PURPLE,,540159,PURPLE AGROTECH INDUSTRIES LIM,BSE,India,INE905R01016,,
PURPLEFIN.BO,PURPLEFIN,,544191,Purple Finance Limited,BSE,India,INE0CYK01015,,
PURPLEUTED.NS,PURPLEUTED,,,Purple United Sales Limited,NSE,India,INE0P5R01014,,
PURPLEWAVE.BO,PURPLEWAVE,,544627,PURPLE WAVE INFOCOM LIMITED,BSE,India,INE0VDK01019,,
PURSHOTTAM.BO,PURSHOTTAM,,538647,PURSHOTTAM INVESTOFIN LTD,BSE,India,INE729C01020,,
PURVA.NS,PURVA,PURVA,532891,Puravankara Limited,NSE,India,INE323I01011,,
PURVFLEXI.NS,PURVFLEXI,,,Purv Flexipack Limited,NSE,India,INE0R6C01012,,
PUSHPA.NS,PUSHPA,,,Pushpa Jewellers Limited,NSE,India,INE154801018,,
PVP.NS,PVP,PVP,517556,PVP Ventures Limited,NSE,India,INE362A01016,,
PVRINOX.NS,PVRINOX,PVRINOX,532689,PVR INOX Limited,NSE,India,INE191H01014,Media Entertainment & Publication,
PVSL.NS,PVSL,PVSL,544144,Popular Vehicles and Services Limited,NSE,India,INE772T01024,,
PVVINFRA.BO,PVVINFRA,,536659,PVV Infra Limited,BSE,India,INE428B01021,,
PWASML.BO,PWASML,,531437,Prakash Woollen & Synthetic Mi,BSE,India,INE523I01016,,
PWL.NS,PWL,PWL,544609,Physicswallah Limited,NSE,India,INE0LP301011,Consumer Services,
PYRAMID.NS,PYRAMID,PYRAMID,543969,Pyramid Technoplast Limited,NSE,India,INE0MIS01010,,
QAL.BO,QAL,,544932,Quanto Agroworld Limited,BSE,India,INE0OAB01019,,
QFIL.NS,QFIL,,,Quality Foils (India) Limited,NSE,India,INE0O1M01015,,
QGO.BO,QGO,,538646,QGO FINANCE LIMITED,BSE,India,INE837C01013,,
QLINE.NS,QLINE,,,Q-Line Biotech Limited,NSE,India,INE1G2W01011,,
QLL.BO,QLL,,544091,Qualitek Labs Limited,BSE,India,INE0Q1R01012,,
QMSMEDI.NS,QMSMEDI,,,QMS Medical Allied Services Limited,NSE,India,INE0FMW01018,,
QPOWER.NS,QPOWER,QPOWER,544367,Quality Power Electrical Equipments Limited,NSE,India,INE0SII01026,,
QRIL.BO,QRIL,,543460,Quality RO Industries Limited,BSE,India,INE0KAF01018,,
QTFOODS.BO,QTFOODS,,544872,Q&T FOODS LIMITED,BSE,India,INE13G401012,,
QUADFUTURE.NS,QUADFUTURE,QUADFUTURE,544336,Quadrant Future Tek Limited,NSE,India,INE0LRY01011,,
QUADPRO.NS,QUADPRO,,,Quadpro Ites Limited,NSE,India,INE0GOJ01027,,
QUADRANT.BO,QUADRANT,,511116,QUADRANT TELEVENTURES LIMITED,BSE,India,INE527B01020,,
QUALIANCE.NS,QUALIANCE,,,Qualiance International Limited,NSE,India,INE1XJ401012,,
QUANTDIA.BO,QUANTDIA,,530281,QUANTUM DIGITAL VISION (INDIA),BSE,India,INE373C01019,,
QUESS.NS,QUESS,QUESS,539978,Quess Corp Limited,NSE,India,INE615P01015,,
QUESTCAP.BO,QUESTCAP,,500069,QUEST CAPITAL MARKETS LIMITED,BSE,India,INE418C01012,,
QUESTFLOW.BO,QUESTFLOW,,543982,QUEST FLOW CONTROLS LIMITED,BSE,India,INE0OYE01013,,
QUESTLAB.NS,QUESTLAB,,,Quest Laboratories Limited,NSE,India,INE0TNW01017,,
QUICKHEAL.NS,QUICKHEAL,QUICKHEAL,539678,Quick Heal Technologies Limited,NSE,India,INE306L01010,,
QUICKTOUCH.NS,QUICKTOUCH,,,Quicktouch Technologies Limited,NSE,India,INE0K4D01020,,
QUINT.NS,QUINT,QUINT,539515,Quint Digital Limited,NSE,India,INE641R01017,,
QUINTEGRA.NS,QUINTEGRA,QUINTEGRA,532866,Quintegra Solutions Limited,NSE,India,INE033B01011,,
QVCEL.NS,QVCEL,,,QVC Exports Limited,NSE,India,INE0KZF01015,,
RAAJMEDI.BO,RAAJMEDI,,524502,RAAJ MEDISAFE INDIA LTD.,BSE,India,INE548H01015,,
RAAMA.BO,RAAMA,,538540,RAAMA FINANCE LIMITED,BSE,India,INE516P01015,,
RACE.NS,RACE,RACE,537785,Race Eco Chain Limited,NSE,India,INE084Q01012,,
RACHIT.BO,RACHIT,,544503,Rachit Prints Limited,BSE,India,INE0ZN101029,,
RACLGEAR.NS,RACLGEAR,RACLGEAR,520073,RACL Geartech Limited,NSE,India,INE704B01017,,
RACONTEUR.BO,RACONTEUR,,541703,RACONTEUR GLOBAL RESOURCES LIM,BSE,India,INE00WY01013,,
RADAAN.NS,RADAAN,RADAAN,590070,Radaan Mediaworks India Limited,NSE,India,INE874F01027,,
RADHEDE.BO,RADHEDE,,531273,RADHE DEVELOPERS (INDIA) LTD.,BSE,India,INE986B01044,,
RADHIKAJWE.NS,RADHIKAJWE,RADHIKAJWE,540125,Radhika Jeweltech Limited,NSE,India,INE583V01021,,
RADIANTCMS.NS,RADIANTCMS,RADIANTCMS,543732,Radiant Cash Management Services Limited,NSE,India,INE855R01021,,
RADICO.NS,RADICO,RADICO,532497,Radico Khaitan Limited,NSE,India,INE944F01028,Fast Moving Consumer Goods,
RADIOCITY.NS,RADIOCITY,RADIOCITY,540366,Music Broadcast Limited,NSE,India,INE919I01024,,
RADIOWALLA.NS,RADIOWALLA,,,Radiowalla Network Limited,NSE,India,INE430U01019,,
RADIXIND.BO,RADIXIND,,531412,RADIX INDUSTRIES (INDIA) LIMIT,BSE,India,INE576N01014,,
RAGHUNAT.BO,RAGHUNAT,,526813,RAGHUNATH INTERNATIONAL LTD.,BSE,India,INE753B01014,,
RAGHUSYN.BO,RAGHUSYN,,514316,RAGHUVIR SYNTHETICS LTD.,BSE,India,INE969C01022,,
RAGHUTOB.BO,RAGHUTOB,,531552,RAGHUNATH TOBACCO CO.LTD.,BSE,India,INE754B01012,,
RAILTEL.NS,RAILTEL,RAILTEL,543265,Railtel Corporation Of India Limited,NSE,India,INE0DD101019,Telecommunication,
RAIN.NS,RAIN,RAIN,500339,Rain Industries Limited,NSE,India,INE855B01025,,
RAINBOW.NS,RAINBOW,RAINBOW,543524,Rainbow Childrens Medicare Limited,NSE,India,INE961O01016,Healthcare,
RAINBOWF.BO,RAINBOWF,,531694,RAINBOW FOUNDATIONS LTD.,BSE,India,INE230F01014,,
RAJABAH.BO,RAJABAH,,503127,RAJA BAHADUR INTERNATIONAL LTD,BSE,India,INE491N01016,,
RAJESH.BO,RAJESH,,544291,RAJESH POWER SERVICES LIMITED,BSE,India,INE0VN801010,,
RAJESHEXPO.NS,RAJESHEXPO,RAJESHEXPO,531500,Rajesh Exports Limited,NSE,India,INE343B01030,,
RAJINDLTD.NS,RAJINDLTD,,,Rajputana Industries Limited,NSE,India,INE0PCU01012,,
RAJINFRA.BO,RAJINFRA,,526823,RAJESWARI INFRASTRUCTURE LIMIT,BSE,India,INE016C01014,,
RAJKOTINV.BO,RAJKOTINV,,539495,Rajkot Investment Trust Limite,BSE,India,INE176R01014,,
RAJKSYN.BO,RAJKSYN,,514028,RAJKAMAL SYNTHETICS LTD.,BSE,India,INE376L01013,,
RAJMET.NS,RAJMET,,,Rajnandini Metal Limited,NSE,India,INE00KV01022,,
RAJNISH.BO,RAJNISH,,541601,Rajnish Wellness Limited,BSE,India,INE685Z01033,,
RAJOOENG.NS,RAJOOENG,RAJOOENG,522257,Rajoo Engineers Limited,NSE,India,INE535F01024,,
RAJPACK.BO,RAJPACK,,530111,RAJ PACKAGING INDUSTRIES LTD.,BSE,India,INE639C01013,,
RAJPALAYAM.NS,RAJPALAYAM,RAJPALAYAM,532503,Rajapalayam Mills Limited,NSE,India,INE296E01026,,
RAJPUTANA.BO,RAJPUTANA,,539090,Rajputana Investment and Finan,BSE,India,INE751R01014,,
RAJPUTANA.NS,RAJPUTANA,,,Rajputana Biodiesel Limited,NSE,India,INE0VHU01019,,
RAJRATAN.NS,RAJRATAN,RAJRATAN,517522,Rajratan Global Wire Limited,NSE,India,INE451D01029,,
RAJRILTD.NS,RAJRILTD,RAJRILTD,530699,Raj Rayon Industries Limited,NSE,India,INE533D01032,,
RAJSEC.BO,RAJSEC,,526873,RAJASTHAN SECURITIES LIMITED,BSE,India,INE184D01026,,
RAJSPTR.BO,RAJSPTR,,506975,RAJASTHAN PETRO SYNTHETICS LTD,BSE,India,INE374C01017,,
RAJSREESUG.NS,RAJSREESUG,RAJSREESUG,500354,Rajshree Sugars & Chemicals Limited,NSE,India,INE562B01019,,
RAJTUBE.BO,RAJTUBE,,530253,RAJASTHAN TUBE MANUFACTURING C,BSE,India,INE497E01020,,
RAJTV.NS,RAJTV,RAJTV,532826,Raj Television Network Limited,NSE,India,INE952H01027,,
RAJVI.BO,RAJVI,,511185,RAJVI LOGITRADE LIMITED,BSE,India,INE381N01019,,
RAKSAN.BO,RAKSAN,,544924,Raksan Transformers Limited,BSE,India,INE1S7M01017,,
RAL.BO,RAL,,544236,Resourceful Automobile Limited,BSE,India,INE0SK201011,,
RALEGRA.BO,RALEGRA,,526095,RAVILEELA GRANITES LTD.,BSE,India,INE427E01027,,
RALLIS.NS,RALLIS,RALLIS,500355,Rallis India Limited,NSE,India,INE613A01020,,
RAMANEWS.NS,RAMANEWS,RAMANEWS,500356,Shree Rama Newsprint Limited,NSE,India,INE278B01020,,
RAMAPETRO.BO,RAMAPETRO,,500358,RAMA PETROCHEMICALS LTD.,BSE,India,INE783A01013,,
RAMAPHO.NS,RAMAPHO,RAMAPHO,524037,Rama Phosphates Limited,NSE,India,INE809A01032,,
RAMAPPR-B.BO,RAMAPPR-B,,500357,RAMA PAPER MILLS LTD.,BSE,India,INE425E01013,,
RAMASTEEL.NS,RAMASTEEL,RAMASTEEL,539309,Rama Steel Tubes Limited,NSE,India,INE230R01035,,
RAMAVISION.BO,RAMAVISION,,523289,RAMA VISION LTD.,BSE,India,INE763B01013,,
RAMBHAJO.NS,RAMBHAJO,RAMBHAJO,544803,Advit Jewels Limited,NSE,India,INE1SJO01012,,
RAMCOCEM.NS,RAMCOCEM,RAMCOCEM,500260,The Ramco Cements Limited,NSE,India,INE331A01037,Construction Materials,
RAMCOIND.NS,RAMCOIND,RAMCOIND,532369,Ramco Industries Limited,NSE,India,INE614A01028,,
RAMCOSYS.NS,RAMCOSYS,RAMCOSYS,532370,Ramco Systems Limited,NSE,India,INE246B01019,,
RAMGOPOLY.BO,RAMGOPOLY,,514223,RAMGOPAL POLYTEX LTD.,BSE,India,INE410D01017,,
RAMINFO.BO,RAMINFO,,530951,RAMINFO LIMITED,BSE,India,INE357B01022,,
RAMKY.NS,RAMKY,RAMKY,533262,Ramky Infrastructure Limited,NSE,India,INE874I01013,,
RAMRAT.NS,RAMRAT,RAMRAT,522281,Ram Ratna Wires Limited,NSE,India,INE207E01023,,
RAMSONS.BO,RAMSONS,,530925,RAMSONS PROJECTS LTD.,BSE,India,INE609D01014,,
RANASUG.NS,RANASUG,RANASUG,507490,Rana Sugars Limited,NSE,India,INE625B01014,,
RANDER.BO,RANDER,,531228,RANDER CORPORATION LTD.,BSE,India,INE821D01031,,
RANEHOLDIN.NS,RANEHOLDIN,RANEHOLDIN,505800,Rane Holdings Limited,NSE,India,INE384A01010,,
RANJITSE.BO,RANJITSE,,531572,RANJIT SECURITIES LTD.,BSE,India,INE863D01017,,
RAP.BO,RAP,,531583,RAP CORP LIMITED,BSE,India,INE483D01014,,
RAPICUT.BO,RAPICUT,,500360,RAPICUT CARBIDES LTD.,BSE,India,INE350D01015,,
RAPID.BO,RAPID,,544237,RAPID MULTIMODAL LOGISTICS LIM,BSE,India,INE0QA901010,,
RAPIDFLEET.NS,RAPIDFLEET,,,Rapid Fleet Management Services Limited,NSE,India,INE0QX901013,,
RAPIDIN.BO,RAPIDIN,,501351,RAPID INVESTMENTS LTD.,BSE,India,INE154M01012,,
RAPPID.NS,RAPPID,,,Rappid Valves (India) Limited,NSE,India,INE0MVO01012,,
RASANDIK.BO,RASANDIK,,522207,RASANDIK ENGINEERING INDUSTRIE,BSE,India,INE682D01011,,
RASIELEC.BO,RASIELEC,,531233,RASI ELECTRODES LTD.,BSE,India,INE822D01021,,
RASRESOR.BO,RASRESOR,,507966,RAS RESORTS & APART HOTELS LTD,BSE,India,INE651D01016,,
RASSIREF.BO,RASSIREF,,502271,RAASI REFRACTORIES LTD.,BSE,India,INE858D01017,,
RATEGAIN.NS,RATEGAIN,RATEGAIN,543417,Rategain Travel Technologies Limited,NSE,India,INE0CLI01024,,
RATHIBAR.BO,RATHIBAR,,532918,RATHI BARS LTD.,BSE,India,INE575I01016,,
RATHIST.BO,RATHIST,,504903,RATHI STEEL & POWER LTD.,BSE,India,INE336C01016,,
RATNABHUMI.BO,RATNABHUMI,,540796,Ratnabhumi Developers Limited,BSE,India,INE821Y01011,,
RATNAMANI.NS,RATNAMANI,RATNAMANI,520111,Ratnamani Metals & Tubes Limited,NSE,India,INE703B01027,,
RATNAVEER.NS,RATNAVEER,RATNAVEER,543978,Ratnaveer Precision Engineering Limited,NSE,India,INE05CZ01011,,
RAUNAQ.BO,RAUNAQ,,537840,RAUNAQ INTERNATIONAL LIMITED,BSE,India,INE523K01012,,
RAVALSUGAR.BO,RAVALSUGAR,,507300,The Ravalgaon Sugar Farm Limit,BSE,India,INE615A01025,,
RAVEL.BO,RAVEL,,544629,Ravelcare Limited,BSE,India,INE0W4D01018,,
RAWEDGE.BO,RAWEDGE,,541634,Raw Edge Industrial Solutions,BSE,India,INE960Z01014,,
RAYALEMA.BO,RAYALEMA,,526640,ROYALE MANOR HOTELS & INDUSTRI,BSE,India,INE008C01011,,
RAYMOND.NS,RAYMOND,RAYMOND,500330,Raymond Limited,NSE,India,INE301A01014,,
RAYMONDLSL.NS,RAYMONDLSL,RAYMONDLSL,544240,Raymond Lifestyle Limited,NSE,India,INE02ID01020,,
RAYMONDREL.NS,RAYMONDREL,RAYMONDREL,544420,Raymond Realty Limited,NSE,India,INE1SY401010,,
RBA.NS,RBA,RBA,543248,Restaurant Brands Asia Limited,NSE,India,INE07T201019,,
RBLBANK.NS,RBLBANK,RBLBANK,540065,RBL Bank Limited,NSE,India,INE976G01028,Financial Services,
RBMINFRA.NS,RBMINFRA,,,Rbm Infracon Limited,NSE,India,INE0NA301016,,
RBS.NS,RBS,,,Ramdevbaba Solvent Limited,NSE,India,INE0RJH01010,,
RBZJEWEL.NS,RBZJEWEL,RBZJEWEL,544060,RBZ Jewellers Limited,NSE,India,INE0PEQ01016,,
RCAN.BO,RCAN,,543285,Rajeshwari Cans Limited,BSE,India,INE0CQ101015,,
RCCL.BO,RCCL,,538707,Rajasthan Cylinders & Containe,BSE,India,INE929D01016,,
RCDL.NS,RCDL,,,Rajgor Castor Derivatives Limited,NSE,India,INE0BZQ01011,,
RCF.NS,RCF,RCF,524230,Rashtriya Chemicals and Fertilizers Limited,NSE,India,INE027A01015,,
RCL.BO,RCL,,539673,Radhagobind Commercial Limited,BSE,India,INE792P01020,,
RCOM.NS,RCOM,RCOM,532712,Reliance Communications Limited,NSE,India,INE330H01018,,
RDBIPL.BO,RDBIPL,,533285,RDB INFRASTRUCTURE AND POWER L,BSE,India,INE245L01028,,
RDBRL.BO,RDBRL,,533608,RDB RASAYANS LTD.,BSE,India,INE123M01017,,
RDEL.BO,RDEL,,544640,Riddhi Display Equipments Limi,BSE,India,INE1DKT01011,,
RDGAIL.BO,RDGAIL,,544552,RUKMANI DEVI GARG AGRO IMPEX L,BSE,India,INE0S5T01017,,
READYMIX.NS,READYMIX,,,Readymix Construction Machinery Limited,NSE,India,INE10QL01011,,
REALECO.BO,REALECO,,530053,REAL ECO-ENERGY LIMITED,BSE,India,INE055E01034,,
RECLTD.NS,RECLTD,RECLTD,532955,REC Limited,NSE,India,INE020B01018,Financial Services,
RECODE.BO,RECODE,,544755,RECODE STUDIOS LIMITED,BSE,India,INE2B6701015,,
REDINGTON.NS,REDINGTON,REDINGTON,532805,Redington Limited,NSE,India,INE891D01026,Services,
REDTAPE.NS,REDTAPE,REDTAPE,543957,Redtape Limited,NSE,India,INE0LXT01019,,
REFEX.NS,REFEX,REFEX,532884,Refex Industries Limited,NSE,India,INE056I01025,,
REFEXRENEW.BO,REFEXRENEW,,531260,Refex Renewables & Infrastruct,BSE,India,INE332F01018,,
REFRACTORY.NS,REFRACTORY,,,Refractory Shapes Limited,NSE,India,INE0TNX01015,,
REGAAL.NS,REGAAL,REGAAL,544485,Regaal Resources Limited,NSE,India,INE0MHO01029,,
REGAL.BO,REGAL,,531033,REGAL ENTERTAINMENT & CONSULTA,BSE,India,INE101E01010,,
REGANTO.BO,REGANTO,,517393,REGANTO ENTERPRISES LIMITED,BSE,India,INE043B01028,,
REGENCERAM.NS,REGENCERAM,REGENCERAM,515018,Regency Ceramics Limited,NSE,India,INE277C01012,,
REGENCY.BO,REGENCY,,540175,REGENCY FINCORP LIMITED,BSE,India,INE964R01013,,
REGENTRP.BO,REGENTRP,,512624,Regent Enterprises Limited,BSE,India,INE769D01016,,
REGIS.BO,REGIS,,543208,REGIS INDUSTRIES LIMITED,BSE,India,INE745R01024,,
RELAXO.NS,RELAXO,RELAXO,530517,Relaxo Footwears Limited,NSE,India,INE131B01039,,
RELCHEMQ.NS,RELCHEMQ,RELCHEMQ,503162,Reliance Chemotex Industries Limited,NSE,India,INE750D01016,,
RELIABLE.NS,RELIABLE,RELIABLE,544207,Reliable Data Services Limited,NSE,India,INE375Y01018,,
RELIABVEN.BO,RELIABVEN,,532124,RELIABLE VENTURES INDIA LTD.,BSE,India,INE419H01019,,
RELIANCE.NS,RELIANCE,RELIANCE,500325,Reliance Industries Limited,NSE,India,INE002A01018,Oil Gas & Consumable Fuels,Y
RELICAB.BO,RELICAB,,539760,Relicab Cable Manufacturing Li,BSE,India,INE773T01014,,
RELICTEC.BO,RELICTEC,,511712,RELIC TECHNOLOGIES LTD.,BSE,India,INE452B01013,,
RELIGARE.NS,RELIGARE,RELIGARE,532915,Religare Enterprises Limited,NSE,India,INE621H01010,,
RELINFRA.NS,RELINFRA,RELINFRA,500390,Reliance Infrastructure Limited,NSE,India,INE036A01016,,
RELTD.NS,RELTD,RELTD,504341,Ravindra Energy Limited,NSE,India,INE206N01018,,
REMAGNET.BO,REMAGNET,,526570,MIDWEST ENERGY LIMITED,BSE,India,INE519N01022,,
REMIEDEL.BO,REMIEDEL,,513043,REMI EDELSTAHL TUBULARS LIMITE,BSE,India,INE158G01015,,
REMSONSIND.NS,REMSONSIND,REMSONSIND,530919,Remsons Industries Limited,NSE,India,INE474C01023,,
REMUS.NS,REMUS,,,Remus Pharmaceuticals Limited,NSE,India,INE0O5T01011,,
RENTOMOJO.NS,RENTOMOJO,RENTOMOJO,544915,Rentomojo Limited,NSE,India,INE08T701025,,
RENUKA.NS,RENUKA,RENUKA,532670,Shree Renuka Sugars Limited,NSE,India,INE087H01022,,
REPCOHOME.NS,REPCOHOME,REPCOHOME,535322,Repco Home Finance Limited,NSE,India,INE612J01015,,
REPL.NS,REPL,,,Rudrabhishek Enterprises Limited,NSE,India,INE364Z01019,,
REPONO.BO,REPONO,,544463,REPONO LIMITED,BSE,India,INE15WN01014,,
REPRO.NS,REPRO,REPRO,532687,Repro India Limited,NSE,India,INE461B01014,,
RESGEN.BO,RESGEN,,543805,RESGEN LIMITED,BSE,India,INE0NYN01016,,
RESONANCE.BO,RESONANCE,,524218,RESONANCE SPECIALTIES LTD.,BSE,India,INE486D01017,,
RESPONIND.NS,RESPONIND,RESPONIND,505509,Responsive Industries Limited,NSE,India,INE688D01026,,
RESPONSINF.BO,RESPONSINF,,538273,RESPONSE INFORMATICS LTD,BSE,India,INE401B01010,,
RESTILE.BO,RESTILE,,515085,RESTILE CERAMICS LTD.,BSE,India,INE298E01022,,
RETAGGIO.BO,RETAGGIO,,544391,Retaggio Industries Limited,BSE,India,INE0KWJ01014,,
RETAIL.NS,RETAIL,RETAIL,544197,JHS Svendgaard Retail Ventures Limited,NSE,India,INE03DD01011,,
RETINA.BO,RETINA,,543902,Retina Paints Limited,BSE,India,INE0NTC01019,,
REXNORD.BO,REXNORD,,531888,REXNORD ELECTRONICS & CONTROLS,BSE,India,INE687C01012,,
REXPIPES.NS,REXPIPES,,,Rex Pipes And Cables Industries Limited,NSE,India,INE00D001018,,
REXPRO.NS,REXPRO,,,Rexpro Enterprises Limited,NSE,India,INE113601012,,
REXSEAL.BO,REXSEAL,,543744,Rex Sealing and Packing Indust,BSE,India,INE0MFT01014,,
RFBL.NS,RFBL,,,RFBL Flexi Pack Limited,NSE,India,INE0V2V01015,,
RFIL.BO,RFIL,,544771,Rajnandini Fashion India Limit,BSE,India,INE1GM501015,,
RFL.BO,RFL,,511740,RUPAREL FOOD PRODUCTS LIMITED,BSE,India,INE239B01014,,
RFLL.BO,RFLL,,543256,RITA FINANCE AND LEASING LIMIT,BSE,India,INE018S01016,,
RFSL.BO,RFSL,,539435,Richfield Financial Services L,BSE,India,INE201C01012,,
RGF.BO,RGF,,539669,RGF Capital Markets Limited,BSE,India,INE684D01025,,
RGIL.BO,RGIL,,539922,Rotographics (India) Limited,BSE,India,INE364S01022,,
RGL.NS,RGL,RGL,532923,Renaissance Global Limited,NSE,India,INE722H01024,,
RGRL.BO,RGRL,,519191,Retro Green Revolution Limited,BSE,India,INE601N01010,,
RHETAN.NS,RHETAN,RHETAN,543590,Rhetan TMT Limited,NSE,India,INE0KKN01029,,
RHFL.NS,RHFL,RHFL,540709,Reliance Home Finance Limited,NSE,India,INE217K01011,,
RHIM.NS,RHIM,RHIM,534076,RHI MAGNESITA INDIA LIMITED,NSE,India,INE743M01012,Capital Goods,
RHL.NS,RHL,RHL,543901,Robust Hotels Limited,NSE,India,INE508K01013,,
RIBATEX.BO,RIBATEX,,531952,RIBA TEXTILES LTD.,BSE,India,INE811H01017,,
RICHA.NS,RICHA,,,Richa Info Systems Limited,NSE,India,INE0J1P01015,,
RICHUNV.BO,RICHUNV,,530271,RICH UNIVERSE NETWORK LTD.,BSE,India,INE652D01014,,
RICOAUTO.NS,RICOAUTO,RICOAUTO,520008,Rico Auto Industries Limited,NSE,India,INE209B01025,,
RIDDHI.BO,RIDDHI,,524480,RIDDHI SIDDHI GLUCO BIOLS LTD.,BSE,India,INE249D01019,,
RIDDHICORP.BO,RIDDHICORP,,540590,Riddhi Corporate Services Limi,BSE,India,INE325X01015,,
RIIL.NS,RIIL,RIIL,523445,Reliance Industrial Infrastructure Limited,NSE,India,INE046A01015,,
RIKHAV.BO,RIKHAV,,544340,Rikhav Securities Limited,BSE,India,INE0CFH01028,,
RILINFRA.NS,RILINFRA,,,Rachana Infrastructure Limited,NSE,India,INE02OY01016,,
RIR.NS,RIR,RIR,517035,RIR Power Electronics Limited,NSE,India,INE302D01024,,
RISAINTL.BO,RISAINTL,,530251,RISA INTERNATIONAL LTD.,BSE,India,INE001O01029,,
RISHABH.NS,RISHABH,RISHABH,543977,Rishabh Instruments Limited,NSE,India,INE0N2P01017,,
RISHDIGA.BO,RISHDIGA,,531539,RISHABH DIGHA STEEL & ALLIED P,BSE,India,INE864D01015,,
RISHILASE.BO,RISHILASE,,526861,RISHI LASER LTD.,BSE,India,INE988D01012,,
RISHIROOP.BO,RISHIROOP,,526492,Rishiroop Limited,BSE,India,INE582D01013,,
RISHITECH.BO,RISHITECH,,523021,RISHI TECHTEX LTD.,BSE,India,INE989D01010,,
RITCO.NS,RITCO,RITCO,542383,Ritco Logistics Limited,NSE,India,INE01EG01016,,
RITES.NS,RITES,RITES,541556,RITES Limited,NSE,India,INE320J01015,Construction,
RITESHIN.BO,RITESHIN,,519097,RITESH INTERNATIONAL LTD.,BSE,India,INE534D01014,,
RITEZONE.NS,RITEZONE,,,Rite Zone Chemcon India Limited,NSE,India,INE0MRA01019,,
RIYAASAT.BO,RIYAASAT,,544804,Riyaasat Lifestyle Limited,BSE,India,INE0KYI01012,,
RJSHAH.BO,RJSHAH,,509845,R.J.SHAH & CO.LTD.,BSE,India,INE712Z01019,,
RKDAGRRTL.BO,RKDAGRRTL,,511169,RKD AGRI AND RETAIL LIMITED,BSE,India,INE552N01023,,
RKDL.NS,RKDL,RKDL,533294,Ravi Kumar Distilleries Limited,NSE,India,INE722J01012,,
RKEC.NS,RKEC,,,RKEC Projects Limited,NSE,India,INE786W01010,,
RKFORGE.NS,RKFORGE,RKFORGE,532527,Ramkrishna Forgings Limited,NSE,India,INE399G01023,Automobile and Auto Components,
RKSWAMY.NS,RKSWAMY,RKSWAMY,544136,R K Swamy Limited,NSE,India,INE0NQ801033,,
RLF.BO,RLF,,512618,RLF LTD.,BSE,India,INE629C01014,,
RMC.NS,RMC,RMC,540358,RMC Switchgears Limited,NSE,India,INE655V01019,,
RMDRIP.NS,RMDRIP,RMDRIP,544456,R M Drip and Sprinklers Systems Limited,NSE,India,INE219Y01026,,
RML.NS,RML,RML,532661,Rane (Madras) Limited,NSE,India,INE050H01012,,
RNBDENIMS.NS,RNBDENIMS,RNBDENIMS,538119,R&B Denims Limited,NSE,India,INE012Q01039,,
RNFI.NS,RNFI,,,RNFI Services Limited,NSE,India,INE0SA001017,,
RNITAI.BO,RNITAI,,517286,RNIT AI SOLUTIONS LIMITED,BSE,India,INE335Q01026,,
RNPL.NS,RNPL,,,Renol Polychem Limited,NSE,India,INE0VZX01015,,
ROBOKIDZ.BO,ROBOKIDZ,,544940,ROBOKIDZ EDUVENTURES LIMITED,BSE,India,INE1W8R01018,,
ROBU.BO,ROBU,,543787,Macfos Limited,BSE,India,INE0OLH01013,,
ROCKINGDCE.NS,ROCKINGDCE,,,Rockingdeals Circular Economy Limited,NSE,India,INE0PTR01012,,
RODIUM.BO,RODIUM,,531822,RODIUM REALTY LIMITED,BSE,India,INE513E01024,,
ROHLTD.NS,ROHLTD,ROHLTD,532699,Royal Orchid Hotels Limited,NSE,India,INE283H01019,,
ROJL.BO,ROJL,,543171,RO Jewels Limited,BSE,India,INE0BDU01028,,
ROLCOEN.BO,ROLCOEN,,505807,ROLCON ENGINEERING CO.LTD.,BSE,India,INE775R01013,,
ROLEXRINGS.NS,ROLEXRINGS,ROLEXRINGS,543325,Rolex Rings Limited,NSE,India,INE645S01024,,
ROLLT.NS,ROLLT,ROLLT,502448,Rollatainers Limited,NSE,India,INE927A01040,,
ROML.NS,ROML,ROML,533093,Raj Oil Mills Limited,NSE,India,INE294G01026,,
RONI.BO,RONI,,542145,Roni Households Limited,BSE,India,INE02AP01013,,
ROOPA.BO,ROOPA,,544954,Roopa Screen Limited,BSE,India,INE2BTZ01011,,
ROOPAIND.BO,ROOPAIND,,530991,ROOPA INDUSTRIES LTD.,BSE,India,INE443C01010,,
ROSELABS.BO,ROSELABS,,531324,ROSELABS FINANCE LTD.,BSE,India,INE475C01012,,
ROSEMER.BO,ROSEMER,,512115,ROSE MERC.LTD.,BSE,India,INE649C01012,,
ROSSARI.NS,ROSSARI,ROSSARI,543213,Rossari Biotech Limited,NSE,India,INE02A801020,,
ROSSELLIND.NS,ROSSELLIND,ROSSELLIND,533168,Rossell India Limited,NSE,India,INE847C01020,,
ROSSTECH.NS,ROSSTECH,ROSSTECH,544294,Rossell Techsys Limited,NSE,India,INE0OJW01016,,
ROTO.NS,ROTO,ROTO,517500,Roto Pumps Limited,NSE,India,INE535D01037,,
ROUTE.NS,ROUTE,ROUTE,543228,ROUTE MOBILE LIMITED,NSE,India,INE450U01017,,
ROXHITECH.NS,ROXHITECH,,,Rox Hi Tech Limited,NSE,India,INE0PDJ01013,,
ROYAL.BO,ROYAL,,544143,Royal Sense Limited,BSE,India,INE0QQG01019,,
ROYALARC.NS,ROYALARC,,,Royal Arc Electrodes Limited,NSE,India,INE0EO401019,,
ROYALCU.BO,ROYALCU,,526193,ROYAL CUSHION VINYL PRODUCTS L,BSE,India,INE618A01011,,
ROYALIND.BO,ROYALIND,,512047,ROYAL INDIA CORPORATION LIMITE,BSE,India,INE510H01015,,
RPEL.NS,RPEL,RPEL,539837,Raghav Productivity Enhancers Limited,NSE,India,INE912T01018,,
RPGLIFE.NS,RPGLIFE,RPGLIFE,532983,RPG Life Sciences Limited,NSE,India,INE105J01010,,
RPOWER.NS,RPOWER,RPOWER,532939,Reliance Power Limited,NSE,India,INE614G01033,Power,
RPPINFRA.NS,RPPINFRA,RPPINFRA,533284,R.P.P. Infra Projects Limited,NSE,India,INE324L01013,,
RPPL.NS,RPPL,,,Rajshree Polypack Limited,NSE,India,INE760W01023,,
RPSGVENT.NS,RPSGVENT,RPSGVENT,542333,RPSG VENTURES LIMITED,NSE,India,INE425Y01011,,
RPTECH.NS,RPTECH,RPTECH,544119,Rashi Peripherals Limited,NSE,India,INE0J1F01024,,
RRECL.NS,RRECL,RRECL,544346,RDB Real Estate Constructions Limited,NSE,India,INE0AK901016,,
RRETAIL.BO,RRETAIL,,530525,RAJNISH RETAIL LIMITED,BSE,India,INE786J01033,,
RRFIN.BO,RRFIN,,511626,RR FINANCIAL CONSULTANTS LTD.,BSE,India,INE229D01011,,
RRIL.NS,RRIL,RRIL,531307,RRIL Limited,NSE,India,INE951M01037,,
RRKABEL.NS,RRKABEL,RRKABEL,543981,R R Kabel Limited,NSE,India,INE777K01022,Capital Goods,
RRMETAL.BO,RRMETAL,,531667,RR METALMAKERS INDIA LIMITED,BSE,India,INE117K01013,,
RRP.BO,RRP,,504346,RRP SEMICONDUCTOR LIMITED,BSE,India,INE713N01013,,
RRPDEFENSE.BO,RRPDEFENSE,,530929,RRP DEFENSE LIMITED,BSE,India,INE535P01015,,
RRSECUR.BO,RRSECUR,,530917,R.R.SECURITIES LTD.,BSE,India,INE474H01014,,
RSCINT.BO,RSCINT,,530179,RSC INTERNATIONAL LTD.,BSE,India,INE015F01019,,
RSDFIN.NS,RSDFIN,RSDFIN,539875,RSD Finance Limited,NSE,India,INE616F01022,,
RSL.NS,RSL,RSL,544731,Rajputana Stainless Limited,NSE,India,INE313L01016,,
RSSOFTWARE.NS,RSSOFTWARE,RSSOFTWARE,517447,R. S. Software (India) Limited,NSE,India,INE165B01029,,
RSTL.BO,RSTL,,540082,Riddhi Steel and Tube Limited,BSE,India,INE367U01013,,
RSWM.NS,RSWM,RSWM,500350,RSWM Limited,NSE,India,INE611A01016,,
RSYSTEMS.NS,RSYSTEMS,RSYSTEMS,532735,R Systems International Limited,NSE,India,INE411H01032,,
RTFL.BO,RTFL,,538611,Real Touch Finance Limited,BSE,India,INE840I01014,,
RTL.NS,RTL,,,Rama Telecom Limited,NSE,India,INE14W901010,,
RTNINDIA.NS,RTNINDIA,RTNINDIA,534597,RattanIndia Enterprises Limited,NSE,India,INE834M01019,,
RTNPOWER.NS,RTNPOWER,RTNPOWER,533122,RattanIndia Power Limited,NSE,India,INE399K01017,,
RTSPOWR.NS,RTSPOWR,RTSPOWR,531215,RTS Power Corporation Limited,NSE,India,INE005C01017,,
RUBFILA.NS,RUBFILA,RUBFILA,500367,Rubfila International Limited,NSE,India,INE642C01025,,
RUBICON.NS,RUBICON,RUBICON,544578,Rubicon Research Limited,NSE,India,INE506V01022,Healthcare,
RUBYMILLS.NS,RUBYMILLS,RUBYMILLS,503169,The Ruby Mills Limited,NSE,India,INE301D01026,,
RUCHINFRA.NS,RUCHINFRA,RUCHINFRA,509020,Ruchi Infrastructure Limited,NSE,India,INE413B01023,,
RUCHIRA.NS,RUCHIRA,RUCHIRA,532785,Ruchira Papers Limited,NSE,India,INE803H01014,,
RUDRA.NS,RUDRA,RUDRA,539226,Rudra Global Infra Products Limited,NSE,India,INE027T01023,,
RUDRAECO.BO,RUDRAECO,,514010,RUDRA ECOVATION LIMITED,BSE,India,INE723D01021,,
RUDRAGAS.BO,RUDRAGAS,,544121,Rudra Gas Enterprise Limited,BSE,India,INE0OYK01010,,
RULKA.NS,RULKA,,,Rulka Electricals Limited,NSE,India,INE0R7301013,,
RUNGTAIR.BO,RUNGTAIR,,530449,RUNGTA IRRIGATION LTD.,BSE,India,INE347C01013,,
RUNWALENTR.NS,RUNWALENTR,RUNWALENTR,544959,Runwal Enterprises Limited,NSE,India,INE804W01029,,
RUPA.NS,RUPA,RUPA,533552,Rupa & Company Limited,NSE,India,INE895B01021,,
RUSHIL.NS,RUSHIL,RUSHIL,533470,Rushil Decor Limited,NSE,India,INE573K01025,,
RUSTOMJEE.NS,RUSTOMJEE,RUSTOMJEE,543669,Keystone Realtors Limited,NSE,India,INE263M01029,,
RVHL.NS,RVHL,RVHL,543251,Ravinder Heights Limited,NSE,India,INE09E501017,,
RVNL.NS,RVNL,RVNL,542649,Rail Vikas Nigam Limited,NSE,India,INE415G01027,Construction,
RVTH.NS,RVTH,RVTH,544246,Revathi Equipment India Limited,NSE,India,INE0DAB01012,,
S&SPOWER.NS,S&SPOWER,S&SPOWER,517273,S&S Power Switchgears Limited,NSE,India,INE902B01017,,
SAAKSHI.NS,SAAKSHI,,,Saakshi Medtech and Panels Limited,NSE,India,INE0PSK01027,,
SAATVIKGL.NS,SAATVIKGL,SAATVIKGL,544526,Saatvik Green Energy Limited,NSE,India,INE13B501022,,
SAB.NS,SAB,,,SAB Industries Limited,NSE,India,INE137M01017,,
SABAR.NS,SABAR,,,Sabar Flex India Limited,NSE,India,INE0DZ101013,,
SABOOSOD.BO,SABOOSOD,,530461,SABOO SODIUM CHLORO LTD.,BSE,India,INE440C01016,,
SACHEEROME.NS,SACHEEROME,,,Sacheerome Limited,NSE,India,INE1ARD01016,,
SACHEMT.BO,SACHEMT,,531869,SACHETA METALS LTD.,BSE,India,INE433G01020,,
SADBHAV.NS,SADBHAV,SADBHAV,532710,Sadbhav Engineering Limited,NSE,India,INE226H01026,,
SADBHIN.NS,SADBHIN,SADBHIN,539346,Sadbhav Infrastructure Project Limited,NSE,India,INE764L01010,,
SADHAV.NS,SADHAV,,,Sadhav Shipping Limited,NSE,India,INE0K5H01010,,
SADHNANIQ.NS,SADHNANIQ,SADHNANIQ,506642,Sadhana Nitrochem Limited,NSE,India,INE888C01040,,
SAFARI.NS,SAFARI,SAFARI,523025,Safari Industries (India) Limited,NSE,India,INE429E01023,,
SAFE.BO,SAFE,,544257,Sodhani Academy of Fintech Ena,BSE,India,INE0Q3401017,,
SAFECURE.BO,SAFECURE,,544596,Safecure Services Limited,BSE,India,INE0SVZ01015,,
SAFEENTP.NS,SAFEENTP,,,Safe Enterprises Retail Fixtures Limited,NSE,India,INE17D601016,,
SAFFRON.BO,SAFFRON,,531436,SAFFRON INDUSTRIES LIMITED,BSE,India,INE474D01013,,
SAGARDEEP.NS,SAGARDEEP,,,Sagardeep Alloys Limited,NSE,India,INE976T01013,,
SAGARSOFT.BO,SAGARSOFT,,540143,Sagarsoft (India) Limited,BSE,India,INE184B01012,,
SAGCEM.NS,SAGCEM,SAGCEM,502090,Sagar Cements Limited,NSE,India,INE229C01021,,
SAGILITY.NS,SAGILITY,SAGILITY,544282,SAGILITY LIMITED,NSE,India,INE0W2G01015,Information Technology,
SAHAJSOLAR.NS,SAHAJSOLAR,,,Sahaj Solar Limited,NSE,India,INE0P4701011,,
SAHANA.NS,SAHANA,,,Sahana System Limited,NSE,India,INE0LEX01011,,
SAHARAHOUS.BO,SAHARAHOUS,,511533,SAHARA HOUSINGFINA CORPORATION,BSE,India,INE135C01012,,
SAHASRA.NS,SAHASRA,,,Sahasra Electronic Solutions Limited,NSE,India,INE0RBQ01018,,
SAHLIBHFI.NS,SAHLIBHFI,SAHLIBHFI,511754,Shalibhadra Finance Limited,NSE,India,INE861D01011,,
SAHYADRI.NS,SAHYADRI,SAHYADRI,532841,Sahyadri Industries Limited,NSE,India,INE280H01015,,
SAICAPI.NS,SAICAPI,SAICAPI,531931,Sai Capital Limited,NSE,India,INE531X01018,,
SAICOM.BO,SAICOM,,512097,SAIANAND COMMERCIAL LIMITED,BSE,India,INE092G01024,,
SAIFL.NS,SAIFL,,,Sameera Agro And Infra Limited,NSE,India,INE0PZA01015,,
SAIL.NS,SAIL,SAIL,500113,Steel Authority of India Limited,NSE,India,INE114A01011,Metals & Mining,
SAILIFE.NS,SAILIFE,SAILIFE,544306,Sai Life Sciences Limited,NSE,India,INE570L01029,Healthcare,
SAINIK.BO,SAINIK,,530265,SAINIK FINANCE & INDUSTRIES LT,BSE,India,INE584B01013,,
SAIPARENT.NS,SAIPARENT,SAIPARENT,544742,Sai Parenterals Limited,NSE,India,INE0H9F01037,,
SAIURJA.BO,SAIURJA,,544958,SAI URJA INDO VENTURES LIMITED,BSE,India,INE1LLG01019,,
SAJHOTELS.NS,SAJHOTELS,,,Saj Hotels Limited,NSE,India,INE00MT01022,,
SAKAR.NS,SAKAR,,,Sakar Healthcare Limited,NSE,India,INE732S01012,,
SAKHTISUG.NS,SAKHTISUG,SAKHTISUG,507315,Sakthi Sugars Limited,NSE,India,INE623A01011,,
SAKSOFT.NS,SAKSOFT,SAKSOFT,590051,Saksoft Limited,NSE,India,INE667G01023,,
SAKTHIFIN.BO,SAKTHIFIN,,511066,SAKTHI FINANCE LTD.,BSE,India,INE302E01014,,
SAKUMA.NS,SAKUMA,SAKUMA,532713,Sakuma Exports Limited,NSE,India,INE190H01024,,
SALASAR.NS,SALASAR,SALASAR,540642,Salasar Techno Engineering Limited,NSE,India,INE170V01027,,
SALAUTO.BO,SALAUTO,,539353,SAL AUTOMOTIVE LIMITED,BSE,India,INE724G01014,,
SALEM.BO,SALEM,,540181,Salem Erode Investments Ltd.,BSE,India,INE894E01028,,
SALGUTI.BO,SALGUTI,,526554,SALGUTI INDUSTRIES LTD.,BSE,India,INE159C01012,,
SALONA.NS,SALONA,SALONA,590056,Salona Cotspin Limited,NSE,India,INE498E01010,,
SALORAINTL.BO,SALORAINTL,,500370,SALORA INTERNATIONAL LTD.,BSE,India,INE924A01013,,
SALSAIN.BO,SALSAIN,,503635,SHREE SALASAR INVESTMENT LTD.,BSE,India,INE315N01017,,
SALSTEEL.NS,SALSTEEL,SALSTEEL,532604,S.A.L. Steel Limited,NSE,India,INE658G01014,,
SALZERELEC.NS,SALZERELEC,SALZERELEC,517059,Salzer Electronics Limited,NSE,India,INE457F01013,,
SAMAY.NS,SAMAY,,,Samay Project Services Limited,NSE,India,INE124101010,,
SAMBANDAM.NS,SAMBANDAM,SAMBANDAM,521240,Sambandam Spinning Mills Limited,NSE,India,INE304D01012,,
SAMBHAAV.NS,SAMBHAAV,SAMBHAAV,511630,Sambhaav Media Limited,NSE,India,INE699B01027,,
SAMBHV.NS,SAMBHV,SAMBHV,544430,Sambhv Steel Tubes Limited,NSE,India,INE12NJ01018,,
SAMHI.NS,SAMHI,SAMHI,543984,Samhi Hotels Limited,NSE,India,INE08U801020,,
SAMINDUS.BO,SAMINDUS,,532005,SAM INDUSTRIES LTD.,BSE,India,INE653D01012,,
SAMKRG.BO,SAMKRG,,520075,SAMKRG PISTONS & RINGS LTD.,BSE,India,INE706B01012,,
SAMMAANCAP.NS,SAMMAANCAP,SAMMAANCAP,535789,Sammaan Capital Limited,NSE,India,INE148I01020,Financial Services,
SAMOR.BO,SAMOR,,543376,Samor Reality Limited,BSE,India,INE0GD201014,,
SAMPANN.NS,SAMPANN,SAMPANN,534598,Sampann Utpadan India Limited,NSE,India,INE735M01018,,
SAMPAT.BO,SAMPAT,,544520,SAMPAT ALUMINIUM LIMITED,BSE,India,INE10XS01012,,
SAMPRE.BO,SAMPRE,,530617,SAMPRE NUTRITIONS LTD.,BSE,India,INE375C01022,,
SAMRATFORG.BO,SAMRATFORG,,543229,Samrat Forgings Limited,BSE,India,INE412J01010,,
SAMRATPH.BO,SAMRATPH,,530125,SAMRAT PHARMACHEM LTD.,BSE,India,INE103E01016,,
SAMSRITA.BO,SAMSRITA,,539267,SAMSRITA LABS LIMITED,BSE,India,INE579N01018,,
SAMTELIN.BO,SAMTELIN,,500371,SAMTEL INDIA LTD.,BSE,India,INE538C01017,,
SAMTEX.BO,SAMTEX,,521206,SAMTEX FASHIONS LTD.,BSE,India,INE931D01020,,
SAMYAKINT.BO,SAMYAKINT,,530025,SAMYAK INTERNATIONAL LTD.,BSE,India,INE607G01011,,
SANATHAN.NS,SANATHAN,SANATHAN,544314,Sanathan Textiles Limited,NSE,India,INE0JPD01013,,
SANBLUE.BO,SANBLUE,,521222,SANBLUE CORPORATION LTD.,BSE,India,INE602D01027,,
SANCF.BO,SANCF,,511563,SANCHAY FINVEST LTD.,BSE,India,INE654D01010,,
SANCODE.BO,SANCODE,,543897,Sancode Technologies Limited,BSE,India,INE0P7001013,,
SANCTRN.BO,SANCTRN,,523116,SANCO TRANS LTD.,BSE,India,INE391G01012,,
SANDESH.NS,SANDESH,SANDESH,526725,The Sandesh Limited,NSE,India,INE583B01015,,
SANDHAR.NS,SANDHAR,SANDHAR,541163,Sandhar Technologies Limited,NSE,India,INE278H01035,,
SANDUMA.NS,SANDUMA,SANDUMA,504918,Sandur Manganese & Iron Ores Limited,NSE,India,INE149K01016,,
SANDUPHQ.BO,SANDUPHQ,,524703,SANDU PHARMACEUTICALS LTD.,BSE,India,INE751D01014,,
SANGAMFIN.BO,SANGAMFIN,,538714,Sangam Finserv Limited,BSE,India,INE475D01010,,
SANGAMIND.NS,SANGAMIND,SANGAMIND,514234,Sangam (India) Limited,NSE,India,INE495C01010,,
SANGANI.NS,SANGANI,,,Sangani Hospitals Limited,NSE,India,INE0OVI01010,,
SANGHVIMOV.NS,SANGHVIMOV,SANGHVIMOV,530073,Sanghvi Movers Limited,NSE,India,INE989A01032,,
SANINFRA.BO,SANINFRA,,532435,SANMIT INFRA LIMITED,BSE,India,INE799C01049,,
SANJIVIN.BO,SANJIVIN,,531569,SANJIVANI PARANTERAL LTD.,BSE,India,INE860D01013,,
SANOFI.NS,SANOFI,SANOFI,500674,Sanofi India Limited,NSE,India,INE058A01010,,
SANOFICONR.NS,SANOFICONR,SANOFICONR,544250,Sanofi Consumer Healthcare India Limited,NSE,India,INE0UOS01011,,
SANPA.BO,SANPA,,516096,SANGAL PAPERS LTD.,BSE,India,INE384D01022,,
SANSERA.NS,SANSERA,SANSERA,543358,Sansera Engineering Limited,NSE,India,INE953O01021,Automobile and Auto Components,
SANSTAR.NS,SANSTAR,SANSTAR,544217,Sanstar Limited,NSE,India,INE08NE01025,,
SANTETX.BO,SANTETX,,514280,SANRHEA TECHNICAL TEXTILES LTD,BSE,India,INE589J01015,,
SANWARIA.NS,SANWARIA,SANWARIA,519260,Sanwaria Consumer Limited,NSE,India,INE890C01046,,
SAPL.BO,SAPL,,538992,Sar  Auto Products Limited,BSE,India,INE002E01010,,
SAPPHIRE.NS,SAPPHIRE,SAPPHIRE,543397,Sapphire Foods India Limited,NSE,India,INE806T01020,,
SAPPL.NS,SAPPL,SAPPL,538795,Shree Ajit Pulp & Paper Limited,NSE,India,INE185C01017,,
SARDAEN.NS,SARDAEN,SARDAEN,504614,Sarda Energy & Minerals Limited,NSE,India,INE385C01021,Metals & Mining,
SAREGAMA.NS,SAREGAMA,SAREGAMA,532163,Saregama India Limited,NSE,India,INE979A01025,,
SARLAPOLY.NS,SARLAPOLY,SARLAPOLY,526885,Sarla Performance Fibers Limited,NSE,India,INE453D01025,,
SAROJA.NS,SAROJA,,,Saroja Pharma Industries India Limited,NSE,India,INE0PCL01011,,
SARTELE.NS,SARTELE,,,Sar Televenture Limited,NSE,India,INE0PUC01020,,
SARTHAKGL.BO,SARTHAKGL,,530993,SARTHAK GLOBAL LTD.,BSE,India,INE075H01019,,
SARTHAKIND.BO,SARTHAKIND,,531930,SARTHAK INDUSTRIES LTD.,BSE,India,INE074H01012,,
SARUPINDUS.BO,SARUPINDUS,,514412,SARUP INDUSTRIES LTD.,BSE,India,INE305D01019,,
SARVESHWAR.NS,SARVESHWAR,SARVESHWAR,543688,Sarveshwar Foods Limited,NSE,India,INE324X01026,,
SARVOTTAM.BO,SARVOTTAM,,539124,Survottam Finvest Ltd.,BSE,India,INE822Q01015,,
SASHWAT.BO,SASHWAT,,506313,SASHWAT TECHNOCRATS LIMITED,BSE,India,INE789D01014,,
SASKEN.NS,SASKEN,SASKEN,532663,Sasken Technologies Limited,NSE,India,INE231F01020,,
SATANIBRG.BO,SATANIBRG,,505703,Satani Bearings Ltd.,BSE,India,INE498D01012,,
SATCH.BO,SATCH,,533202,SATCHMO HOLDINGS LIMITED,BSE,India,INE639K01016,,
SATECH.NS,SATECH,,,S A Tech Software India Limited,NSE,India,INE0BSN01013,,
SATIA.NS,SATIA,SATIA,539201,Satia Industries Limited,NSE,India,INE170E01023,,
SATIN.NS,SATIN,SATIN,539404,Satin Creditcare Network Limited,NSE,India,INE836B01017,,
SATIPOLY.NS,SATIPOLY,,,Sati Poly Plast Limited,NSE,India,INE0RPM01017,,
SATKARTAR.NS,SATKARTAR,,,Sat Kartar Life Limited,NSE,India,INE0NB801022,,
SATTRIX.BO,SATTRIX,,544189,SATTRIX INFORMATION SECURITY L,BSE,India,INE0QUV01010,,
SATTVAENGG.NS,SATTVAENGG,,,Sattva Engineering Construction Limited,NSE,India,INE14DW01018,,
SAUMYA.BO,SAUMYA,,539218,Saumya Consultants Ltd.,BSE,India,INE563C01015,,
SAURASHCEM.NS,SAURASHCEM,SAURASHCEM,502175,Saurashtra Cement Limited,NSE,India,INE626A01014,,
SAVERA.BO,SAVERA,,512634,SAVERA INDUSTRIES LTD.,BSE,India,INE104E01014,,
SAVY.NS,SAVY,,,Savy Infra and Logistics Limited,NSE,India,INE0UCN01017,,
SAWACA.BO,SAWACA,,531893,SAWACA ENTERPRISES LIMITED,BSE,India,INE248B01023,,
SAWALIYA.NS,SAWALIYA,,,Sawaliya Food Products Limited,NSE,India,INE10VS01016,,
SAYAJIHOTL.NS,SAYAJIHOTL,SAYAJIHOTL,523710,Sayaji Hotels Limited,NSE,India,INE318C01014,,
SAYAJIIND.NS,SAYAJIIND,SAYAJIIND,540728,Sayaji Industries Limited,NSE,India,INE327G01032,,
SBC.NS,SBC,SBC,542725,SBC Exports Limited,NSE,India,INE04AK01028,,
SBCL.NS,SBCL,SBCL,513097,Shivalik Bimetal Controls Limited,NSE,India,INE386D01027,,
SBECSUG.BO,SBECSUG,,532102,SBEC SUGAR LTD.,BSE,India,INE948G01019,,
SBECSYS.BO,SBECSYS,,517360,SBEC SYSTEMS (INDIA) LTD.,BSE,India,INE689V01018,,
SBFC.NS,SBFC,SBFC,543959,SBFC Finance Limited,NSE,India,INE423Y01016,,
SBFL.BO,SBFL,,521131,Shree Bhavya Fabrics Limited,BSE,India,INE363D01018,,
SBGLP.NS,SBGLP,SBGLP,543218,Suratwwala Business Group Limited,NSE,India,INE05ST01028,,
SBICARD.NS,SBICARD,SBICARD,543066,SBI Cards and Payment Services Limited,NSE,India,INE018E01016,Financial Services,
SBIFUNDS.NS,SBIFUNDS,SBIFUNDS,544829,SBI Funds Management Limited,NSE,India,INE640G01020,,
SBILIFE.NS,SBILIFE,SBILIFE,540719,SBI Life Insurance Company Limited,NSE,India,INE123W01016,Financial Services,Y
SBIN.NS,SBIN,SBIN,500112,State Bank of India,NSE,India,INE062A01020,Financial Services,Y
SBL.BO,SBL,,538520,SHIVAMSHREE BUSINESSES LIMITED,BSE,India,INE857P01021,,
SBLI.BO,SBLI,,543366,SBL Infratech Limited,BSE,India,INE0DLM01024,,
SBRANDS.BO,SBRANDS,,540782,Sanghvi Brands Limited,BSE,India,INE204Y01010,,
SBVCL.BO,SBVCL,,544074,Shri Balaji Valve Components L,BSE,India,INE0RNZ01014,,
SCAGRO.BO,SCAGRO,,526081,SC Agrotech Limited,BSE,India,INE895E01017,,
SCANPRO.BO,SCANPRO,,531797,SCAN PROJECTS LTD.,BSE,India,INE393D01015,,
SCANSTL.NS,SCANSTL,SCANSTL,511672,Scan Steels Limited,NSE,India,INE099G01011,,
SCBL.BO,SCBL,,506906,Saptak Chem And Business Limit,BSE,India,INE467X01023,,
SCC.BO,SCC,,538857,Scintilla Commercial & Credit,BSE,India,INE892C01018,,
SCDL.BO,SCDL,,544746,SAFETY CONTROLS & DEVICES LIMI,BSE,India,INE0UMH01018,,
SCHAEFFLER.NS,SCHAEFFLER,SCHAEFFLER,505790,Schaeffler India Limited,NSE,India,INE513A01022,Automobile and Auto Components,
SCHAND.NS,SCHAND,SCHAND,540497,S Chand And Company Limited,NSE,India,INE807K01035,,
SCHNEIDER.NS,SCHNEIDER,SCHNEIDER,534139,Schneider Electric Infrastructure Limited,NSE,India,INE839M01018,Capital Goods,
SCI.NS,SCI,SCI,523598,Shipping Corporation Of India Limited,NSE,India,INE109A01011,Services,
SCILAL.NS,SCILAL,SCILAL,544142,Shipping Corporation of India Land and Assets Limited,NSE,India,INE0PB301013,,
SCML.NS,SCML,,,Sharp Chucks and Machines Limited,NSE,India,INE460Q01014,,
SCODATUBES.NS,SCODATUBES,SCODATUBES,544411,Scoda Tubes Limited,NSE,India,INE090501011,,
SCOOBEEDAY.BO,SCOOBEEDAY,,531234,SCOOBEE DAY GARMENTS (INDIA) L,BSE,India,INE962E01015,,
SCPL.NS,SCPL,SCPL,540757,Sheetal Cool Products Limited,NSE,India,INE501Y01019,,
SCTL.BO,SCTL,,539526,Suncare Traders Limited,BSE,India,INE452S01025,,
SDBL.NS,SDBL,SDBL,507514,Som Distilleries & Breweries Limited,NSE,India,INE480C01038,,
SDL.BO,SDL,,524727,Span Divergent Limited,BSE,India,INE004E01016,,
SDREAMS.NS,SDREAMS,,,S D Retail Limited,NSE,India,INE0X6F01017,,
SEALMATIC.BO,SEALMATIC,,543782,Sealmatic India Limited,BSE,India,INE0O4601016,,
SEAMECLTD.NS,SEAMECLTD,SEAMECLTD,526807,Seamec Limited,NSE,India,INE497B01018,,
SEASONST.BO,SEASONST,,514264,SEASONS TEXTILES LTD.,BSE,India,INE707B01010,,
SEATV.BO,SEATV,,533268,SEA TV NETWORK LTD.,BSE,India,INE351L01016,,
SECMARK.NS,SECMARK,SECMARK,543234,SecMark Consultancy Limited,NSE,India,INE0BTM01013,,
SECURKLOUD.NS,SECURKLOUD,SECURKLOUD,512161,SECUREKLOUD TECHNOLOGIES LIMITED,NSE,India,INE650K01021,,
SEDEMAC.NS,SEDEMAC,SEDEMAC,544723,SEDEMAC Mechatronics Limited,NSE,India,INE00XB01019,,
SEEMAX.BO,SEEMAX,,544813,Seemax Resources Limited,BSE,India,INE1EVO01017,,
SEIL.NS,SEIL,SEIL,539921,Shanti Educational Initiatives Limited,NSE,India,INE440T01028,,
SEJALLTD.NS,SEJALLTD,SEJALLTD,532993,Sejal Glass Limited,NSE,India,INE955I01044,,
SEKURITIND.NS,SEKURITIND,SEKURITIND,515043,Saint Gobain Sekurit India Limited,NSE,India,INE068B01017,,
SEL.BO,SEL,,509423,SANATHNAGAR ENTERPRISES LIMITE,BSE,India,INE367E01033,,
SEL.NS,SEL,,,Sungarner Energies Limited,NSE,India,INE0O3O01017,,
SELECTRIC.BO,SELECTRIC,,544786,Schneider Electric President S,BSE,India,INE155D01018,,
SELLOWRAP.NS,SELLOWRAP,,,Sellowrap Industries Limited,NSE,India,INE0IJF01013,,
SELMC.BO,SELMC,,532886,SEL MANUFACTURING COMPANY LTD.,BSE,India,INE105I01020,,
SEMAC.NS,SEMAC,SEMAC,505368,Semac Construction Limited,NSE,India,INE617A01013,,
SEML.BO,SEML,,543515,Sunrise Efficient Marketing Li,BSE,India,INE0KPY01017,,
SENCO.NS,SENCO,SENCO,543936,Senco Gold Limited,NSE,India,INE602W01027,,
SENINFO.BO,SENINFO,,531980,SENTHIL INFOTEK LTD,BSE,India,INE564B01015,,
SENORES.NS,SENORES,SENORES,544319,Senores Pharmaceuticals Limited,NSE,India,INE0RB801010,,
SEPC.NS,SEPC,SEPC,532945,SEPC Limited,NSE,India,INE964H01014,,
SERA.BO,SERA,,512399,SERA INVESTMENTS & FINANCE IND,BSE,India,INE017I01027,,
SERVICE.NS,SERVICE,,,Service Care Limited,NSE,India,INE0P1Q01015,,
SERVOTECH.NS,SERVOTECH,,,Servotech Renewable Power System Limited,NSE,India,INE782X01033,,
SESHACHAL.BO,SESHACHAL,,531794,SESHACHAL TECHNOLOGIES LTD.,BSE,India,INE331F01028,,
SESHAPAPER.NS,SESHAPAPER,SESHAPAPER,502450,Seshasayee Paper and Boards Limited,NSE,India,INE630A01024,,
SETCO.NS,SETCO,SETCO,505075,Setco Automotive Limited,NSE,India,INE878E01021,,
SETL.NS,SETL,SETL,544333,Standard Engineering Technology Limited,NSE,India,INE0M4D01010,,
SETUINFRA.NS,SETUINFRA,SETUINFRA,533605,Setubandhan Infrastructure Limited,NSE,India,INE023M01027,,
SEVL.BO,SEVL,,544428,SUPERTECH EV LIMITED,BSE,India,INE0SC101013,,
SEYAIND.NS,SEYAIND,SEYAIND,524324,Seya Industries Limited,NSE,India,INE573R01012,,
SFL.NS,SFL,SFL,540203,Sheela Foam Limited,NSE,India,INE916U01025,,
SFML.NS,SFML,,,Supreme Facility Management Limited,NSE,India,INE0U6N01014,,
SFPIL.BO,SFPIL,,526532,SQUARE FOUR PROJECTS INDIA LIM,BSE,India,INE716K01020,,
SFSL.BO,SFSL,,543519,Shashwat Furnishing Solutions,BSE,India,INE0JMN01019,,
SFTL.BO,SFTL,,501479,SPRINGFORM TECHNOLOGY LIMITED,BSE,India,INE02ZA01012,,
SGFIN.NS,SGFIN,SGFIN,539199,SG Finserve Limited,NSE,India,INE618R01015,,
SGFRL.BO,SGFRL,,543391,Suyog Gurbaxani Funicular Rope,BSE,India,INE07GA01011,,
SGIL.NS,SGIL,SGIL,541929,Synergy Green Industries Limited,NSE,India,INE00QT01015,,
SGL.NS,SGL,SGL,532730,STL Global Limited,NSE,India,INE353H01010,,
SGLRES.NS,SGLRES,SGLRES,526544,SGL Resources Limited,NSE,India,INE967B01028,,
SGMART.NS,SGMART,SGMART,512329,SG Mart Limited,NSE,India,INE385F01024,,
SGNTE.BO,SGNTE,,531812,SGN TELECOMS LTD.,BSE,India,INE266C01023,,
SGRL.NS,SGRL,SGRL,540737,Shree Ganesh Remedies Limited,NSE,India,INE414Y01015,,
SHADOWFAX.NS,SHADOWFAX,SHADOWFAX,544685,Shadowfax Technologies Limited,NSE,India,INE12UN01015,,
SHAH.NS,SHAH,SHAH,533275,Shah Metacorp Limited,NSE,India,INE482J01021,,
SHAHALLOYS.NS,SHAHALLOYS,SHAHALLOYS,513436,Shah Alloys Limited,NSE,India,INE640C01011,,
SHAHFOOD.BO,SHAHFOOD,,519031,SHAH FOODS LTD.,BSE,India,INE455D01012,,
SHAHINVEST.NS,SHAHINVEST,SHAHINVEST,544963,Shah Investor's Home Limited,NSE,India,INE029N01014,,
SHAHISHIP.BO,SHAHISHIP,,526508,Shahi Shipping Limited,BSE,India,INE825D01016,,
SHAHLON.BO,SHAHLON,,542862,Shahlon Silk Industries Limite,BSE,India,INE052001026,,
SHAILY.NS,SHAILY,SHAILY,501423,Shaily Engineering Plastics Limited,NSE,India,INE151G01028,,
SHAIVAL.NS,SHAIVAL,,,Shaival Reality Limited,NSE,India,INE262S01010,,
SHAKTIPOLY.BO,SHAKTIPOLY,,544933,SHAKTI POLYTARP LIMITED,BSE,India,INE05UY01016,,
SHAKTIPR.BO,SHAKTIPR,,526841,SHAKTI PRESS LTD.,BSE,India,INE794C01016,,
SHAKTIPUMP.NS,SHAKTIPUMP,SHAKTIPUMP,531431,Shakti Pumps (India) Limited,NSE,India,INE908D01010,,
SHALBY.NS,SHALBY,SHALBY,540797,Shalby Limited,NSE,India,INE597J01018,,
SHALIWIR.BO,SHALIWIR,,532455,SHALIMAR WIRES INDUSTRIES LTD.,BSE,India,INE655D01025,,
SHALPAINTS.NS,SHALPAINTS,SHALPAINTS,509874,Shalimar Paints Limited,NSE,India,INE849C01026,,
SHALPRO.BO,SHALPRO,,512499,SHALIMAR PRODUCTIONS LTD.,BSE,India,INE435E01020,,
SHAMFOAM.BO,SHAMFOAM,,544869,Sham Foam Limited,BSE,India,INE0Z9N01013,,
SHAMROIN.BO,SHAMROIN,,531240,SHAMROCK INDUSTRIAL CO.LTD.,BSE,India,INE022F01015,,
SHANGAR.BO,SHANGAR,,540259,SHANGAR DECOR LIMITED,BSE,India,INE118R01032,,
SHANKARA.NS,SHANKARA,SHANKARA,540425,Shankara Building Products Limited,NSE,India,INE274V01019,,
SHANKESH.NS,SHANKESH,SHANKESH,544882,Shankesh Jewellers Limited,NSE,India,INE1WFC01025,,
SHANMUGA.BO,SHANMUGA,,544365,SHANMUGA HOSPITAL LIMITED,BSE,India,INE0TD301017,,
SHANTAI.BO,SHANTAI,,512297,Shantai Industries Limited,BSE,India,INE408F01024,,
SHANTHALA.NS,SHANTHALA,,,Shanthala FMCG Products Limited,NSE,India,INE0Q9Q01017,,
SHANTI.NS,SHANTI,,,Shanti Overseas (India) Limited,NSE,India,INE933X01016,,
SHANTIDENM.BO,SHANTIDENM,,544059,SHANTI SPINTEX LIMITED,BSE,India,INE0QZQ01019,,
SHANTIGEAR.NS,SHANTIGEAR,SHANTIGEAR,522034,Shanthi Gears Limited,NSE,India,INE631A01022,,
SHANTIGOLD.NS,SHANTIGOLD,SHANTIGOLD,544459,Shanti Gold International Limited,NSE,India,INE06ZD01017,,
SHANTIGURU.BO,SHANTIGURU,,534708,SHANTI GURU INDUSTRIES LIMITED,BSE,India,INE892L01019,,
SHANTIINOR.NS,SHANTIINOR,,,Shanti Inorganics Limited,NSE,India,INE1ZEE01019,,
SHAQUAK.BO,SHAQUAK,,531925,SHANTANU SHEOREY AQUAKULT LTD.,BSE,India,INE545N01019,,
SHARDACROP.NS,SHARDACROP,SHARDACROP,538666,Sharda Cropchem Limited,NSE,India,INE221J01015,,
SHARDAMOTR.NS,SHARDAMOTR,SHARDAMOTR,535602,Sharda Motor Industries Limited,NSE,India,INE597I01028,,
SHARDUL.NS,SHARDUL,SHARDUL,512393,Shardul Securities Limited,NSE,India,INE037B01020,,
SHAREINDIA.NS,SHAREINDIA,SHAREINDIA,540725,Share India Securities Limited,NSE,India,INE932X01026,,
SHARIKA.BO,SHARIKA,,540786,SHARIKA ENTERPRISES LIMITED,BSE,India,INE669Y01022,,
SHARMEH.BO,SHARMEH,,524548,SHARMA EAST INDIA HOSPITALS &,BSE,India,INE465H01012,,
SHARPINV.BO,SHARPINV,,538212,SHARP INVESTMENTS LTD,BSE,India,INE909D01026,,
SHARPLINE.BO,SHARPLINE,,543341,SHARPLINE BROADCAST LIMITED,BSE,India,INE647W01014,,
SHARVAYA.BO,SHARVAYA,,544506,SHARVAYA METALS LIMITED,BSE,India,INE0UJF01018,,
SHASHIJIT.BO,SHASHIJIT,,540147,Shashijit Infraprojects Limite,BSE,India,INE700V01021,,
SHAWGELTIN.BO,SHAWGELTIN,,526739,NARMADA GELATINES LTD.,BSE,India,INE869A01010,,
SHAYONAENG.BO,SHAYONAENG,,544686,SHAYONA ENGINEERING LIMITED,BSE,India,INE0UCL01011,,
SHBAJRG.NS,SHBAJRG,SHBAJRG,526981,Shri Bajrang Alliance Limited,NSE,India,INE402H01015,,
SHEEL.NS,SHEEL,,,Sheel Biotech Limited,NSE,India,INE0YJV01017,,
SHEETAL.NS,SHEETAL,,,Sheetal Universal Limited,NSE,India,INE04VX01019,,
SHEKHAWATI.NS,SHEKHAWATI,SHEKHAWATI,533301,Shekhawati Industries Limited,NSE,India,INE268L01046,,
SHELTER.BO,SHELTER,,543963,SHELTER PHARMA LIMITED,BSE,India,INE013V01011,,
SHEMAROO.NS,SHEMAROO,SHEMAROO,538685,Shemaroo Entertainment Limited,NSE,India,INE363M01019,,
SHERA.NS,SHERA,,,Shera Energy Limited,NSE,India,INE0MM001019,,
SHERVANI.NS,SHERVANI,SHERVANI,526117,Shervani Industrial Syndicate Limited,NSE,India,INE011D01013,,
SHESHAINDS.BO,SHESHAINDS,,539111,SHESHADRI INDUSTRIES LIMITED,BSE,India,INE193R01019,,
SHETHJI.NS,SHETHJI,,,Shreeji Global FMCG Limited,NSE,India,INE1FL101016,,
SHETR.BO,SHETR,,526137,SHETRON LTD.,BSE,India,INE278C01010,,
SHGANEL.BO,SHGANEL,,530797,SHREE GANESH ELASTOPLAST LTD.,BSE,India,INE400N01017,,
SHHARICH.BO,SHHARICH,,524336,SHREE HARI CHEMICALS EXPORT LT,BSE,India,INE065E01017,,
SHIGAN.NS,SHIGAN,,,Shigan Quantum Technologies Limited,NSE,India,INE03KJ01013,,
SHIKHAR.BO,SHIKHAR,,526883,SHIKHAR CONSULTANTS LTD.,BSE,India,INE641B01011,,
SHILCTECH.NS,SHILCTECH,SHILCTECH,531201,Shilchar Technologies Limited,NSE,India,INE024F01011,,
SHILGRAVQ.NS,SHILGRAVQ,SHILGRAVQ,513709,Shilp Gravures Limited,NSE,India,INE960A01017,,
SHILINDORE.BO,SHILINDORE,,544080,Sayaji Hotels (Indore) Limited,BSE,India,INE0MGS01014,,
SHILPAMED.NS,SHILPAMED,SHILPAMED,530549,Shilpa Medicare Limited,NSE,India,INE790G01031,,
SHINDL.NS,SHINDL,SHINDL,519397,Sharat Industries Limited,NSE,India,INE220Z01013,,
SHINEFASH.BO,SHINEFASH,,543244,Shine Fashions (India) Limited,BSE,India,INE0BLY01023,,
SHIPROCKET.NS,SHIPROCKET,SHIPROCKET,544871,Shiprocket Limited,NSE,India,INE0FOO01011,,
SHIPWAVES.BO,SHIPWAVES,,544646,Shipwaves Online Limited,BSE,India,INE0O9L01010,,
SHISHIND.BO,SHISHIND,,540693,Shish Industries Limited,BSE,India,INE145Y01023,,
SHIVA.BO,SHIVA,,539593,Shivansh Finserv Limited,BSE,India,INE728Q01014,,
SHIVAAGRO.NS,SHIVAAGRO,SHIVAAGRO,530433,Shiva Global Agro Industries Limited,NSE,India,INE960E01019,,
SHIVACEM.NS,SHIVACEM,SHIVACEM,532323,Shiva Cement Limited,NSE,India,INE555C01029,,
SHIVAEXPO.BO,SHIVAEXPO,,540072,Shiva Granito Export Limited,BSE,India,INE191V01015,,
SHIVAGR.BO,SHIVAGR,,522237,SHIVAGRICO IMPLEMENTS LTD.,BSE,India,INE092H01014,,
SHIVALIK.NS,SHIVALIK,SHIVALIK,539148,Shivalik Rasayan Limited,NSE,India,INE788J01021,,
SHIVAM.BO,SHIVAM,,544165,SHIVAM CHEMICALS LIMITED,BSE,India,INE0SGR01013,,
SHIVAMAUTO.NS,SHIVAMAUTO,SHIVAMAUTO,532776,Shivam Autotech Limited,NSE,India,INE637H01024,,
SHIVAMILLS.NS,SHIVAMILLS,SHIVAMILLS,540961,Shiva Mills Limited,NSE,India,INE644Y01017,,
SHIVASHRIT.NS,SHIVASHRIT,,,Shivashrit Foods Limited,NSE,India,INE1DLF01018,,
SHIVATEX.NS,SHIVATEX,SHIVATEX,511108,Shiva Texyarn Limited,NSE,India,INE705C01020,,
SHIVAUM.NS,SHIVAUM,,,Shiv Aum Steels Limited,NSE,India,INE719F01016,,
SHIVCHEM.BO,SHIVCHEM,,544967,SHIVCHEM AGRO LIMITED,BSE,India,INE18CU01023,,
SHIVTEXCHEM.BO,SHIVTEXCHEM,,544272,SHIV TEXCHEM LIMITED,BSE,India,INE0YRO01015,,
SHK.NS,SHK,SHK,539450,S H Kelkar and Company Limited,NSE,India,INE500L01026,,
SHKARTP.BO,SHKARTP,,516106,SHREE KARTHIK PAPERS LTD.,BSE,India,INE538D01015,,
SHKSIL.NS,SHKSIL,,,Shri Hare-Krishna Sponge Iron Limited,NSE,India,INE0NON01025,,
SHLOKKA.BO,SHLOKKA,,544582,SHLOKKA DYES LIMITED,BSE,India,INE1EUB01016,,
SHOORA.BO,SHOORA,,543970,Shoora Designs Limited,BSE,India,INE0OJZ01019,,
SHOPERSTOP.NS,SHOPERSTOP,SHOPERSTOP,532638,Shoppers Stop Limited,NSE,India,INE498B01024,,
SHPLPUNE.BO,SHPLPUNE,,544090,Sayaji Hotels (Pune) Limited,BSE,India,INE07G501017,,
SHRAAITECH.BO,SHRAAITECH,,543976,Shradha AI Technologies Limite,BSE,India,INE489B01031,,
SHRADDHA.NS,SHRADDHA,SHRADDHA,531771,Shraddha Prime Projects Limited,NSE,India,INE311M01018,,
SHRADHA.NS,SHRADHA,,,Shradha Realty Limited,NSE,India,INE715Y01031,,
SHRAJOI.BO,SHRAJOI,,530295,SHRI RAJIVLOCHAN OIL EXTRACTIO,BSE,India,INE418K01015,,
SHRAJSYNQ.BO,SHRAJSYNQ,,503837,SHREE RAJASTHAN SYNTEX LTD.,BSE,India,INE796C01011,,
SHRDAIS.BO,SHRDAIS,,513548,SHARDA ISPAT LTD.,BSE,India,INE385M01012,,
SHREDIGCEM.NS,SHREDIGCEM,SHREDIGCEM,502180,Shree Digvijay Cement Co.Ltd,NSE,India,INE232A01011,,
SHREE.BO,SHREE,,544083,Shree Marutinandan Tubes Limit,BSE,India,INE0QIS01011,,
SHREECEM.NS,SHREECEM,SHREECEM,500387,SHREE CEMENT LIMITED,NSE,India,INE070A01015,Construction Materials,
SHREEDHAR.NS,SHREEDHAR,,,Shreedhar Spinners Limited,NSE,India,INE0K3301012,,
SHREEGANES.BO,SHREEGANES,,539470,Shree Ganesh Biotech (India) L,BSE,India,INE051N01026,,
SHREEJISPG.NS,SHREEJISPG,SHREEJISPG,544490,Shreeji Shipping Global Limited,NSE,India,INE1B6101010,,
SHREEKARNI.NS,SHREEKARNI,,,Shree Karni Fabcom Limited,NSE,India,INE0S4Y01010,,
SHREENATH.BO,SHREENATH,,544372,SHREENATH PAPER PRODUCTS LIMIT,BSE,India,INE0RXS01018,,
SHREEOSFM.NS,SHREEOSFM,,,Shree OSFM E-Mobility Limited,NSE,India,INE02S501018,,
SHREEPAC.BO,SHREEPAC,,527005,SHREE PACETRONIX LTD.,BSE,India,INE847D01010,,
SHREEPUSHK.NS,SHREEPUSHK,SHREEPUSHK,539334,Shree Pushkar Chemicals & Fertilisers Limited,NSE,India,INE712K01011,,
SHREERAMA.NS,SHREERAMA,SHREERAMA,532310,Shree Rama Multi-Tech Limited,NSE,India,INE879A01019,,
SHREEREF.BO,SHREEREF,,544458,SHREE REFRIGERATIONS LIMITED,BSE,India,INE0FMZ01045,,
SHREESEC.BO,SHREESEC,,538975,Shree Securities Ltd.,BSE,India,INE397C01026,,
SHREMETAL.BO,SHREMETAL,,531962,SHREE METALLOYS LTD.,BSE,India,INE914B01012,,
SHRENIK.NS,SHRENIK,,,Shrenik Limited,NSE,India,INE632X01030,,
SHREYANIND.NS,SHREYANIND,SHREYANIND,516016,Shreyans Industries Limited,NSE,India,INE231C01019,,
SHREYASI.BO,SHREYASI,,526335,SHREYAS INTERMEDIATES LTD.,BSE,India,INE115F01017,,
SHRIAHIMSA.NS,SHRIAHIMSA,,,Shri Ahimsa Naturals Limited,NSE,India,INE0DM401012,,
SHRICON.BO,SHRICON,,508961,SHRICON INDUSTRIES LTD.,BSE,India,INE753D01010,,
SHRIDINE.BO,SHRIDINE,,503804,SHRI DINESH MILLS LTD.,BSE,India,INE204C01024,,
SHRIGANG.BO,SHRIGANG,,523309,SHRI GANG INDUSTRIES AND ALLIE,BSE,India,INE241V01018,,
SHRIKANHA.NS,SHRIKANHA,,,Shri Kanha Stainless Limited,NSE,India,INE1V4601019,,
SHRIKRISH.NS,SHRIKRISH,SHRIKRISH,531080,Shri Krishna Devcon Limited,NSE,India,INE997I01012,,
SHRINGARMS.NS,SHRINGARMS,SHRINGARMS,544512,Shringar House of Mangalsutra Limited,NSE,India,INE1B3L01017,,
SHRINIWAS.BO,SHRINIWAS,,538897,Shri Niwas Leasing and Finance,BSE,India,INE201F01015,,
SHRIPISTON.NS,SHRIPISTON,SHRIPISTON,544344,SPR Auto Technologies Limited,NSE,India,INE526E01018,Automobile and Auto Components,
SHRIRAMFIN.NS,SHRIRAMFIN,SHRIRAMFIN,511218,Shriram Finance Limited,NSE,India,INE721A01047,Financial Services,Y
SHRIRAMPPS.NS,SHRIRAMPPS,SHRIRAMPPS,543419,Shriram Properties Limited,NSE,India,INE217L01019,,
SHRISTI.BO,SHRISTI,,511411,SHRISTI INFRASTRUCTURE DEVELOP,BSE,India,INE472C01027,,
SHRITECH.NS,SHRITECH,,,Shri Techtex Limited,NSE,India,INE0OMF01015,,
SHRJAGP.NS,SHRJAGP,SHRJAGP,512453,Shri Jagdamba Polymers Limited,NSE,India,INE564J01026,,
SHRMFGC.BO,SHRMFGC,,503863,SHREE MANUFACTURING CO.LTD.,BSE,India,INE632A01012,,
SHRYDUS.BO,SHRYDUS,,511493,SHRYDUS INDUSTRIES LIMITED,BSE,India,INE488C01015,,
SHTL.BO,SHTL,,544607,SHINING TOOLS LIMITED,BSE,India,INE0D8001018,,
SHUBHAM.BO,SHUBHAM,,542019,Shubham Polyspin Limited,BSE,India,INE01J501010,,
SHUBHLAXMI.NS,SHUBHLAXMI,,,Shubhlaxmi Jewel Art Limited,NSE,India,INE01Z401013,,
SHUBHSHREE.NS,SHUBHSHREE,,,Shubhshree Biofuels Energy Limited,NSE,India,INE0UL701015,,
SHUKJEW.BO,SHUKJEW,,523790,SHUKRA JEWELLERS LTD.,BSE,India,INE344E01016,,
SHUKRAPHAR.NS,SHUKRAPHAR,SHUKRAPHAR,524632,Shukra Pharmaceuticals Limited,NSE,India,INE551C01044,,
SHVFL.BO,SHVFL,,532007,SHREEVATSAA FINANCE & LEASING,BSE,India,INE981C01019,,
SHYAMACOMP.BO,SHYAMACOMP,,531219,Shyama Computronics and Servic,BSE,India,INE861E01019,,
SHYAMCENT.NS,SHYAMCENT,SHYAMCENT,539252,Shyam Century Ferrous Limited,NSE,India,INE979R01011,,
SHYAMDHANI.NS,SHYAMDHANI,,,Shyam Dhani Industries Limited,NSE,India,INE1CRP01016,,
SHYAMMETL.NS,SHYAMMETL,SHYAMMETL,543299,Shyam Metalics and Energy Limited,NSE,India,INE810G01011,Capital Goods,
SHYAMTEL.NS,SHYAMTEL,SHYAMTEL,517411,Shyam Telecom Limited,NSE,India,INE635A01023,,
SHYMINV.BO,SHYMINV,,505515,SHYAMKAMAL INVESTMENTS LTD.,BSE,India,INE203N01015,,
SIBARAUT.BO,SIBARAUT,,520141,SIBAR AUTO PARTS LTD.,BSE,India,INE441C01014,,
SICAGEN.NS,SICAGEN,SICAGEN,533014,Sicagen India Limited,NSE,India,INE176J01011,,
SICALLOG.NS,SICALLOG,SICALLOG,520086,Sical Logistics Limited,NSE,India,INE075B01020,,
SICAPIT.BO,SICAPIT,,530907,SI CAPITAL & FINANCIAL SERVICE,BSE,India,INE417F01017,,
SICL.BO,SICL,,531640,SUVIDHA INFRAESTATE CORPORATIO,BSE,India,INE936N01010,,
SIDDHA.BO,SIDDHA,,530439,SIDDHA VENTURES LTD.,BSE,India,INE140C01012,,
SIDDHEGA.BO,SIDDHEGA,,526877,SIDDHESWARI GARMENTS LTD.,BSE,India,INE797C01019,,
SIDDHICOTS.NS,SIDDHICOTS,,,Siddhi Cotspin Limited,NSE,India,INE0SVO01019,,
SIDDHIKA.NS,SIDDHIKA,,,Siddhika Coatings Limited,NSE,India,INE0A1E01018,,
SIEL.NS,SIEL,SIEL,519234,Superior Industrial Enterprises Limited,NSE,India,INE843L01012,,
SIEMENS.NS,SIEMENS,SIEMENS,500550,Siemens Limited,NSE,India,INE003A01024,Capital Goods,
SIGACHI.NS,SIGACHI,SIGACHI,543389,Sigachi Industries Limited,NSE,India,INE0D0K01022,,
SIGIND.NS,SIGIND,SIGIND,512131,Signet Industries Limited,NSE,India,INE529F01035,,
SIGMA.NS,SIGMA,SIGMA,543917,Sigma Solve Limited,NSE,India,INE0A0S01028,,
SIGMAADV.NS,SIGMAADV,SIGMAADV,532408,SIGMA ADVANCED SYSTEMS LIMITED,NSE,India,INE933B01012,,
SIGNATURE.NS,SIGNATURE,SIGNATURE,543990,Signatureglobal (India) Limited,NSE,India,INE903U01023,Realty,
SIGNORIA.NS,SIGNORIA,,,Signoria Creation Limited,NSE,India,INE0RDE01010,,
SIGNPOST.NS,SIGNPOST,SIGNPOST,544117,Signpost India Limited,NSE,India,INE0KGZ01021,,
SIHORA.BO,SIHORA,,544585,SIHORA INDUSTRIES LIMITED,BSE,India,INE0SFA01011,,
SIIL.BO,SIIL,,540132,Sabrimala Industries India Lim,BSE,India,INE400R01018,,
SIKA.NS,SIKA,SIKA,523606,Sika Interplant Systems Limited,NSE,India,INE438E01032,,
SIKKO.NS,SIKKO,,,Sikko Industries Limited,NSE,India,INE112X01025,,
SIL.NS,SIL,SIL,530017,Standard Industries Limited,NSE,India,INE173A01025,,
SILGO.NS,SILGO,,,Silgo Retail Limited,NSE,India,INE01II01013,,
SILICON.BO,SILICON,,531738,SILICON VALLEY INFOTECH LTD.,BSE,India,INE913A01024,,
SILINV.NS,SILINV,SILINV,521194,SIL Investments Limited,NSE,India,INE923A01015,,
SILKFLEX.NS,SILKFLEX,,,Silkflex Polymers (India) Limited,NSE,India,INE0STN01015,,
SILKY.NS,SILKY,,,Silky Overseas Limited,NSE,India,INE0SN801015,,
SILL.BO,SILL,,544810,Sampark India Logistics Limite,BSE,India,INE147701010,,
SILVERO.BO,SILVERO,,512197,SILVER OAK COMMERCIAL LTD.,BSE,India,INE798C01017,,
SILVERTUC.NS,SILVERTUC,SILVERTUC,543525,Silver Touch Technologies Limited,NSE,India,INE625X01026,,
SILVOAK.BO,SILVOAK,,531635,SILVER OAK (INDIA) LTD.,BSE,India,INE870J01019,,
SIMANDHAR.BO,SIMANDHAR,,544662,SIMANDHAR IMPEX LIMITED,BSE,India,INE0VI201010,,
SIMBHALS.NS,SIMBHALS,SIMBHALS,539742,Simbhaoli Sugars Limited,NSE,India,INE748T01016,,
SIMCA.NS,SIMCA,,,Simca Advertising Limited,NSE,India,INE1K4J01018,,
SIMMOND.BO,SIMMOND,,507998,SIMMONDS MARSHALL LTD.,BSE,India,INE657D01021,,
SIMPLEXCAS.BO,SIMPLEXCAS,,513472,SIMPLEX CASTINGS LTD.,BSE,India,INE658D01029,,
SIMPLEXINF.NS,SIMPLEXINF,SIMPLEXINF,523838,Simplex Infrastructures Limited,NSE,India,INE059B01024,,
SIMPLXMIL.BO,SIMPLXMIL,,533018,SIMPLEX MILLS COMPANY LTD.,BSE,India,INE457H01027,,
SIMPLXPAP.BO,SIMPLXPAP,,533019,SIMPLEX PAPERS LTD.,BSE,India,INE456H01029,,
SIMPLXREA.NS,SIMPLXREA,SIMPLXREA,503229,Simplex Realty Limited,NSE,India,INE167H01014,,
SIMRAN.BO,SIMRAN,,519566,SIMRAN FARMS LTD.,BSE,India,INE354D01017,,
SINCLAIR.NS,SINCLAIR,SINCLAIR,523023,Sinclairs Hotels Limited,NSE,India,INE985A01022,,
SINDHUTRAD.NS,SINDHUTRAD,SINDHUTRAD,532029,Sindhu Trade Links Limited,NSE,India,INE325D01025,,
SINGERIND.NS,SINGERIND,SINGERIND,505729,Singer India Limited,NSE,India,INE638A01035,,
SINNAR.BO,SINNAR,,509887,SINNAR BIDI UDYOG LTD.,BSE,India,INE896E01023,,
SINTERCOM.NS,SINTERCOM,,,Sintercom India Limited,NSE,India,INE129Z01016,,
SIPL.BO,SIPL,,526839,SHELTER INFRA PROJECTS LTD.,BSE,India,INE413C01013,,
SIRCA.NS,SIRCA,SIRCA,543686,Sirca Paints India Limited,NSE,India,INE792Z01011,,
SIS.NS,SIS,SIS,540673,SIS LIMITED,NSE,India,INE285J01028,,
SITAENT.BO,SITAENT,,512589,SITA ENTERPRISES LTD.,BSE,India,INE579D01019,,
SITINET.NS,SITINET,SITINET,532795,Siti Networks Limited,NSE,India,INE965H01011,,
SIYARAM.BO,SIYARAM,,544047,Siyaram Recycling Industries L,BSE,India,INE0QSK01017,,
SIYSIL.NS,SIYSIL,SIYSIL,503811,Siyaram Silk Mills Limited,NSE,India,INE076B01028,,
SIZEMASTER.BO,SIZEMASTER,,513496,SIZEMASTERS TECHNOLOGY LIMITED,BSE,India,INE235U01012,,
SJCORP.BO,SJCORP,,504398,SJ CORPORATION LTD.,BSE,India,INE312B01027,,
SJLOGISTIC.NS,SJLOGISTIC,,,S J Logistics (India) Limited,NSE,India,INE0F3301020,,
SJS.NS,SJS,SJS,543387,S.J.S. Enterprises Limited,NSE,India,INE284S01014,,
SJVN.NS,SJVN,SJVN,533206,SJVN Limited,NSE,India,INE002L01015,Power,
SKCIL.BO,SKCIL,,530977,Shri Keshav Cements and Infra,BSE,India,INE260E01014,,
SKFINDIA.NS,SKFINDIA,SKFINDIA,500472,SKF India Limited,NSE,India,INE640A01023,,
SKFINDUS.NS,SKFINDUS,SKFINDUS,544572,SKF India (Industrial) Limited,NSE,India,INE2J8701016,,
SKIEL.BO,SKIEL,,542728,SK International Export Limite,BSE,India,INE04ST01013,,
SKIFL.BO,SKIFL,,542146,Shree Krishna Infrastructure L,BSE,India,INE951Z01013,,
SKIL.BO,SKIL,,539861,SKIL Infrastructure Limited,BSE,India,INE429F01012,,
SKILVEN.BO,SKILVEN,,538919,SKYLINE VENTURES INDIA LIMITED,BSE,India,INE055Q01012,,
SKIPPER.NS,SKIPPER,SKIPPER,538562,Skipper Limited,NSE,India,INE439E01022,,
SKL.BO,SKL,,540269,SUPER FINE KNITTERS LIMITED,BSE,India,INE459U01018,,
SKM.BO,SKM,,544584,SK Minerals & Additives Limite,BSE,India,INE13YH01017,,
SKMEGGPROD.NS,SKMEGGPROD,SKMEGGPROD,532143,SKM Egg Products Export (India) Limited,NSE,India,INE411D01023,,
SKOFFSET.BO,SKOFFSET,,544947,S.K. OFFSET LIMITED,BSE,India,INE2MKZ01017,,
SKP.NS,SKP,,,SKP Bearing Industries Limited,NSE,India,INE0KZA01016,,
SKPMIL.BO,SKPMIL,,500388,SHREE KRISHNA PAPER MILLS & IN,BSE,India,INE970C01012,,
SKPSEC.BO,SKPSEC,,531169,SKP SECURITIES LTD.,BSE,India,INE709B01016,,
SKRABUL.BO,SKRABUL,,531506,SHUKRA BULLIONS LTD.,BSE,India,INE561E01015,,
SKYBIOTECH.BO,SKYBIOTECH,,512036,SKYBIOTECH HEALTHCARE LIMITED,BSE,India,INE393H01016,,
SKYGOLD.NS,SKYGOLD,SKYGOLD,541967,SKY GOLD AND DIAMONDS LIMITED,NSE,India,INE01IU01018,,
SKYIND.BO,SKYIND,,526479,SKY INDUSTRIES LTD.,BSE,India,INE765B01018,,
SKYLMILAR.BO,SKYLMILAR,,505650,SKYLINE MILLARS LTD.,BSE,India,INE178E01026,,
SKYTECH.NS,SKYTECH,,,Skytech Infinite Platform Limited,NSE,India,INE0VFE01017,,
SKYWAYS.NS,SKYWAYS,SKYWAYS,544890,Skyways Air Services Limited,NSE,India,INE0PX301025,,
SLONE.NS,SLONE,,,Slone Infosystems Limited,NSE,India,INE0SMA01017,,
SLSTLQ.BO,SLSTLQ,,521161,SRI LAKSHMI SARASWATHI TEXTILE,BSE,India,INE456D01010,,
SMAART.BO,SMAART,,523449,SMAART TECH SERVICES LIMITED,BSE,India,INE207B01011,,
SMARITIME.BO,SMARITIME,,544056,Sahara Maritime Limited,BSE,India,INE0PSJ01011,,
SMARTEN.NS,SMARTEN,,,Smarten Power Systems Limited,NSE,India,INE14GK01016,,
SMARTFIN.BO,SMARTFIN,,539494,Smart Finsec Limited,BSE,India,INE766D01020,,
SMARTLINK.NS,SMARTLINK,SMARTLINK,532419,Smartlink Holdings Limited,NSE,India,INE178C01020,,
SMARTWORKS.NS,SMARTWORKS,SMARTWORKS,544447,Smartworks Coworking Spaces Limited,NSE,India,INE0NAZ01010,,
SMAUTO.BO,SMAUTO,,543065,SM Auto Stamping Limited,BSE,India,INE0C4I01011,,
SMCGLOBAL.NS,SMCGLOBAL,SMCGLOBAL,543263,SMC Global Securities Limited,NSE,India,INE103C01036,,
SMEL.BO,SMEL,,541799,Sungold Media and Entertainmen,BSE,India,INE266S01011,,
SMFIL.BO,SMFIL,,513418,SMITHS & FOUNDERS (INDIA) LIMI,BSE,India,INE728B01032,,
SMGOLD.BO,SMGOLD,,542034,S. M. Gold Limited,BSE,India,INE00Q901014,,
SMLMAH.NS,SMLMAH,SMLMAH,505192,SML Mahindra Limited,NSE,India,INE294B01019,,
SMLT.NS,SMLT,SMLT,540393,Sarthak Metals Limited,NSE,India,INE017W01010,,
SMR.BO,SMR,,544774,SMR Jewels Limited,BSE,India,INE11XK01017,,
SMRUTHIORG.BO,SMRUTHIORG,,540686,Smruthi Organics Limited,BSE,India,INE172E01011,,
SMSPHARMA.NS,SMSPHARMA,SMSPHARMA,532815,SMS Pharmaceuticals Limited,NSE,India,INE812G01025,,
SMTEL.BO,SMTEL,,538563,SMT ENGINEERING LIMITED,BSE,India,INE673E01018,,
SMVD.NS,SMVD,,,SMVD Poly Pack Limited,NSE,India,INE702Y01013,,
SNEHAA.NS,SNEHAA,,,Snehaa Organics Limited,NSE,India,INE1OIC01018,,
SNIM.BO,SNIM,,539911,Svarnim Trade Udyog Limited,BSE,India,INE730R01042,,
SNL.BO,SNL,,505827,SNL BEARINGS LTD.,BSE,India,INE568F01017,,
SNOWMAN.NS,SNOWMAN,SNOWMAN,538635,Snowman Logistics Limited,NSE,India,INE734N01019,,
SOBHA.NS,SOBHA,SOBHA,532784,Sobha Limited,NSE,India,INE671H01015,Realty,
SOBME.BO,SOBME,,512014,SOBHAGYA MERCHANTILE LTD.,BSE,India,INE754D01018,,
SOCL.NS,SOCL,,,Sundrex Oil Company Limited,NSE,India,INE0CTB01014,,
SODHACAP.BO,SODHACAP,,544560,SODHANI CAPITAL LIMITED,BSE,India,INE0QU501030,,
SOFCOM.BO,SOFCOM,,538923,SOFCOM SYSTEMS LIMITED,BSE,India,INE499Q01012,,
SOFTRAKV.BO,SOFTRAKV,,531529,SOFTRAK VENTURE INVESTMENT LTD,BSE,India,INE562E01021,,
SOFTTECH.NS,SOFTTECH,SOFTTECH,543470,Softtech Engineers Limited,NSE,India,INE728Z01015,,
SOLARA.NS,SOLARA,SOLARA,541540,Solara Active Pharma Sciences Limited,NSE,India,INE624Z01016,,
SOLARINDS.NS,SOLARINDS,SOLARINDS,532725,Solar Industries India Limited,NSE,India,INE343H01029,Chemicals,
SOLARIUM.BO,SOLARIUM,,544354,SOLARIUM GREEN ENERGY LIMITED,BSE,India,INE0W0H01017,,
SOLARWORLD.NS,SOLARWORLD,SOLARWORLD,544532,Solarworld Energy Solutions Limited,NSE,India,INE0TY101024,,
SOLEX.NS,SOLEX,SOLEX,544862,Solex Energy Limited,NSE,India,INE880Y01017,,
SOLIDSTON.BO,SOLIDSTON,,513699,SOLID STONE COMPANY LTD.,BSE,India,INE584G01012,,
SOLIMAC.BO,SOLIMAC,,522152,SOLITAIRE MACHINE TOOLS LTD.,BSE,India,INE410A01013,,
SOLVEX.BO,SOLVEX,,544539,Solvex Edibles Limited,BSE,India,INE1IIQ01028,,
SOMANYCERA.NS,SOMANYCERA,SOMANYCERA,531548,Somany Ceramics Limited,NSE,India,INE355A01028,,
SOMATEX.NS,SOMATEX,SOMATEX,521034,Soma Textiles & Industries Limited,NSE,India,INE314C01013,,
SOMICONVEY.NS,SOMICONVEY,SOMICONVEY,533001,Somi Conveyor Beltings Limited,NSE,India,INE323J01019,,
SONA.NS,SONA,SONA,544938,Sonaselection India Limited,NSE,India,INE0LLZ01011,,
SONACOMS.NS,SONACOMS,SONACOMS,543300,Sona BLW Precision Forgings Limited,NSE,India,INE073K01018,Automobile and Auto Components,
SONAL.NS,SONAL,SONAL,538943,Sonal Mercantile Limited,NSE,India,INE321M01017,,
SONALAD.BO,SONALAD,,526901,SONAL ADHESIVES LTD.,BSE,India,INE344I01017,,
SONALIS.BO,SONALIS,,543924,Sonalis Consumer Products Limi,BSE,India,INE0N5O01013,,
SONAMAC.NS,SONAMAC,,,Sona Machinery Limited,NSE,India,INE0Q6H01012,,
SONAMLTD.NS,SONAMLTD,,,SONAM LIMITED,NSE,India,INE00LM01029,,
SONATSOFTW.NS,SONATSOFTW,SONATSOFTW,532221,Sonata Software Limited,NSE,India,INE269A01021,,
SONUINFRA.NS,SONUINFRA,,,Sonu Infratech Limited,NSE,India,INE0JZA01018,,
SOTAC.NS,SOTAC,,,Sotac Pharmaceuticals Limited,NSE,India,INE0O2D01012,,
SOTEFIN.BO,SOTEFIN,,544832,Sotefin Bharat Limited,BSE,India,INE12Z301012,,
SOTL.NS,SOTL,SOTL,524667,Savita Oil Technologies Limited,NSE,India,INE035D01020,,
SOURCEIND.BO,SOURCEIND,,521036,SOURCE INDUSTRIES (INDIA) LTD.,BSE,India,INE695C01015,,
SOURCENTRL.BO,SOURCENTRL,,531398,SOURCE NATURAL FOODS & HERBAL,BSE,India,INE679C01027,,
SOUTHBANK.NS,SOUTHBANK,SOUTHBANK,532218,The South Indian Bank Limited,NSE,India,INE683A01023,,
SOUTHERNIN.BO,SOUTHERNIN,,540174,SOUTHERN INFOCONSULTANTS LIMIT,BSE,India,INE298B01010,,
SOUTHMG.BO,SOUTHMG,,513498,SOUTHERN MAGNESIUM & CHEMICALS,BSE,India,INE308N01012,,
SOUTHWEST.NS,SOUTHWEST,SOUTHWEST,543986,South West Pinnacle Exploration Limited,NSE,India,INE980Y01015,,
SOUTLAT.BO,SOUTLAT,,514454,SOUTHERN LATEX LTD.,BSE,India,INE410M01018,,
SOVERDIA.BO,SOVERDIA,,523826,SOVEREIGN DIAMONDS LTD.,BSE,India,INE959D01013,,
SPACAPS.BO,SPACAPS,,542376,SPA Capital Services Limited,BSE,India,INE726X01014,,
SPACEINCUBA.BO,SPACEINCUBA,,541890,Space Incubatrics Technologies,BSE,India,INE797Z01028,,
SPAL.NS,SPAL,SPAL,540048,S. P. Apparels Limited,NSE,India,INE212I01016,,
SPANDANA.NS,SPANDANA,SPANDANA,542759,Spandana Sphoorty Financial Limited,NSE,India,INE572J01011,,
SPAR.BO,SPAR,,531370,SPARC ELECTREX LIMITED,BSE,India,INE960B01015,,
SPARC.NS,SPARC,SPARC,532872,Sun Pharma Advanced Research Company Limited,NSE,India,INE232I01014,,
SPARKLEGR.BO,SPARKLEGR,,530037,SPARKLE GOLD ROCK LIMITED,BSE,India,INE618F01010,,
SPCAPIT.BO,SPCAPIT,,530289,SP CAPITAL FINANCING LTD.,BSE,India,INE102F01015,,
SPCENET.NS,SPCENET,,,Spacenet Enterprises India Limited,NSE,India,INE970N01027,,
SPCL.NS,SPCL,,,Shivalic Power Control Limited,NSE,India,INE0T7B01010,,
SPCON.NS,SPCON,,,Srinibas Pradhan Constructions Limited,NSE,India,INE0TPJ01019,,
SPEB.NS,SPEB,,,Speb Adhesives Limited,NSE,India,INE1CW901027,,
SPECFOOD.BO,SPECFOOD,,531982,SPECTRUM FOODS LTD.,BSE,India,INE547C01018,,
SPECIALITY.NS,SPECIALITY,SPECIALITY,534425,Speciality Restaurants Limited,NSE,India,INE247M01014,,
SPECTRA.BO,SPECTRA,,513687,SPECTRA INDUSTRIES LTD.,BSE,India,INE848B01012,,
SPECTRAA.NS,SPECTRAA,,,SpectraA Technology Solutions Limited,NSE,India,INE0GAN01010,,
SPECTRUM.NS,SPECTRUM,SPECTRUM,544386,Spectrum Electrical Industries Limited,NSE,India,INE01EO01010,,
SPECTSTM.NS,SPECTSTM,,,Spectrum Talent Management Limited,NSE,India,INE0OL001018,,
SPEEDEX.BO,SPEEDEX,,544925,MAHARAJA & SPEEDEX INDIA LIMIT,BSE,India,INE0SVD01012,,
SPELS.BO,SPELS,,517166,SPEL SEMICONDUCTOR LTD.,BSE,India,INE252A01019,,
SPENCERS.NS,SPENCERS,SPENCERS,542337,Spencer's Retail Limited,NSE,India,INE020801028,,
SPENTA.BO,SPENTA,,526161,SPENTA INTERNATIONAL LTD.,BSE,India,INE175C01018,,
SPIC.NS,SPIC,SPIC,590030,Southern Petrochemicals Industries Corporation  Limited,NSE,India,INE147A01011,,
SPICEISLIN.BO,SPICEISLIN,,526827,SPICE ISLANDS INDUSTRIES LIMIT,BSE,India,INE882D01025,,
SPICEJET.BO,SPICEJET,,500285,SPICEJET LTD.,BSE,India,INE285B01017,,
SPICELOUNG.BO,SPICELOUNG,,539895,SPICE LOUNGE FOOD WORKS LIMITE,BSE,India,INE631E01024,,
SPINAROO.BO,SPINAROO,,544392,SPINAROO COMMERCIAL LIMITED,BSE,India,INE10XX01012,,
SPITZE.BO,SPITZE,,543464,Maruti Interior Products Limit,BSE,India,INE0JSJ01014,,
SPL.BO,SPL,,544035,Swashthik Plascon Limited,BSE,India,INE0RDR01012,,
SPLIL.NS,SPLIL,SPLIL,532651,SPL Industries Limited,NSE,India,INE978G01016,,
SPLPETRO.NS,SPLPETRO,SPLPETRO,500405,Supreme Petrochem Limited,NSE,India,INE663A01033,,
SPML.BO,SPML,,544738,SPECIALITY MEDICINES LIMITED,BSE,India,INE0R0M01014,,
SPMLINFRA.NS,SPMLINFRA,SPMLINFRA,500402,SPML Infra Limited,NSE,India,INE937A01023,,
SPORTKING.NS,SPORTKING,SPORTKING,539221,Sportking India Limited,NSE,India,INE885H01029,,
SPPPOLY.NS,SPPPOLY,,,SPP Polymer Limited,NSE,India,INE0QR801013,,
SPRAYKING.BO,SPRAYKING,,540079,Sprayking Limited,BSE,India,INE537U01037,,
SPRIGHT.BO,SPRIGHT,,531205,SPRIGHT AGRO LIMITED,BSE,India,INE179O01031,,
SPRL.NS,SPRL,,,Sp Refractories Limited,NSE,India,INE0JW501011,,
SPSL.BO,SPSL,,533110,SHREE PRECOATED STEELS LTD.,BSE,India,INE318K01025,,
SPTRSHI.BO,SPTRSHI,,519238,SAPTARISHI AGRO INDUSTRIES LTD,BSE,India,INE233P01017,,
SPUNWEB.NS,SPUNWEB,,,Spunweb Nonwoven Limited,NSE,India,INE19QH01010,,
SRAMSET.BO,SRAMSET,,531359,SHRIRAM ASSET MANAGEMENT CO.LT,BSE,India,INE777G01012,,
SRD.NS,SRD,SRD,542232,Shankar Lal Rampal Dye-Chem Limited,NSE,India,INE01NE01012,,
SRECR.BO,SRECR,,514248,SREECHEM RESINS LTD.,BSE,India,INE377C01010,,
SREEL.NS,SREEL,SREEL,535601,Sreeleathers Limited,NSE,India,INE099F01013,,
SRESTHA.BO,SRESTHA,,539217,Srestha Finvest Limited,BSE,India,INE606K01049,,
SRF.NS,SRF,SRF,503806,SRF Limited,NSE,India,INE647A01010,Chemicals,
SRGHFL.NS,SRGHFL,SRGHFL,534680,SRG Housing Finance Limited,NSE,India,INE559N01010,,
SRHHYPOLTD.NS,SRHHYPOLTD,SRHHYPOLTD,532842,Sree Rayalaseema Hi-Strength Hypo Limited,NSE,India,INE917H01012,,
SRICC.BO,SRICC,,518053,Sri Chakra Cement Limited,BSE,India,INE827D01020,,
SRIGEE.BO,SRIGEE,,544399,SRIGEE DLM LIMITED,BSE,India,INE0RJ901010,,
SRIKPRIND.NS,SRIKPRIND,SRIKPRIND,514442,Sri KPR Industries Limited,NSE,India,INE009C01019,,
SRINACHA.BO,SRINACHA,,521234,SRI NACHAMMAI COTTON MILLS LTD,BSE,India,INE443E01016,,
SRIT.NS,SRIT,SRIT,544965,SRIT India Limited,NSE,India,INE307K01028,,
SRIVASAVI.NS,SRIVASAVI,,,Srivasavi Adhesive Tapes Limited,NSE,India,INE0NPI01014,,
SRM.NS,SRM,SRM,544158,SRM Contractors Limited,NSE,India,INE0R6Z01013,,
SRMCL.BO,SRMCL,,521178,SRI RAMAKRISHNA MILLS (COIMBAT,BSE,India,INE306D01017,,
SRMENERGY.BO,SRMENERGY,,523222,SRM ENERGY LTD.,BSE,India,INE173J01018,,
SRSOLTD.BO,SRSOLTD,,543615,SILICON RENTAL SOLUTIONS LIMIT,BSE,India,INE0MNV01014,,
SRTL.NS,SRTL,SRTL,544716,Shree Ram Twistex Limited,NSE,India,INE19GK01015,,
SRUSTEELS.BO,SRUSTEELS,,540914,SRU Steels Limited,BSE,India,INE425C01017,,
SSDL.NS,SSDL,SSDL,544230,Saraswati Saree Depot Limited,NSE,India,INE0PQ101010,,
SSEGL.NS,SSEGL,,,Sathlokhar Synergys E&C Global Limited,NSE,India,INE0RFP01011,,
SSFL.NS,SSFL,,,Srivari Spices And Foods Limited,NSE,India,INE0ON201012,,
SSL.BO,SSL,,544251,Share Samadhan Limited,BSE,India,INE0LY301010,,
SSMD.BO,SSMD,,544621,SSMD AGROTECH INDIA LIMITED,BSE,India,INE1U2R01013,,
SSPDL.BO,SSPDL,,530821,SSPDL LTD.,BSE,India,INE838C01011,,
SSPNFIN.BO,SSPNFIN,,539026,SSPN Finance Limited,BSE,India,INE820R01017,,
SSPRL.BO,SSPRL,,544840,SILVERSTORM PARKS AND RESORTS,BSE,India,INE1EJ401023,,
SSRETAIL.NS,SSRETAIL,SSRETAIL,544934,SS Retail Limited,NSE,India,INE1EQW01028,,
SSTL.BO,SSTL,,543461,Safa Systems & Technologies Li,BSE,India,INE0JNA01014,,
SSWL.NS,SSWL,SSWL,513262,Steel Strips Wheels Limited,NSE,India,INE802C01033,,
SSWRL.BO,SSWRL,,513488,SHREE STEEL WIRE ROPES LTD.,BSE,India,INE387D01025,,
STAL.BO,STAL,,544171,Storage Technologies and Autom,BSE,India,INE0RGM01016,,
STALLION.NS,STALLION,STALLION,544342,Stallion India Fluorochemicals Limited,NSE,India,INE0RYC01010,,
STANBIK.BO,STANBIK,,544659,STANBIK AGRO LIMITED,BSE,India,INE16QA01011,,
STANCAP.BO,STANCAP,,511700,STANDARD CAPITAL MARKETS LTD.,BSE,India,INE625D01028,,
STANLEY.NS,STANLEY,STANLEY,544202,Stanley Lifestyles Limited,NSE,India,INE01A001028,,
STANPACK.BO,STANPACK,,530931,STANPACKS (INDIA) LTD.,BSE,India,INE457D01018,,
STANROS.BO,STANROS,,506105,STANROSE MAFATLAL INVESTMENTS,BSE,India,INE441L01015,,
STAR.NS,STAR,STAR,532531,Strides Pharma Science Limited,NSE,India,INE939A01011,,
STARBEAM.BO,STARBEAM,,539175,STARBEAM VENTURES LIMITED,BSE,India,INE924N01024,,
STARCEMENT.NS,STARCEMENT,STARCEMENT,540575,Star Cement Limited,NSE,India,INE460H01021,,
STARCOM.BO,STARCOM,,531616,STARCOM INFORMATION TECHNOLOGY,BSE,India,INE347I01010,,
STARDELTA.BO,STARDELTA,,539255,STAR DELTA TRANSFORMERS LIMITE,BSE,India,INE541K01014,,
STARHEALTH.NS,STARHEALTH,STARHEALTH,543412,Star Health and Allied Insurance Company Limited,NSE,India,INE575P01011,Financial Services,
STARHFL.BO,STARHFL,,539017,STAR HOUSING FINANCE LIMITED,BSE,India,INE526R01028,,
STARIMAGIN.BO,STARIMAGIN,,544482,STAR IMAGING AND PATH LAB LIMI,BSE,India,INE0YG001013,,
STARLENT.BO,STARLENT,,540492,STARLINEPS ENTERPRISES LIMITED,BSE,India,INE594W01042,,
STARLOG.BO,STARLOG,,520155,Starlog Enterprises Limited,BSE,India,INE580C01019,,
STARPAPER.NS,STARPAPER,STARPAPER,516022,Star Paper Mills Limited,NSE,India,INE733A01018,,
STARSOURCE.BO,STARSOURCE,,506365,STARSOURCE MULTITRADE LIMITED,BSE,India,INE320M01019,,
STARTECK.NS,STARTECK,STARTECK,512381,Starteck Finance Limited,NSE,India,INE992I01013,,
STCINDIA.NS,STCINDIA,STCINDIA,512531,The State Trading Corporation of India Limited,NSE,India,INE655A01013,,
STCORP.BO,STCORP,,514197,S&T CORPORATION LTD.,BSE,India,INE110Q01023,,
STDBAT.BO,STDBAT,,504180,STANDARD BATTERIES LTD.,BSE,India,INE502C01039,,
STDSFAC.BO,STDSFAC,,526231,STANDARD SURFACTANTS LTD.,BSE,India,INE307D01015,,
STEAMHOUSE.NS,STEAMHOUSE,STEAMHOUSE,544914,Steamhouse India Limited,NSE,India,INE0FRO01022,,
STEELCAS.NS,STEELCAS,STEELCAS,513517,Steelcast Limited,NSE,India,INE124E01038,,
STEELCITY.NS,STEELCITY,,,Steel City Securities Limited,NSE,India,INE395H01011,,
STEELCO.BO,STEELCO,,500399,STEELCO GUJARAT LTD.,BSE,India,INE629B01032,,
STEELXIND.NS,STEELXIND,STEELXIND,534748,STEEL EXCHANGE INDIA LIMITED,NSE,India,INE503B01021,,
STEL.NS,STEL,STEL,533316,Stel Holdings Limited,NSE,India,INE577L01016,,
STELLANT.BO,STELLANT,,526071,STELLANT SECURITIES (INDIA) LT,BSE,India,INE395F01023,,
STELLAR.BO,STELLAR,,536738,STELLAR CAPITAL SERVICES LTD,BSE,India,INE325P01011,,
STEP2COR.BO,STEP2COR,,531509,STEP TWO CORPORATION LTD.,BSE,India,INE623D01015,,
STERPOW.BO,STERPOW,,513575,STERLING POWERGENSYS LTD,BSE,India,INE067E01013,,
STERTOOLS.NS,STERTOOLS,STERTOOLS,530759,Sterling Tools Limited,NSE,India,INE334A01023,,
STHINPA.BO,STHINPA,,516108,SOUTH INDIA PAPER MILLS LTD.,BSE,India,INE088G01014,,
STL.BO,STL,,540738,Shreeji Translogistics Limited,BSE,India,INE402Y01028,,
STLNETWORK.NS,STLNETWORK,STLNETWORK,544395,STL Networks Limited,NSE,India,INE1VXE01018,,
STLSTRINF.NS,STLSTRINF,STLSTRINF,513173,Steel Strips Infrastructures Limited,NSE,India,INE205F01016,,
STLTECH.NS,STLTECH,STLTECH,532374,Sterlite Technologies Limited,NSE,India,INE089C01029,Telecommunication,
STML.BO,STML,,543622,STEELMAN TELECOM LIMITED,BSE,India,INE0MSK01016,,
STOVACQ.BO,STOVACQ,,504959,STOVEC INDUSTRIES LTD.,BSE,India,INE755D01015,,
STOVEKRAFT.NS,STOVEKRAFT,STOVEKRAFT,543260,Stove Kraft Limited,NSE,India,INE00IN01015,,
STRATMONT.BO,STRATMONT,,530495,STRATMONT INDUSTRIES LIMITED,BSE,India,INE473C01025,,
STRGRENWO.BO,STRGRENWO,,526500,STERLING GREEN WOODS LTD.,BSE,India,INE398F01019,,
STRIDERS.NS,STRIDERS,,,Striders Impex Limited,NSE,India,INE1XWN01017,,
STUDDS.NS,STUDDS,STUDDS,544599,Studds Accessories Limited,NSE,India,INE00Q601028,,
STUDIOLSD.NS,STUDIOLSD,,,Studio LSD Limited,NSE,India,INE17VO01028,,
STURDY.BO,STURDY,,530611,STURDY INDUSTRIES LTD.,BSE,India,INE134F01026,,
STYL.NS,STYL,STYL,544533,Seshaasai Technologies Limited,NSE,India,INE04VU01023,,
STYLAMIND.NS,STYLAMIND,STYLAMIND,526951,Stylam Industries Limited,NSE,India,INE239C01020,,
STYLEBAAZA.NS,STYLEBAAZA,STYLEBAAZA,544243,Baazar Style Retail Limited,NSE,India,INE01FR01028,,
STYRENIX.NS,STYRENIX,STYRENIX,506222,Styrenix Performance Materials Limited,NSE,India,INE189B01011,,
SUBAHOTELS.NS,SUBAHOTELS,,,Suba Hotels Limited,NSE,India,INE0RYR01018,,
SUBAM.BO,SUBAM,,544267,SUBAM PAPERS LIMITED,BSE,India,INE0U6201010,,
SUBEXLTD.NS,SUBEXLTD,SUBEXLTD,532348,Subex Limited,NSE,India,INE754A01055,,
SUBROS.NS,SUBROS,SUBROS,517168,Subros Limited,NSE,India,INE287B01021,,
SUBSM.BO,SUBSM,,530231,SUBHASH SILK MILLS LTD.,BSE,India,INE690D01014,,
SUCROSA.BO,SUCROSA,,530883,SUPER CROP SAFE LTD.,BSE,India,INE366G01022,,
SUDAI.BO,SUDAI,,506003,SUDAL INDUSTRIES LTD.,BSE,India,INE618D01015,,
SUDARCOLOR.NS,SUDARCOLOR,SUDARCOLOR,506390,Sudarshan Colorants India Limited,NSE,India,INE492A01029,,
SUDARSCHEM.NS,SUDARSCHEM,SUDARSCHEM,506655,Sudarshan Chemical Industries Limited,NSE,India,INE659A01023,,
SUDARSHAN.BO,SUDARSHAN,,543828,SUDARSHAN PHARMA INDUSTRIES LI,BSE,India,INE00TV01023,,
SUDEEPPHRM.NS,SUDEEPPHRM,SUDEEPPHRM,544619,Sudeep Pharma Limited,NSE,India,INE0QPI01025,,
SUDTIND-B.BO,SUDTIND-B,,521113,SUDITI INDUSTRIES LTD.,BSE,India,INE691D01012,,
SUGALDAM.BO,SUGALDAM,,511654,SUGAL & DAMANI SHARE BROKERS L,BSE,India,INE309D01011,,
SUGSLLOYD.BO,SUGSLLOYD,,544501,SUGS LLOYD LIMITED,BSE,India,INE0XX801016,,
SUJALA.BO,SUJALA,,539117,Sujala Trading & Holding Ltd.,BSE,India,INE029H01016,,
SUKHJITS.NS,SUKHJITS,SUKHJITS,524542,Sukhjit Starch & Chemicals Limited,NSE,India,INE450E01029,,
SULA.NS,SULA,SULA,543711,Sula Vineyards Limited,NSE,India,INE142Q01026,,
SULABEN.BO,SULABEN,,508969,SULABH ENGINEERS & SERVICES LT,BSE,India,INE673M01029,,
SUMAX.NS,SUMAX,,,Sumax Engineering Limited,NSE,India,INE11Z001019,,
SUMEDHA.NS,SUMEDHA,SUMEDHA,530419,Sumedha Fiscal Services Limited,NSE,India,INE886B01012,,
SUMEETINDS.NS,SUMEETINDS,SUMEETINDS,514211,Sumeet Industries Limited,NSE,India,INE235C01036,,
SUMERUIND.BO,SUMERUIND,,530445,SUMERU INDUSTRIES LTD.,BSE,India,INE764B01029,,
SUMICHEM.NS,SUMICHEM,SUMICHEM,542920,Sumitomo Chemical India Limited,NSE,India,INE258G01013,Chemicals,
SUMIT.NS,SUMIT,,,Sumit Woods Limited,NSE,India,INE748Z01013,,
SUMMITSEC.NS,SUMMITSEC,SUMMITSEC,533306,Summit Securities Limited,NSE,India,INE519C01017,,
SUNCITYSY.BO,SUNCITYSY,,530795,SUNCITY SYNTHETICS LTD.,BSE,India,INE584D01019,,
SUNCLAY.NS,SUNCLAY,SUNCLAY,544066,Sundaram Clayton Limited,NSE,India,INE0Q3R01026,,
SUNDARAM.NS,SUNDARAM,SUNDARAM,533166,Sundaram Multi Pap Limited,NSE,India,INE108E01023,,
SUNDARMFIN.NS,SUNDARMFIN,SUNDARMFIN,590071,Sundaram Finance Limited,NSE,India,INE660A01013,Financial Services,
SUNDRMBRAK.NS,SUNDRMBRAK,SUNDRMBRAK,590072,Sundaram Brake Linings Limited,NSE,India,INE073D01013,,
SUNDRMFAST.NS,SUNDRMFAST,SUNDRMFAST,500403,Sundram Fasteners Limited,NSE,India,INE387A01021,,
SUNDROP.NS,SUNDROP,SUNDROP,500215,Sundrop Brands Limited,NSE,India,INE209A01019,,
SUNFLAG.NS,SUNFLAG,SUNFLAG,500404,Sunflag Iron And Steel Company Limited,NSE,India,INE947A01014,,
SUNGOLD.BO,SUNGOLD,,531433,SUNGOLD CAPITAL LTD.,BSE,India,INE271D01013,,
SUNILAGR.BO,SUNILAGR,,530953,SUNIL AGRO FOODS LTD.,BSE,India,INE224D01012,,
SUNILTX.BO,SUNILTX,,521232,SUNIL INDUSTRIES LTD.,BSE,India,INE124M01015,,
SUNITATOOL.BO,SUNITATOOL,,544001,Sunita Tools Limited,BSE,India,INE0Q1S01010,,
SUNLITE.NS,SUNLITE,,,Sunlite Recycling Industries Limited,NSE,India,INE0U2N01013,,
SUNLOC.NS,SUNLOC,SUNLOC,537253,Sunil Healthcare Limited,NSE,India,INE671C01016,,
SUNPHARMA.NS,SUNPHARMA,SUNPHARMA,524715,Sun Pharmaceutical Industries Limited,NSE,India,INE044A01036,Healthcare,Y
SUNRAJDI.BO,SUNRAJDI,,523425,SUNRAJ DIAMOND EXPORTS LTD.,BSE,India,INE459D01014,,
SUNRAKSHAK.NS,SUNRAKSHAK,SUNRAKSHAK,539300,Sunrakshakk Industries India Limited,NSE,India,INE671K01027,,
SUNREST.NS,SUNREST,,,Sunrest Lifescience Limited,NSE,India,INE0PLZ01012,,
SUNRETAIL.BO,SUNRETAIL,,542025,Sun Retail Limited,BSE,India,INE206Z01020,,
SUNSHIEL.NS,SUNSHIEL,SUNSHIEL,530845,Sunshield Chemicals Limited,NSE,India,INE199E01014,,
SUNSHINE.NS,SUNSHINE,SUNSHINE,544881,Sunshine Pictures Limited,NSE,India,INE1B3O01011,,
SUNSKY.BO,SUNSKY,,544566,Sunsky Logistics Limited,BSE,India,INE10CM01027,,
SUNTECH.NS,SUNTECH,,,Suntech Infra Solutions Limited,NSE,India,INE0SGZ01016,,
SUNTECK.NS,SUNTECK,SUNTECK,512179,Sunteck Realty Limited,NSE,India,INE805D01034,,
SUNTV.NS,SUNTV,SUNTV,532733,Sun TV Network Limited,NSE,India,INE424H01027,Media Entertainment & Publication,
SUPER.BO,SUPER,,512527,SUPER SALES INDIA LTD.,BSE,India,INE091C01017,,
SUPERBAK.BO,SUPERBAK,,530735,SUPER BAKERS (INDIA) LTD.,BSE,India,INE897A01011,,
SUPERHOUSE.NS,SUPERHOUSE,SUPERHOUSE,523283,Superhouse Limited,NSE,India,INE712B01010,,
SUPERIOR.BO,SUPERIOR,,539835,Superior Finlease Limited,BSE,India,INE574R01028,,
SUPERIRON.BO,SUPERIRON,,544381,Super Iron Foundry Limited,BSE,India,INE16IQ01014,,
SUPERSHAKT.BO,SUPERSHAKT,,541701,Supershakti Metaliks Limited,BSE,India,INE00SY01011,,
SUPERSPIN.NS,SUPERSPIN,SUPERSPIN,521180,Super Spinning Mills Limited,NSE,India,INE662A01027,,
SUPERTEX.BO,SUPERTEX,,526133,SUPERTEX INDUSTRIES LTD.,BSE,India,INE881B01054,,
SUPHA.BO,SUPHA,,539561,SUPHA PHARMACHEM LIMITED,BSE,India,INE549S01036,,
SUPRAJIT.NS,SUPRAJIT,SUPRAJIT,532509,Suprajit Engineering Limited,NSE,India,INE399C01030,,
SUPRAPFSL.BO,SUPRAPFSL,,540168,Supra Pacific Financial Servic,BSE,India,INE268T01015,,
SUPRATRE.BO,SUPRATRE,,511539,Supra Trends Limited,BSE,India,INE533B01028,,
SUPREME.NS,SUPREME,SUPREME,530677,Supreme Holdings & Hospitality (India) Limited,NSE,India,INE822E01011,,
SUPREMEENG.NS,SUPREMEENG,,,Supreme Engineering Limited,NSE,India,INE319Z01021,,
SUPREMEIND.NS,SUPREMEIND,SUPREMEIND,509930,Supreme Industries Limited,NSE,India,INE195A01028,Capital Goods,
SUPREMEINF.NS,SUPREMEINF,SUPREMEINF,532904,Supreme Infrastructure India Limited,NSE,India,INE550H01011,,
SUPREMEPWR.NS,SUPREMEPWR,,,Supreme Power Equipment Limited,NSE,India,INE0QHG01026,,
SUPRIYA.NS,SUPRIYA,SUPRIYA,543434,Supriya Lifescience Limited,NSE,India,INE07RO01027,,
SUPTANERY.NS,SUPTANERY,SUPTANERY,523842,Super Tannery Limited,NSE,India,INE460D01038,,
SURAJ.BO,SURAJ,,518075,SURAJ PRODUCTS LTD.,BSE,India,INE069E01019,,
SURAJEST.NS,SURAJEST,SURAJEST,544054,Suraj Estate Developers Limited,NSE,India,INE843S01025,,
SURAJLTD.NS,SURAJLTD,SURAJLTD,531638,Suraj Limited,NSE,India,INE713C01016,,
SURAKSHA.NS,SURAKSHA,SURAKSHA,544293,Suraksha Diagnostic Limited,NSE,India,INE877V01027,,
SURANASOL.NS,SURANASOL,SURANASOL,533298,Surana Solar Limited,NSE,India,INE272L01022,,
SURANAT&P.NS,SURANAT&P,SURANAT&P,517530,Surana Telecom and Power Limited,NSE,India,INE130B01031,,
SURANI.NS,SURANI,,,Surani Steel Tubes Limited,NSE,India,INE01ZJ01015,,
SURATRAML.BO,SURATRAML,,530185,Surat Trade and Mercantile Lim,BSE,India,INE936A01025,,
SURBHIN.BO,SURBHIN,,514260,SURBHI INDUSTRIES LTD.,BSE,India,INE899E01019,,
SURFI.BO,SURFI,,519604,SURYO FOODS & INDUSTRIES LTD.,BSE,India,INE565E01016,,
SURJIND.BO,SURJIND,,526211,SURAJ INDUSTRIES LTD.,BSE,India,INE170U01011,,
SURYAAMBA.BO,SURYAAMBA,,533101,SURYAAMBA SPINNING MILLS LTD.,BSE,India,INE360J01011,,
SURYALA.NS,SURYALA,SURYALA,514138,Suryalata Spinning Mills Limited,NSE,India,INE132C01027,,
SURYALAXMI.NS,SURYALAXMI,SURYALAXMI,521200,Suryalakshmi Cotton Mills Limited,NSE,India,INE713B01026,,
SURYAROSNI.NS,SURYAROSNI,SURYAROSNI,500336,Surya Roshni Limited,NSE,India,INE335A01020,,
SURYODAY.NS,SURYODAY,SURYODAY,543279,Suryoday Small Finance Bank Limited,NSE,India,INE428Q01011,,
SURYVANSP.BO,SURYVANSP,,514140,SURYAVANSHI SPINNING MILLS LTD,BSE,India,INE431C01023,,
SUSAN.BO,SUSAN,,544793,Susan Electricals India Limite,BSE,India,INE2L0V01019,,
SUTLEJTEX.NS,SUTLEJTEX,SUTLEJTEX,532782,Sutlej Textiles and Industries Limited,NSE,India,INE645H01027,,
SUVEN.NS,SUVEN,SUVEN,530239,Suven Life Sciences Limited,NSE,India,INE495B01038,,
SUVIDHAA.NS,SUVIDHAA,SUVIDHAA,543281,Suvidhaa Infoserve Limited,NSE,India,INE018401013,,
SUYOG.NS,SUYOG,SUYOG,537259,Suyog Telematics Limited,NSE,India,INE442P01014,,
SUZLON.NS,SUZLON,SUZLON,532667,Suzlon Energy Limited,NSE,India,INE040H01021,Capital Goods,
SVAMSOF.BO,SVAMSOF,,523722,SVAM SOFTWARE LTD.,BSE,India,INE119B01018,,
SVARTCORP.BO,SVARTCORP,,512257,SWASTI VINAYAKA ART AND HERITA,BSE,India,INE895A01023,,
SVCIND.BO,SVCIND,,524488,SVC INDUSTRIES LIMITED,BSE,India,INE038B01010,,
SVGLOBAL.NS,SVGLOBAL,SVGLOBAL,535621,S V Global Mill Limited,NSE,India,INE159L01013,,
SVJ.BO,SVJ,,543799,S. V. J. Enterprises Limited,BSE,India,INE0JZS01010,,
SVLL.NS,SVLL,,,Shree Vasu Logistics Limited,NSE,India,INE00CE01017,,
SVPGLOB.NS,SVPGLOB,SVPGLOB,505590,SVP GLOBAL TEXTILES LIMITED,NSE,India,INE308E01029,,
SVRL.BO,SVRL,,543373,Shri Venkatesh Refineries Limi,BSE,India,INE0HLJ01013,,
SVS.BO,SVS,,543745,SVS VENTURES LIMITED,BSE,India,INE0MID01012,,
SW1.BO,SW1,,503659,SW INVESTMENTS LTD,BSE,India,INE948K01011,,
SWADEIN.BO,SWADEIN,,506863,SWADESHI INDUSTRIES LEASING CO,BSE,India,INE716M01034,,
SWADHATURE.BO,SWADHATURE,,531039,Swadha Nature Limited,BSE,India,INE0P4R01017,,
SWADPOL.BO,SWADPOL,,503816,SWADESHI POLYTEX LTD.,BSE,India,INE243N01029,,
SWAGTAM.BO,SWAGTAM,,539406,Swagatam Trading & Services Li,BSE,India,INE150R01019,,
SWANAGRO.BO,SWANAGRO,,544082,New Swan Multitech Limited,BSE,India,INE0GEN01012,,
SWANCORP.NS,SWANCORP,SWANCORP,503310,SWAN CORP LIMITED,NSE,India,INE665A01038,Chemicals,
SWANDEF.NS,SWANDEF,SWANDEF,533107,Swan Defence and Heavy Industries Limited,NSE,India,INE542F01020,,
SWARAJ.NS,SWARAJ,SWARAJ,544861,Swaraj Suiting Limited,NSE,India,INE0GMR01016,,
SWARAJENG.NS,SWARAJENG,SWARAJENG,500407,Swaraj Engines Limited,NSE,India,INE277A01016,,
SWARNSAR.NS,SWARNSAR,SWARNSAR,526365,Swarnsarita Jewels India Limited,NSE,India,INE967A01012,,
SWASTH.BO,SWASTH,,544368,Swasth Foodtech India Limited,BSE,India,INE0TIR01017,,
SWASTIK.NS,SWASTIK,,,Swastik Pipe Limited,NSE,India,INE0DGC01025,,
SWASTIKA.BO,SWASTIKA,,530585,SWASTIKA INVESTMART LIMITED,BSE,India,INE691C01022,,
SWASTIKAAL.BO,SWASTIKAAL,,544452,Swastika Castal Limited,BSE,India,INE0PTF01017,,
SWASTIKAIN.NS,SWASTIKAIN,SWASTIKAIN,544949,Swastika Infra Limited,NSE,India,INE1QJA01015,,
SWASTIVI.BO,SWASTIVI,,510245,SWASTI VINAYAKA SYNTHETICS LTD,BSE,India,INE804A01025,,
SWATIPRO.BO,SWATIPRO,,543914,Swati Projects Limited,BSE,India,INE210F01016,,
SWELECTES.NS,SWELECTES,SWELECTES,532051,Swelect Energy Systems Limited,NSE,India,INE409B01013,,
SWIGGY.NS,SWIGGY,SWIGGY,544285,Swiggy Limited,NSE,India,INE00H001014,Consumer Services,
SWISSMLTRY.NS,SWISSMLTRY,SWISSMLTRY,523558,Swiss Military Consumer Goods Limited,NSE,India,INE010C01025,,
SWITCHTE.BO,SWITCHTE,,517201,SWITCHING TECHNOLOGIES GUNTHER,BSE,India,INE311D01017,,
SWOJAS.BO,SWOJAS,,530217,SWOJAS FOODS LIMITED,BSE,India,INE295B01016,,
SWORDEDGE.BO,SWORDEDGE,,512359,SWORD-EDGE COMMERCIALS LIMITED,BSE,India,INE093G01022,,
SWRNASE.BO,SWRNASE,,531003,SWARNA SECURITIES LTD.,BSE,India,INE595G01018,,
SWSOLAR.NS,SWSOLAR,SWSOLAR,542760,Sterling and Wilson Renewable Energy Limited,NSE,India,INE00M201021,,
SYBLY.BO,SYBLY,,531499,SYBLY INDUSTRIES LTD.,BSE,India,INE080D01042,,
SYLPH.BO,SYLPH,,511447,Sylph Industries Limited,BSE,India,INE706F01021,,
SYLVANPLY.NS,SYLVANPLY,,,Sylvan Plyboard (India) Limited,NSE,India,INE01IH01015,,
SYMBIOTEC.NS,SYMBIOTEC,SYMBIOTEC,544889,Symbiotec Pharmalab Limited,NSE,India,INE899I01028,,
SYMBIOX.BO,SYMBIOX,,539278,Symbiox Investment & Trading C,BSE,India,INE653R01012,,
SYMPHONY.NS,SYMPHONY,SYMPHONY,517385,Symphony Limited,NSE,India,INE225D01027,,
SYNCOMF.NS,SYNCOMF,SYNCOMF,524470,Syncom Formulations (India) Limited,NSE,India,INE312C01025,,
SYNGENE.NS,SYNGENE,SYNGENE,539268,Syngene International Limited,NSE,India,INE398R01022,Healthcare,
SYNOPTICS.NS,SYNOPTICS,,,Synoptics Technologies Limited,NSE,India,INE0BTR01012,,
SYRMA.NS,SYRMA,SYRMA,543573,Syrma SGS Technology Limited,NSE,India,INE0DYJ01015,Capital Goods,
SYSCHEM.BO,SYSCHEM,,531173,SYSCHEM (INDIA) LTD.,BSE,India,INE121D01036,,
SYSTANGO.NS,SYSTANGO,,,Systango Technologies Limited,NSE,India,INE0O7R01011,,
SYSTEMATIC.BO,SYSTEMATIC,,544541,SYSTEMATIC INDUSTRIES LIMITED,BSE,India,INE1KLZ01011,,
SYSTMTXC.NS,SYSTMTXC,SYSTMTXC,526506,Systematix Corporate Services Limited,NSE,India,INE356B01024,,
SYTIXSE.BO,SYTIXSE,,531432,SYSTEMATIX SECURITIES LTD.,BSE,India,INE07P301011,,
TAALTECH.NS,TAALTECH,TAALTECH,539956,Taal Tech Limited,NSE,India,INE524T01029,,
TAC.NS,TAC,,,TAC Infosec Limited,NSE,India,INE0SOY01013,,
TACENT.BO,TACENT,,531887,Tacent Projects Limited,BSE,India,INE149D01011,,
TAHMARENT.BO,TAHMARENT,,516032,TAHMAR ENTERPRISES LIMITED,BSE,India,INE385D01029,,
TAIIND.BO,TAIIND,,519483,TAI INDUSTRIES LTD.,BSE,India,INE358D01018,,
TAINWALCHM.NS,TAINWALCHM,TAINWALCHM,507785,Tainwala Chemical and Plastic (I) Limited,NSE,India,INE123C01018,,
TAJGVK.NS,TAJGVK,TAJGVK,532390,Taj GVK Hotels & Resorts Limited,NSE,India,INE586B01026,,
TAKE.NS,TAKE,TAKE,532890,TAKE Limited,NSE,India,INE142I01023,,
TAKYON.BO,TAKYON,,544471,TAKYON NETWORKS LIMITED,BSE,India,INE14OX01013,,
TALBROAUTO.NS,TALBROAUTO,TALBROAUTO,505160,Talbros Automotive Components Limited,NSE,India,INE187D01029,,
TALBROSENG.BO,TALBROSENG,,538987,TALBROS ENGINEERING LIMITED,BSE,India,INE717E01013,,
TAMBOLIIN.NS,TAMBOLIIN,TAMBOLIIN,533170,Tamboli Industries Limited,NSE,India,INE864J01012,,
TANAA.NS,TANAA,TANAA,522229,Taneja Aerospace & Aviation Limited,NSE,India,INE692C01020,,
TANDHANIN.BO,TANDHANIN,,512062,TANDHAN INDUSTRIES LIMITED,BSE,India,INE896J01014,,
TANFACIND.BO,TANFACIND,,506854,TANFAC INDUSTRIES LTD.,BSE,India,INE639B01023,,
TANKUP.NS,TANKUP,,,Tankup Engineers Limited,NSE,India,INE0Z7N01017,,
TANLA.NS,TANLA,TANLA,532790,Tanla Platforms Limited,NSE,India,INE483C01032,,
TANVI.BO,TANVI,,540332,Tanvi Foods (India) Limited,BSE,India,INE978V01015,,
TAPARIA.BO,TAPARIA,,505685,TAPARIA TOOLS LTD.,BSE,India,INE614R01014,,
TAPIFRUIT.NS,TAPIFRUIT,,,Tapi Fruit Processing Limited,NSE,India,INE0M7001010,,
TARACHAND.NS,TARACHAND,,,Tara Chand InfraLogistic Solutions Limited,NSE,India,INE555Z01020,,
TARAI.BO,TARAI,,519285,TARAI FOODS LTD.,BSE,India,INE906C01016,,
TARAPUR.NS,TARAPUR,TARAPUR,533203,Tarapur Transformers Limited,NSE,India,INE747K01017,,
TARC.NS,TARC,TARC,543249,TARC Limited,NSE,India,INE0EK901012,,
TARIL.NS,TARIL,TARIL,532928,Transformers And Rectifiers (India) Limited,NSE,India,INE763I01026,Capital Goods,
TARINI.BO,TARINI,,538496,TARINI INTERNATIONAL LTD,BSE,India,INE849M01017,,
TARMAT.NS,TARMAT,TARMAT,532869,Tarmat Limited,NSE,India,INE924H01018,,
TARSONS.NS,TARSONS,TARSONS,543399,Tarsons Products Limited,NSE,India,INE144Z01023,,
TASTYBITE.NS,TASTYBITE,TASTYBITE,519091,Tasty Bite Eatables Limited,NSE,India,INE488B01017,,
TATACAP.NS,TATACAP,TATACAP,544574,Tata Capital Limited,NSE,India,INE976I01016,Financial Services,
TATACHEM.NS,TATACHEM,TATACHEM,500770,Tata Chemicals Limited,NSE,India,INE092A01019,Chemicals,
TATACOMM.NS,TATACOMM,TATACOMM,500483,Tata Communications Limited,NSE,India,INE151A01013,Telecommunication,
TATACONSUM.NS,TATACONSUM,TATACONSUM,500800,TATA CONSUMER PRODUCTS LIMITED,NSE,India,INE192A01025,Fast Moving Consumer Goods,Y
TATAELXSI.NS,TATAELXSI,TATAELXSI,500408,Tata Elxsi Limited,NSE,India,INE670A01012,Information Technology,
TATAINVEST.NS,TATAINVEST,TATAINVEST,501301,Tata Investment Corporation Limited,NSE,India,INE672A01026,Financial Services,
TATAPOWER.NS,TATAPOWER,TATAPOWER,500400,Tata Power Company Limited,NSE,India,INE245A01021,Power,
TATASTEEL.NS,TATASTEEL,TATASTEEL,500470,Tata Steel Limited,NSE,India,INE081A01020,Metals & Mining,Y
TATATECH.NS,TATATECH,TATATECH,544028,Tata Technologies Limited,NSE,India,INE142M01025,Information Technology,
TATIAGLOB.BO,TATIAGLOB,,521228,TATIA GLOBAL VENNTURE LTD.,BSE,India,INE083G01031,,
TATVA.NS,TATVA,TATVA,543321,Tatva Chintan Pharma Chem Limited,NSE,India,INE0GK401011,,
TAURIAN.NS,TAURIAN,,,Taurian MPS Limited,NSE,India,INE0XWS01018,,
TAVEXIA.BO,TAVEXIA,,539519,TAVEXIA LIFECARE LIMITED,BSE,India,INE280E01038,,
TBI.NS,TBI,,,TBI Corn Limited,NSE,India,INE0N2D01013,,
TBOTEK.NS,TBOTEK,TBOTEK,544174,TBO Tek Limited,NSE,India,INE673O01025,Consumer Services,
TBZ.NS,TBZ,TBZ,534369,Tribhovandas Bhimji Zaveri Limited,NSE,India,INE760L01018,,
TCC.NS,TCC,TCC,512038,TCC Concept Limited,NSE,India,INE887D01024,,
TCFCFINQ.BO,TCFCFINQ,,532284,TCFC FINANCE LTD.,BSE,India,INE389D01013,,
TCI.NS,TCI,TCI,532349,Transport Corporation of India Limited,NSE,India,INE688A01022,,
TCIEXP.NS,TCIEXP,TCIEXP,540212,TCI Express Limited,NSE,India,INE586V01016,,
TCIFINANCE.NS,TCIFINANCE,TCIFINANCE,501242,TCI Finance Limited,NSE,India,INE911B01018,,
TCIIND.BO,TCIIND,,532262,TCI INDUSTRIES LTD.,BSE,India,INE920B01019,,
TCL.NS,TCL,,,Thaai Casting Limited,NSE,India,INE0QJL01014,,
TCMLMTD.BO,TCMLMTD,,524156,TCM LTD.,BSE,India,INE034F01010,,
TCPLPACK.NS,TCPLPACK,TCPLPACK,523301,TCPL Packaging Limited,NSE,India,INE822C01015,,
TCS.NS,TCS,TCS,532540,Tata Consultancy Services Limited,NSE,India,INE467B01029,Information Technology,Y
TDPOWERSYS.NS,TDPOWERSYS,TDPOWERSYS,533553,TD Power Systems Limited,NSE,India,INE419M01035,Capital Goods,
TDSL.BO,TDSL,,540955,Tasty Dairy Specialities Limit,BSE,India,INE773Y01014,,
TEAM24.BO,TEAM24,,500458,TEAM24 CONSUMER PRODUCTS LIMIT,BSE,India,INE601A01017,,
TEAMGTY.NS,TEAMGTY,TEAMGTY,511559,Team India Guaranty Limited,NSE,India,INE289C01025,,
TEAMLEASE.NS,TEAMLEASE,TEAMLEASE,539658,Teamlease Services Limited,NSE,India,INE985S01024,,
TEAMTECH.NS,TEAMTECH,,,Teamtech Formwork Solutions Limited,NSE,India,INE2OL601013,,
TECHD.NS,TECHD,,,TechD Cybersecurity Limited,NSE,India,INE0Y5H01014,,
TECHERA.NS,TECHERA,,,TechEra Engineering (India) Limited,NSE,India,INE0JQS01019,,
TECHKGREEN.BO,TECHKGREEN,,543991,TECHKNOWGREEN SOLUTIONS LIMITE,BSE,India,INE0P4P01011,,
TECHLABS.NS,TECHLABS,,,Trident Techlabs Limited,NSE,India,INE0QD201012,,
TECHM.NS,TECHM,TECHM,532755,Tech Mahindra Limited,NSE,India,INE669C01036,Information Technology,Y
TECHNICHEM.BO,TECHNICHEM,,544327,TECHNICHEM ORGANICS LIMITED,BSE,India,INE0ZHT01012,,
TECHNOCRAF.NS,TECHNOCRAF,TECHNOCRAF,544864,Technocraft Ventures Limited,NSE,India,INE1D0W01018,,
TECHNOCRAT.BO,TECHNOCRAT,,544877,Technocrats Plasma Systems Lim,BSE,India,INE19QK01022,,
TECHNOE.NS,TECHNOE,TECHNOE,542141,Techno Electric & Engineering Company Limited,NSE,India,INE285K01026,Construction,
TECHNOPACK.BO,TECHNOPACK,,543656,Technopack Polymers Limited,BSE,India,INE0MXP01015,,
TECHNVISN.NS,TECHNVISN,TECHNVISN,501421,TechNVision Ventures Limited,NSE,India,INE314H01012,,
TECILCHEM.NS,TECILCHEM,TECILCHEM,506680,TECIL Chemicals and Hydro Power Limited,NSE,India,INE014B01011,,
TEEAI.BO,TEEAI,,524204,TEESTA AGRO INDUSTRIES LTD.,BSE,India,INE757D01011,,
TEGA.NS,TEGA,TEGA,543413,Tega Industries Limited,NSE,India,INE011K01018,Capital Goods,
TEJA.NS,TEJA,,,Teja Engineering Industries Limited,NSE,India,INE0R1301019,,
TEJASCARGO.NS,TEJASCARGO,,,Tejas Cargo India Limited,NSE,India,INE17WC01013,,
TEJASNET.NS,TEJASNET,TEJASNET,540595,Tejas Networks Limited,NSE,India,INE010J01012,Telecommunication,
TEJASSVI.BO,TEJASSVI,,531628,TEJASSVI AAHARAM LIMITED,BSE,India,INE173E01019,,
TEJNAKSH.BO,TEJNAKSH,,539428,Tejnaksh Healthcare Limited,BSE,India,INE030T01027,,
TELECANOR.BO,TELECANOR,,530595,TELECANOR GLOBAL LTD.,BSE,India,INE381G01013,,
TELGE.BO,TELGE,,544544,TELGE PROJECTS LIMITED,BSE,India,INE0SRP01014,,
TELOGICA.BO,TELOGICA,,532975,TELOGICA LIMITED,BSE,India,INE778I01024,,
TEMBO.NS,TEMBO,,,Tembo Global Industries Limited,NSE,India,INE869Y01028,,
TEMPSENS.NS,TEMPSENS,TEMPSENS,544886,Tempsens Instruments (India) Limited,NSE,India,INE1KZI01025,,
TENNIND.NS,TENNIND,TENNIND,544612,Tenneco Clean Air India Limited,NSE,India,INE19RI01016,Automobile and Auto Components,
TERAI.NS,TERAI,TERAI,530533,Terai Tea Company Limited,NSE,India,INE390D01011,,
TERASOFT.NS,TERASOFT,TERASOFT,533982,Tera Software Limited,NSE,India,INE482B01010,,
TEXELIN.BO,TEXELIN,,526638,TEXEL INDUSTRIES LTD.,BSE,India,INE594V01028,,
TEXINFRA.NS,TEXINFRA,TEXINFRA,505400,Texmaco Infrastructure & Holdings Limited,NSE,India,INE435C01024,,
TEXMOPIPES.NS,TEXMOPIPES,TEXMOPIPES,533164,Texmo Pipes and Products Limited,NSE,India,INE141K01013,,
TEXRAIL.NS,TEXRAIL,TEXRAIL,533326,Texmaco Rail & Engineering Limited,NSE,India,INE621L01012,,
TFCILTD.NS,TFCILTD,TFCILTD,526650,Tourism Finance Corporation of India Limited,NSE,India,INE305A01023,,
TFL.NS,TFL,TFL,532812,Transwarranty Finance Limited,NSE,India,INE804H01012,,
TFSL.BO,TFSL,,539468,Typhoon Financial Services Lim,BSE,India,INE761R01013,,
TGBHOTELS.NS,TGBHOTELS,TGBHOTELS,532845,TGB Banquets And Hotels Limited,NSE,India,INE797H01018,,
TGIF.BO,TGIF,,544175,TGIF AGRIBUSINESS LIMITED,BSE,India,INE0SMU01015,,
TGL.NS,TGL,,,Teerth Gopicon Limited,NSE,India,INE0K6601012,,
TGVSL.NS,TGVSL,TGVSL,507753,TGV Sraac Limited,NSE,India,INE284B01028,,
THACKER.NS,THACKER,THACKER,509945,Thacker & Company Limited,NSE,India,INE077P01034,,
THAKDEV.NS,THAKDEV,THAKDEV,526654,Thakkers Developers Limited,NSE,India,INE403F01017,,
THAKRAL.BO,THAKRAL,,509015,THAKRAL SERVICES (INDIA) LTD.,BSE,India,INE190F01028,,
THANGAMAYL.NS,THANGAMAYL,THANGAMAYL,533158,Thangamayil Jewellery Limited,NSE,India,INE085J01014,Consumer Durables,
THEINVEST.NS,THEINVEST,THEINVEST,530023,The Investment Trust Of India Limited,NSE,India,INE924D01017,,
THEJO.NS,THEJO,,,Thejo Engineering Limited,NSE,India,INE121N01019,,
THELEELA.NS,THELEELA,THELEELA,544408,Leela Palaces Hotels & Resorts Limited,NSE,India,INE0AQ201015,,
THEMISMED.NS,THEMISMED,THEMISMED,530199,Themis Medicare Limited,NSE,India,INE083B01024,,
THERMAX.NS,THERMAX,THERMAX,500411,Thermax Limited,NSE,India,INE152A01029,Capital Goods,
THESL.NS,THESL,,,Thinking Hats Entertainment Solutions Limited,NSE,India,INE0SHE01019,,
THINKINK.BO,THINKINK,,539310,THINKINK PICTUREZ LIMITED,BSE,India,INE365S01045,,
THOMASCOOK.NS,THOMASCOOK,THOMASCOOK,500413,Thomas Cook  (India)  Limited,NSE,India,INE332A01027,,
THOMASCOTT.NS,THOMASCOTT,THOMASCOTT,533941,Thomas Scott (India) Limited,NSE,India,INE480M01011,,
THREEMPAPE.BO,THREEMPAPE,,544214,THREE M PAPER BOARDS LIMITED,BSE,India,INE0UK501010,,
THRIVE.BO,THRIVE,,523120,THRIVE FUTURE HABITATS LIMITED,BSE,India,INE628D01014,,
THYROCARE.NS,THYROCARE,THYROCARE,539871,Thyrocare Technologies Limited,NSE,India,INE594H01019,,
TI.NS,TI,TI,507205,Tilaknagar Industries Limited,NSE,India,INE133E01013,,
TICL.NS,TICL,TICL,532738,Twamev Construction and Infrastructure Limited,NSE,India,INE388G01026,,
TIERRA.BO,TIERRA,,543531,Tierra Agrotech Limited,BSE,India,INE05CY01014,,
TIGERLOGS.NS,TIGERLOGS,TIGERLOGS,536264,Tiger Logistics (India) Limited,NSE,India,INE906O01029,,
TIGLOB.BO,TIGLOB,,522294,T & I GLOBAL LTD.,BSE,India,INE811B01010,,
TIHIL.BO,TIHIL,,523752,TRANS INDIA HOUSE IMPEX LIMITE,BSE,India,INE502D01011,,
TIIL.NS,TIIL,TIIL,532804,Technocraft Industries (India) Limited,NSE,India,INE545H01011,,
TIINDIA.NS,TIINDIA,TIINDIA,540762,Tube Investments of India Limited,NSE,India,INE974X01010,Automobile and Auto Components,
TIJARIA.NS,TIJARIA,TIJARIA,533629,Tijaria Polypipes Limited,NSE,India,INE440L01017,,
TIL.NS,TIL,TIL,505196,TIL Limited,NSE,India,INE806C01018,,
TILAK.BO,TILAK,,503663,Tilak Ventures Limited,BSE,India,INE026L01022,,
TIMESCAN.NS,TIMESCAN,,,Timescan Logistics (India) Limited,NSE,India,INE0IJY01014,,
TIMESGREEN.BO,TIMESGREEN,,543310,Times Green Energy (India) Lim,BSE,India,INE0B6101012,,
TIMETECHNO.NS,TIMETECHNO,TIMETECHNO,532856,Time Technoplast Limited,NSE,India,INE508G01029,,
TIMEX.NS,TIMEX,TIMEX,500414,Timex Group India Limited,NSE,India,INE064A01026,,
TIMKEN.NS,TIMKEN,TIMKEN,522113,Timken India Limited,NSE,India,INE325A01013,Capital Goods,
TINNARUBR.NS,TINNARUBR,TINNARUBR,530475,Tinna Rubber and Infrastructure Limited,NSE,India,INE015C01016,,
TIPCO.BO,TIPCO,,544740,Tipco Engineering India Limite,BSE,India,INE1U6D01014,,
TIPSFILMS.NS,TIPSFILMS,TIPSFILMS,543614,Tips Films Limited,NSE,India,INE0LQS01015,,
TIPSMUSIC.NS,TIPSMUSIC,TIPSMUSIC,532375,Tips Music Limited,NSE,India,INE716B01029,,
TIRSARJ.BO,TIRSARJ,,531814,TIRUPATI SARJAN LTD.,BSE,India,INE297J01023,,
TIRTPLS.BO,TIRTPLS,,526675,TIRTH PLASTIC LTD.,BSE,India,INE008N01018,,
TIRUFOAM.BO,TIRUFOAM,,540904,TIRUPATI FOAM LIMITED,BSE,India,INE115G01015,,
TIRUMALCHM.NS,TIRUMALCHM,TIRUMALCHM,500412,Thirumalai Chemicals Limited,NSE,India,INE338A01024,,
TIRUPATI.NS,TIRUPATI,,,Shree Tirupati Balajee FIBC Limited,NSE,India,INE238Y01018,,
TIRUPATIFL.NS,TIRUPATIFL,,,Tirupati Forge Limited,NSE,India,INE319Y01024,,
TIRUPATIIN.BO,TIRUPATIIN,,539040,TIRUPATI INNOVAR LIMITED,BSE,India,INE812Q01016,,
TIRUSTA.BO,TIRUSTA,,524582,TIRUPATI STARCH & CHEMICALS LT,BSE,India,INE314D01011,,
TITAANIUM.BO,TITAANIUM,,539985,Titaanium Ten Enterprise Limit,BSE,India,INE120V01014,,
TITAGARH.NS,TITAGARH,TITAGARH,532966,TITAGARH RAIL SYSTEMS LIMITED,NSE,India,INE615H01020,Capital Goods,
TITAN.NS,TITAN,TITAN,500114,Titan Company Limited,NSE,India,INE280A01028,Consumer Durables,Y
TITANBIO.BO,TITANBIO,,524717,TITAN BIOTECH LTD.,BSE,India,INE150C01029,,
TITANIN.BO,TITANIN,,521005,TITAN INTECH LIMITED,BSE,India,INE807M01031,,
TITANSEC.BO,TITANSEC,,530045,TITAN SECURITIES LTD.,BSE,India,INE090D01017,,
TLL.BO,TLL,,543616,Trident Lifeline Limited,BSE,India,INE0MKA01014,,
TMB.NS,TMB,TMB,543596,Tamilnad Mercantile Bank Limited,NSE,India,INE668A01016,,
TMCV.NS,TMCV,TMCV,544569,Tata Motors Limited,NSE,India,INE1TAE01010,Capital Goods,
TMPV.NS,TMPV,TMPV,500570,Tata Motors Passenger Vehicles Limited,NSE,India,INE155A01022,Automobile and Auto Components,Y
TMTIND-B1.BO,TMTIND-B1,,522171,TMT (INDIA) LTD.,BSE,India,INE182E01010,,
TNPETRO.NS,TNPETRO,TNPETRO,500777,Tamilnadu PetroProducts Limited,NSE,India,INE148A01019,,
TNPL.NS,TNPL,TNPL,531426,Tamil Nadu Newsprint & Papers Limited,NSE,India,INE107A01015,,
TNSTLTU.BO,TNSTLTU,,513540,TAMILNADU STEEL TUBES LTD.,BSE,India,INE176E01012,,
TNTELE.NS,TNTELE,TNTELE,523419,Tamilnadu Telecommunication Limited,NSE,India,INE141D01018,,
TOKYOFIN.BO,TOKYOFIN,,531644,TOKYO FINANCE LTD.,BSE,India,INE546D01018,,
TOKYOPLAST.NS,TOKYOPLAST,TOKYOPLAST,500418,Tokyo Plast International Limited,NSE,India,INE932C01012,,
TOLINS.NS,TOLINS,TOLINS,544254,Tolins Tyres Limited,NSE,India,INE0RWQ01014,,
TORNTPHARM.NS,TORNTPHARM,TORNTPHARM,500420,Torrent Pharmaceuticals Limited,NSE,India,INE685A01028,Healthcare,
TORNTPOWER.NS,TORNTPOWER,TORNTPOWER,532779,Torrent Power Limited,NSE,India,INE813H01021,Power,
TOTAL.NS,TOTAL,,,Total Transport Systems Limited,NSE,India,INE336X01012,,
TOTEM.BO,TOTEM,,544186,Forbes Precision Tools and Mac,BSE,India,INE0TT901016,,
TOUCHWOOD.NS,TOUCHWOOD,,,Touchwood Entertainment Limited,NSE,India,INE486Y01013,,
TOYAMSL.NS,TOYAMSL,TOYAMSL,538607,Toyam Sports Limited,NSE,India,INE457P01020,,
TPHQ.NS,TPHQ,TPHQ,533048,Teamo Productions HQ Limited,NSE,India,INE065J01024,,
TPINDIA.BO,TPINDIA,,500421,TPI INDIA LTD.,BSE,India,INE578C01021,,
TPLPLASTEH.NS,TPLPLASTEH,TPLPLASTEH,526582,TPL Plastech Limited,NSE,India,INE413G01022,,
TPROJECT.BO,TPROJECT,,538464,THIRANI PROJECTS LTD,BSE,India,INE901C01017,,
TRABI.BO,TRABI,,526139,TRANSGENE BIOTEK LTD.,BSE,India,INE773D01018,,
TRACXN.NS,TRACXN,TRACXN,543638,Tracxn Technologies Limited,NSE,India,INE0HMF01019,,
TRADEUNO.BO,TRADEUNO,,544594,GAME CHANGERS TEXFAB LIMITED,BSE,India,INE1GUJ01014,,
TRADEWELL.BO,TRADEWELL,,531203,TRADEWELL HOLDINGS LIMITED,BSE,India,INE819G01012,,
TRADWIN.BO,TRADWIN,,509953,TRADE WINGS LTD.,BSE,India,INE961E01017,,
TRANSCHEM.BO,TRANSCHEM,,500422,TRANSCHEM LTD.,BSE,India,INE019B01010,,
TRANSCOR.NS,TRANSCOR,TRANSCOR,532410,Transcorp International Limited,NSE,India,INE330E01023,,
TRANSFD.BO,TRANSFD,,519367,TRANSGLOBE FOODS LTD.,BSE,India,INE213P01027,,
TRANSFRE.BO,TRANSFRE,,513063,TRANS-FREIGHT CONTAINERS LTD.,BSE,India,INE360D01014,,
TRANSPACT.BO,TRANSPACT,,542765,Transpact Enterprises Limited,BSE,India,INE06YD01010,,
TRANSPEK.NS,TRANSPEK,TRANSPEK,506687,Transpek Industry Limited,NSE,India,INE687A01016,,
TRANSRAILL.NS,TRANSRAILL,TRANSRAILL,544317,Transrail Lighting Limited,NSE,India,INE454P01035,,
TRANSTEEL.NS,TRANSTEEL,,,Transteel Seating Technologies Limited,NSE,India,INE0NVI01020,,
TRANSVOY.BO,TRANSVOY,,543754,TRANSVOY LOGISTICS INDIA LIMIT,BSE,India,INE0MPU01011,,
TRANSWIND.NS,TRANSWIND,,,Transwind Infrastructures Limited,NSE,India,INE792X01016,,
TRANSWORLD.NS,TRANSWORLD,TRANSWORLD,520151,TRANSWORLD SHIPPING LINES LIMITED,NSE,India,INE757B01015,,
TRAVELFOOD.NS,TRAVELFOOD,TRAVELFOOD,544443,Travel Food Services Limited,NSE,India,INE103V01028,,
TRAVELS.BO,TRAVELS,,544242,Travels & rentals Limited,BSE,India,INE0SG001011,,
TREEHOUSE.NS,TREEHOUSE,TREEHOUSE,533540,Tree House Education & Accessories Limited,NSE,India,INE040M01013,,
TREJHARA.NS,TREJHARA,TREJHARA,542233,TREJHARA SOLUTIONS LIMITED,NSE,India,INE00CA01015,,
TREL.NS,TREL,TREL,543955,Transindia Real Estate Limited,NSE,India,INE0O3901029,,
TRENT.NS,TRENT,TRENT,500251,Trent Limited,NSE,India,INE849A01020,Consumer Services,Y
TRESCON.BO,TRESCON,,532159,TRESCON LIMITED,BSE,India,INE088D01011,,
TRF.NS,TRF,TRF,505854,TRF Limited,NSE,India,INE391D01019,,
TRICOMFRU.BO,TRICOMFRU,,531716,TRICOM FRUIT PRODUCTS LIMITED,BSE,India,INE843F01014,,
TRIDENT.NS,TRIDENT,TRIDENT,521064,Trident Limited,NSE,India,INE064C01022,Textiles,
TRIDHYA.NS,TRIDHYA,,,Tridhya Tech Limited,NSE,India,INE0LWY01029,,
TRIGYN.NS,TRIGYN,TRIGYN,517562,Trigyn Technologies Limited,NSE,India,INE948A01012,,
TRILIANCE.BO,TRILIANCE,,509046,TRILIANCE POLYMERS LIMITED,BSE,India,INE778N01016,,
TRINITYLEA.BO,TRINITYLEA,,531846,TRINITY LEAGUE INDIA LTD.,BSE,India,INE884X01011,,
TRIOMERC.BO,TRIOMERC,,534755,TRIO MERCANTILE & TRADING LTD.,BSE,India,INE234G01022,,
TRISHAKT.BO,TRISHAKT,,531279,Trishakti Industries Limited,BSE,India,INE238C01022,,
TRITONV.NS,TRITONV,TRITONV,505978,Triton Valves Limited,NSE,India,INE440G01017,,
TRITURBINE.NS,TRITURBINE,TRITURBINE,533655,Triveni Turbine Limited,NSE,India,INE152M01016,Capital Goods,
TRIUMPIN.BO,TRIUMPIN,,532131,TRIUMPH INTERNATIONAL FINANCE,BSE,India,INE382B01012,,
TRIVENI.NS,TRIVENI,TRIVENI,532356,Triveni Engineering & Industries Limited,NSE,India,INE256C01024,,
TRIVENIENT.BO,TRIVENIENT,,538569,TRIVENI ENTERPRISES LTD,BSE,India,INE916P01025,,
TRIVENIGQ.BO,TRIVENIGQ,,502281,TRIVENI GLASS LTD.,BSE,India,INE094C01011,,
TRL.BO,TRL,,541228,Taylormade Renewables Limited,BSE,India,INE459Z01017,,
TROM.NS,TROM,,,Trom Industries Limited,NSE,India,INE0SYV01018,,
TRU.NS,TRU,TRU,540268,TruCap Finance Limited,NSE,India,INE615R01029,,
TRUALT.NS,TRUALT,TRUALT,544545,TruAlt Bioenergy Limited,NSE,India,INE0MWH01014,,
TRUECOLORS.BO,TRUECOLORS,,544531,TRUE COLORS LIMITED,BSE,India,INE1LDV01015,,
TRUEGREEN.BO,TRUEGREEN,,533407,TRUE GREEN BIO ENERGY LIMITED,BSE,India,INE672K01025,,
TRUST.NS,TRUST,,,Trust Fintech Limited,NSE,India,INE0SWN01019,,
TRUSTEDGE.BO,TRUSTEDGE,,532056,Trustedge Capital Limited,BSE,India,INE398H01015,,
TRUSTWAVE.BO,TRUSTWAVE,,508963,TRUSTWAVE SECURITIES LIMITED,BSE,India,INE668Y01024,,
TSC.NS,TSC,,,TSC India Limited,NSE,India,INE16VK01010,,
TSFINV.NS,TSFINV,,,TSF INVESTMENTS LIMITED,NSE,India,INE202Z01029,,
TSPIRITUAL.BO,TSPIRITUAL,,532444,T.SPIRITUAL WORLD LTD.,BSE,India,INE541C01037,,
TTC.BO,TTC,,544303,TOSS THE COIN LIMITED,BSE,India,INE0XAY01012,,
TTFL.BO,TTFL,,540726,Trident Texofab Limited,BSE,India,INE071Y01013,,
TTGIL.BO,TTGIL,,512018,TOMORROW TECHNOLOGIES GLOBAL I,BSE,India,INE135H01029,,
TTIENT.BO,TTIENT,,538597,TTI ENTERPRISE LTD,BSE,India,INE404F01031,,
TTKHLTCARE.NS,TTKHLTCARE,TTKHLTCARE,507747,TTK Healthcare Limited,NSE,India,INE910C01018,,
TTKPRESTIG.NS,TTKPRESTIG,TTKPRESTIG,517506,TTK Prestige Limited,NSE,India,INE690A01028,,
TTL.NS,TTL,TTL,514142,T T Limited,NSE,India,INE592B01024,,
TTML.NS,TTML,TTML,532371,Tata Teleservices (Maharashtra) Limited,NSE,India,INE517B01013,Telecommunication,
TULASEEBIOE.BO,TULASEEBIOE,,524514,TULASEE BIO-ETHANOL LTD.,BSE,India,INE276N01011,,
TULSYAN.BO,TULSYAN,,513629,TULSYAN NEC LTD.,BSE,India,INE463D01016,,
TUNITEX.BO,TUNITEX,,531411,TUNI TEXTILE MILLS LTD.,BSE,India,INE560D01027,,
TUNWAL.NS,TUNWAL,,,Tunwal E-Motors Limited,NSE,India,INE0OXV01027,,
TURTLEMINT.NS,TURTLEMINT,TURTLEMINT,544799,Turtlemint Fintech Solutions Limited,NSE,India,INE0OC301013,,
TUSALDAH.BO,TUSALDAH,,531301,TUSALDAH LIMITED,BSE,India,INE319M01011,,
TUTIALKA.NS,TUTIALKA,TUTIALKA,506808,Tuticorin Alkali Chemicals & Fertilizers Limited,NSE,India,INE400A01014,,
TVSELECT.NS,TVSELECT,TVSELECT,532513,TVS Electronics Limited,NSE,India,INE236G01019,,
TVSHLTD.NS,TVSHLTD,TVSHLTD,520056,TVS Holdings Limited,NSE,India,INE105A01035,,
TVSMOTOR.NS,TVSMOTOR,TVSMOTOR,532343,TVS Motor Company Limited,NSE,India,INE494B01023,Automobile and Auto Components,
TVSSCS.NS,TVSSCS,TVSSCS,543965,TVS Supply Chain Solutions Limited,NSE,India,INE395N01027,,
TVSSRICHAK.NS,TVSSRICHAK,TVSSRICHAK,509243,TVS Srichakra Limited,NSE,India,INE421C01016,,
TVTODAY.NS,TVTODAY,TVTODAY,532515,TV Today Network Limited,NSE,India,INE038F01029,,
TVVISION.NS,TVVISION,TVVISION,540083,TV Vision Limited,NSE,India,INE871L01013,,
TYCHE.BO,TYCHE,,532384,TYCHE INDUSTRIES LTD.,BSE,India,INE443B01012,,
TYROON.BO,TYROON,,526945,TYROON TEA CO.LTD.,BSE,India,INE945B01016,,
UBL.NS,UBL,UBL,532478,United Breweries Limited,NSE,India,INE686F01025,Fast Moving Consumer Goods,
UCAL.NS,UCAL,UCAL,500464,UCAL LIMITED,NSE,India,INE139B01016,,
UCIL.BO,UCIL,,541358,UNIFINZ CAPITAL INDIA LIMITED,BSE,India,INE926R01012,,
UCL.NS,UCL,,,Ushanti Colour Chem Limited,NSE,India,INE00NI01015,,
UCOBANK.NS,UCOBANK,UCOBANK,532505,UCO Bank,NSE,India,INE691A01018,Financial Services,
UDAYJEW.NS,UDAYJEW,UDAYJEW,539518,Uday Jewellery Industries Limited,NSE,India,INE551B01012,,
UDS.NS,UDS,UDS,543996,Updater Services Limited,NSE,India,INE851I01011,,
UEL.NS,UEL,UEL,533644,Ujaas Energy Limited,NSE,India,INE899L01030,,
UFBL.NS,UFBL,UFBL,543283,United Foodbrands Limited,NSE,India,INE382M01027,,
UFLEX.NS,UFLEX,UFLEX,500148,UFLEX Limited,NSE,India,INE516A01017,,
UFO.NS,UFO,UFO,539141,UFO Moviez India Limited,NSE,India,INE527H01019,,
UGARSUGAR.NS,UGARSUGAR,UGARSUGAR,530363,The Ugar Sugar Works Limited,NSE,India,INE071E01023,,
UGROCAP.NS,UGROCAP,UGROCAP,511742,Ugro Capital Limited,NSE,India,INE583D01011,,
UHMVL.BO,UHMVL,,544779,UHM Vacation Limited,BSE,India,INE0YZ901011,,
UHTL.NS,UHTL,,,United Heat Transfer Limited,NSE,India,INE0SMR01011,,
UHZAVERI.BO,UHZAVERI,,541338,U. H. ZAVERI LIMITED,BSE,India,INE556Z01010,,
UJJIVANSFB.NS,UJJIVANSFB,UJJIVANSFB,542904,Ujjivan Small Finance Bank Limited,NSE,India,INE551W01018,,
ULTRACAB.BO,ULTRACAB,,538706,Ultracab (India) Limited,BSE,India,INE010R01023,,
ULTRACEMCO.NS,ULTRACEMCO,ULTRACEMCO,532538,UltraTech Cement Limited,NSE,India,INE481G01011,Construction Materials,Y
ULTRAMAR.NS,ULTRAMAR,ULTRAMAR,506685,Ultramarine & Pigments Limited,NSE,India,INE405A01021,,
UMA.NS,UMA,,,Uma Converter Limited,NSE,India,INE067901012,,
UMAEXPORTS.NS,UMAEXPORTS,UMAEXPORTS,543513,Uma Exports Limited,NSE,India,INE0GIU01018,,
UMESLTD.NS,UMESLTD,UMESLTD,532398,Usha Martin Education & Solutions Limited,NSE,India,INE240C01028,,
UMIYA-MRO.NS,UMIYA-MRO,UMIYA-MRO,532376,UMIYA BUILDCON LIMITED,NSE,India,INE398B01018,,
UMIYA.BO,UMIYA,,539798,Umiya Tubes Limited,BSE,India,INE173U01015,,
UML.BO,UML,,544464,Umiya Mobile Limited,BSE,India,INE1P1A01018,,
UNIABEXAL.BO,UNIABEXAL,,504605,UNI ABEX ALLOY PRODUCTS LTD.,BSE,India,INE361D01012,,
UNIAUTO.BO,UNIAUTO,,539314,Universal Autofoundry Limited,BSE,India,INE203T01012,,
UNICHEMLAB.NS,UNICHEMLAB,UNICHEMLAB,506690,Unichem Laboratories Limited,NSE,India,INE351A01035,,
UNICK.BO,UNICK,,541503,Unick Fix-A- Form and Printers,BSE,India,INE250G01010,,
UNIDT.NS,UNIDT,UNIDT,522014,United Drilling Tools Limited,NSE,India,INE961D01019,,
UNIECOM.NS,UNIECOM,UNIECOM,544227,Unicommerce Esolutions Limited,NSE,India,INE00U401027,,
UNIENTER.NS,UNIENTER,UNIENTER,500429,Uniphos Enterprises Limited,NSE,India,INE037A01022,,
UNIFIED.BO,UNIFIED,,544406,UNIFIED DATA TECH SOLUTIONS LI,BSE,India,INE1ABX01018,,
UNIHEALTH.NS,UNIHEALTH,,,Unihealth Hospitals Limited,NSE,India,INE0PRF01011,,
UNIINFO.NS,UNIINFO,,,Uniinfo Telecom Services Limited,NSE,India,INE481Z01011,,
UNILEX.NS,UNILEX,,,Unilex Colours and Chemicals Limited,NSE,India,INE0B2801011,,
UNIMECH.NS,UNIMECH,UNIMECH,544322,Unimech Aerospace and Manufacturing Limited,NSE,India,INE0U3I01011,,
UNIOFFICE.BO,UNIOFFICE,,523519,UNIVERSAL OFFICE AUTOMATION LT,BSE,India,INE951C01012,,
UNIONBANK.NS,UNIONBANK,UNIONBANK,532477,Union Bank of India,NSE,India,INE692A01016,Financial Services,
UNIPARTS.NS,UNIPARTS,UNIPARTS,543689,Uniparts India Limited,NSE,India,INE244O01017,,
UNIQUEO.BO,UNIQUEO,,530997,UNIQUE ORGANICS LTD.,BSE,India,INE333E01019,,
UNIROYAL.BO,UNIROYAL,,521226,UNIROYAL INDUSTRIES LTD.,BSE,India,INE980D01019,,
UNISEM.BO,UNISEM,,544648,UNISEM AGRITECH LIMITED,BSE,India,INE1FHV01026,,
UNISHIRE.BO,UNISHIRE,,537582,UNISHIRE URBAN INFRA LTD,BSE,India,INE210P01015,,
UNISON.BO,UNISON,,538610,UNISON METALS LTD,BSE,India,INE099D01026,,
UNITDCR.BO,UNITDCR,,531091,UNITED CREDIT LTD.,BSE,India,INE858C01027,,
UNITDSPR.NS,UNITDSPR,UNITDSPR,532432,United Spirits Limited,NSE,India,INE854D01024,Fast Moving Consumer Goods,
UNITEC.BO,UNITEC,,544948,UNITEC FIBRES LIMITED,BSE,India,INE0WOK01014,,
UNITECH.NS,UNITECH,UNITECH,507878,Unitech Limited,NSE,India,INE694A01020,,
UNITEDINT.BO,UNITEDINT,,502893,UNITED INTERACTIVE LTD.,BSE,India,INE706D01018,,
UNITEDPOLY.NS,UNITEDPOLY,UNITEDPOLY,544756,United Polyfab Gujarat Limited,NSE,India,INE368U01029,,
UNITEDTE.BO,UNITEDTE,,521188,UNITED TEXTILES LTD.,BSE,India,INE727E01012,,
UNITEDTEA.NS,UNITEDTEA,,,The United Nilgiri Tea Estates Company Limited,NSE,India,INE458F01011,,
UNITINT.BO,UNITINT,,531867,UNITECH INTERNATIONAL LTD.,BSE,India,INE929K01011,,
UNIVARTS.BO,UNIVARTS,,532378,UNIVERSAL ARTS LTD.,BSE,India,INE464B01018,,
UNIVASTU.NS,UNIVASTU,,,Univastu India Limited,NSE,India,INE562X01013,,
UNIVCABLES.NS,UNIVCABLES,UNIVCABLES,504212,Universal Cables Limited,NSE,India,INE279A01012,,
UNIVPHOTO.NS,UNIVPHOTO,UNIVPHOTO,542933,Universus Photo Imagings Limited,NSE,India,INE03V001013,,
UNIVSTAR.BO,UNIVSTAR,,524408,UNIVERSAL STARCH-CHEM ALLIED L,BSE,India,INE113E01015,,
UNJHAFOR.BO,UNJHAFOR,,531762,UNJHA FORMULATIONS LTD.,BSE,India,INE576D01015,,
UNOMINDA.NS,UNOMINDA,UNOMINDA,532539,UNO Minda Limited,NSE,India,INE405E01023,Automobile and Auto Components,
UNQTYMI.BO,UNQTYMI,,526799,UNION QUALITY PLASTICS LTD.,BSE,India,INE338N01019,,
UNRYLMA.BO,UNRYLMA,,526113,UNIROYAL MARINE EXPORTS LTD.,BSE,India,INE602H01010,,
UNTTEMI.BO,UNTTEMI,,507808,UNITED LEASING & INDUSTRIES LT,BSE,India,INE357P01014,,
UPHOT.NS,UPHOT,UPHOT,509960,U P Hotels Limited,NSE,India,INE726E01014,,
UPL.NS,UPL,UPL,512070,UPL Limited,NSE,India,INE628A01036,Chemicals,
UPROTECH.BO,UPROTECH,,540189,Unipro Technologies Limited,BSE,India,INE448F01012,,
UPSURGE.BO,UPSURGE,,531390,UPSURGE INVESTMENT & FINANCE L,BSE,India,INE890B01014,,
URAVIDEF.NS,URAVIDEF,URAVIDEF,543930,Uravi Defence and Technology Limited,NSE,India,INE568Z01015,,
URBAN.NS,URBAN,,,Urban Enviro Waste Management Limited,NSE,India,INE0O0201019,,
URBANCO.NS,URBANCO,URBANCO,544515,Urban Company Limited,NSE,India,INE0CAZ01013,Consumer Services,
URJA.NS,URJA,URJA,526987,Urja Global Limited,NSE,India,INE550C01020,,
URSUGAR.BO,URSUGAR,,539097,UR SUGAR INDUSTRIES LIMITED,BSE,India,INE904R01027,,
USASEEDS.NS,USASEEDS,,,Upsurge Seeds Of Agriculture Limited,NSE,India,INE0CBM01019,,
USGTECH.BO,USGTECH,,532402,USG TECH SOLUTIONS LTD.,BSE,India,INE718B01017,,
USHAFIN.NS,USHAFIN,,,Usha Financial Services Limited,NSE,India,INE0LS001014,,
USHAKIRA.BO,USHAKIRA,,511507,USHAKIRAN FINANCE LTD.,BSE,India,INE697C01011,,
USHAMART.NS,USHAMART,USHAMART,517146,Usha Martin Limited,NSE,India,INE228A01035,Capital Goods,
USK.NS,USK,USK,543861,Udayshivakumar Infra Limited,NSE,India,INE0N0Y01013,,
UTIAMC.NS,UTIAMC,UTIAMC,543238,UTI Asset Management Company Limited,NSE,India,INE094J01016,Financial Services,
UTIQUE.BO,UTIQUE,,500014,UTIQUE ENTERPRISES LIMITED,BSE,India,INE096A01010,,
UTKAL.NS,UTKAL,,,Utkal Speciality Industries India Limited,NSE,India,INE1V1R01014,,
UTKARSHBNK.NS,UTKARSHBNK,UTKARSHBNK,543942,Utkarsh Small Finance Bank Limited,NSE,India,INE735W01017,,
UTLINDS.BO,UTLINDS,,500426,UTL INDUSTRIES LIMITED,BSE,India,INE184E01024,,
UTLSOLAR.NS,UTLSOLAR,UTLSOLAR,544613,Fujiyama Power Systems Limited,NSE,India,INE12UR01024,,
UTSSAV.NS,UTSSAV,,,Utssav CZ Gold Jewels Limited,NSE,India,INE06IJ01010,,
UTTAMSUGAR.NS,UTTAMSUGAR,UTTAMSUGAR,532729,Uttam Sugar Mills Limited,NSE,India,INE786F01031,,
UVDRHOR.BO,UVDRHOR,,522091,UNITED VAN DER HORST LTD.,BSE,India,INE890G01047,,
UVS.BO,UVS,,531652,UVS HOSPITALITY AND SERVICES L,BSE,India,INE528C01018,,
UWCSL.NS,UWCSL,,,Ultra Wiring Connectivity System Limited,NSE,India,INE00F301010,,
UYFINCORP.NS,UYFINCORP,UYFINCORP,530579,U. Y. Fincorp Limited,NSE,India,INE152C01025,,
V2RETAIL.NS,V2RETAIL,V2RETAIL,532867,V2 Retail Limited,NSE,India,INE945H01021,,
VAARAD.BO,VAARAD,,532320,VAARAD VENTURES LTD,BSE,India,INE418B01048,,
VADILALIND.NS,VADILALIND,VADILALIND,519156,Vadilal Industries Limited,NSE,India,INE694D01016,,
VADILENT.NS,VADILENT,VADILENT,519152,Vadilal Enterprises Limited,NSE,India,INE693D01018,,
VAHH.BO,VAHH,,544778,Vahh Chemicals Limited,BSE,India,INE0H3U01013,,
VAIBHAVGBL.NS,VAIBHAVGBL,VAIBHAVGBL,532156,Vaibhav Global Limited,NSE,India,INE884A01027,,
VAICC.BO,VAICC,,526941,VAISHNO CEMENT CO.LTD.,BSE,India,INE116E01018,,
VAISHALI.NS,VAISHALI,,,Vaishali Pharma Limited,NSE,India,INE972X01022,,
VAKRANGEE.NS,VAKRANGEE,VAKRANGEE,511431,Vakrangee Limited,NSE,India,INE051B01021,,
VALENCIA.BO,VALENCIA,,542910,Valencia Nutrition Limited,BSE,India,INE08RT01016,,
VALIANT.BO,VALIANT,,526775,VALIANT COMMUNICATIONS LTD.,BSE,India,INE760B01019,,
VALIANTLAB.NS,VALIANTLAB,VALIANTLAB,543998,Valiant Laboratories Limited,NSE,India,INE0JWS01017,,
VALIANTORG.NS,VALIANTORG,VALIANTORG,540145,Valiant Organics Limited,NSE,India,INE565V01010,,
VALINDIA.BO,VALINDIA,,544433,Valencia India Limited,BSE,India,INE130701019,,
VALLABHSQ.BO,VALLABHSQ,,513397,VALLABH STEELS LTD.,BSE,India,INE457E01016,,
VALPLAST.BO,VALPLAST,,544565,Valplast Technologies Limited,BSE,India,INE0QP701017,,
VALSONQ.BO,VALSONQ,,530459,VALSON INDUSTRIES LTD.,BSE,India,INE808A01018,,
VALUE360.NS,VALUE360,,,Value 360 Communications Limited,NSE,India,INE1E7Y01018,,
VAMA.BO,VAMA,,512175,VAMA INDUSTRIES LTD.,BSE,India,INE685D01022,,
VAMAWOVEN.BO,VAMAWOVEN,,544931,VAMA WOVENFAB LIMITED,BSE,India,INE1G7R01010,,
VAML.NS,VAML,VAML,544780,Vedanta Aluminium Metal Limited,NSE,India,INE1CDF01017,Metals & Mining,
VAMSHIRU.BO,VAMSHIRU,,530369,VAMSHI RUBBER LTD.,BSE,India,INE380C01014,,
VANDAN.BO,VANDAN,,544436,VANDAN FOODS LIMITED,BSE,India,INE0RDJ01019,,
VANDU.BO,VANDU,,544329,LEO DRYFRUITS & SPICES TRADING,BSE,India,INE0RH001011,,
VANICOM.BO,VANICOM,,538918,Vani Commercials Limited,BSE,India,INE661Q01017,,
VANTABIO.BO,VANTABIO,,540729,Vanta Bioscience Limited,BSE,India,INE695X01011,,
VAPIENTER.BO,VAPIENTER,,502589,VAPI ENTERPRISE LIMITED,BSE,India,INE464D01014,,
VARDHACRLC.NS,VARDHACRLC,,,Vardhman Acrylics Limited,NSE,India,INE116G01013,,
VARDMNPOLY.NS,VARDMNPOLY,VARDMNPOLY,514175,Vardhman Polytex Limited,NSE,India,INE835A01029,,
VARIMAN.BO,VARIMAN,,540570,VARIMAN GLOBAL ENTERPRISES LIM,BSE,India,INE717F01028,,
VARMORA.NS,VARMORA,VARMORA,544942,Varmora Granito Limited,NSE,India,INE0M5301040,,
VARROC.NS,VARROC,VARROC,541578,Varroc Engineering Limited,NSE,India,INE665L01035,,
VARYAA.BO,VARYAA,,544168,VARYAA CREATIONS LIMITED,BSE,India,INE0R6801013,,
VASA.NS,VASA,,,Vasa Retail and Overseas Ltd,NSE,India,INE068Z01016,,
VASCONEQ.NS,VASCONEQ,VASCONEQ,533156,Vascon Engineers Limited,NSE,India,INE893I01013,,
VASHISHTHA.BO,VASHISHTHA,,544508,VASHISHTHA LUXURY FASHION LIMI,BSE,India,INE0WRP01016,,
VASINFRA.BO,VASINFRA,,531574,VAS INFRASTRUCTURE LTD.,BSE,India,INE192C01013,,
VASUPRADA.NS,VASUPRADA,VASUPRADA,538092,Shri Vasuprada Plantations Limited,NSE,India,INE574G01013,,
VASWANI.NS,VASWANI,VASWANI,533576,Vaswani Industries Limited,NSE,India,INE590L01019,,
VBDESAI.BO,VBDESAI,,511110,V.B.DESAI FINANCIAL SERVICES L,BSE,India,INE848D01018,,
VBIND.BO,VBIND,,539123,V B INDUSTRIES LIMITED,BSE,India,INE334E01017,,
VBL.NS,VBL,VBL,540180,Varun Beverages Limited,NSE,India,INE200M01039,Fast Moving Consumer Goods,
VCL.NS,VCL,,,Vaxtex Cotfab Limited,NSE,India,INE098201036,,
VCU.BO,VCU,,536672,VCU DATA MANAGEMENT LTD,BSE,India,INE962O01014,,
VDEAL.NS,VDEAL,,,Vdeal System Limited,NSE,India,INE0U2M01015,,
VEDANTASSET.BO,VEDANTASSET,,543623,VEDANT ASSET LIMITED,BSE,India,INE0NC801013,,
VEDAVAAG.NS,VEDAVAAG,VEDAVAAG,533056,VEDAVAAG Systems Limited,NSE,India,INE359B01010,,
VEDL.NS,VEDL,VEDL,500295,Vedanta Limited,NSE,India,INE205A01025,Metals & Mining,
VEDPOWER.NS,VEDPOWER,VEDPOWER,544781,Vedanta Power Limited,NSE,India,INE694L01019,Power,
VEEDOL.NS,VEEDOL,VEEDOL,590005,Veedol Corporation Limited,NSE,India,INE484C01030,,
VEEFIN.BO,VEEFIN,,543931,VEEFIN SOLUTIONS LIMITED,BSE,India,INE0Q0M01015,,
VEEGALAND.NS,VEEGALAND,VEEGALAND,544923,Veegaland Developers Limited,NSE,India,INE1JTV01015,,
VEEKAYEM.NS,VEEKAYEM,,,Veekayem Fashion and Apparels Limited,NSE,India,INE0KTW01013,,
VEERENRGY.BO,VEERENRGY,,503657,VEER ENERGY & INFRASTRUCTURE L,BSE,India,INE255E01030,,
VEERHEALTH.BO,VEERHEALTH,,511523,VEERHEALTH CARE LIMITED,BSE,India,INE882C01035,,
VEERKRUPA.BO,VEERKRUPA,,543545,Veerkrupa Jewellers Limited,BSE,India,INE0ID001024,,
VEGA.BO,VEGA,,512026,VEGA JEWELLERS LIMITED,BSE,India,INE603D01017,,
VEL.BO,VEL,,542803,Vaxfab Enterprises Limited,BSE,India,INE560T01015,,
VELHO.BO,VELHO,,526755,VELAN HOTELS LTD.,BSE,India,INE548D01014,,
VELJAN.NS,VELJAN,VELJAN,505232,Veljan Denison Limited,NSE,India,INE232E01013,,
VELLORA.BO,VELLORA,,531257,VELLORA IMPACT LIMITED,BSE,India,INE530D01012,,
VELS.NS,VELS,,,Vels Film International Limited,NSE,India,INE0I3H01019,,
VENKEYS.NS,VENKEYS,VENKEYS,523261,Venky's (India) Limited,NSE,India,INE398A01010,,
VENLONENT.BO,VENLONENT,,524038,VENLON ENTERPRISES LTD.,BSE,India,INE204D01022,,
VENMAX.BO,VENMAX,,531015,VENMAX DRUGS AND PHARMACEUTICA,BSE,India,INE154G01022,,
VENTIVE.NS,VENTIVE,VENTIVE,544321,Ventive Hospitality Limited,NSE,India,INE781S01027,,
VENTURA.BO,VENTURA,,516098,VENTURA TEXTILES LTD.,BSE,India,INE810C01044,,
VENUSPIPES.NS,VENUSPIPES,VENUSPIPES,543528,Venus Pipes & Tubes Limited,NSE,India,INE0JA001018,,
VENUSREM.NS,VENUSREM,VENUSREM,526953,Venus Remedies Limited,NSE,India,INE411B01019,,
VERA.NS,VERA,,,Vera Synthetic Limited,NSE,India,INE709Z01015,,
VERANDA.NS,VERANDA,VERANDA,543514,Veranda Learning Solutions Limited,NSE,India,INE0IQ001011,,
VERITAAS.NS,VERITAAS,,,Veritaas Advertising Limited,NSE,India,INE0SRI01019,,
VERITAS.BO,VERITAS,,512229,VERITAS (INDIA) LTD.,BSE,India,INE379J01029,,
VERTEX.BO,VERTEX,,531950,VERTEX SECURITIES LTD.,BSE,India,INE316D01024,,
VERTEXPLUS.NS,VERTEXPLUS,,,Vertexplus Technologies Limited,NSE,India,INE0NLB01018,,
VERTOZ.NS,VERTOZ,,,Vertoz Limited,NSE,India,INE188Y01031,,
VESUVIUS.NS,VESUVIUS,VESUVIUS,520113,Vesuvius India Limited,NSE,India,INE386A01023,,
VETO.NS,VETO,VETO,539331,Veto Switchgears And Cables Limited,NSE,India,INE918N01018,,
VGCL.NS,VGCL,VGCL,538732,Vibrant Global Capital Limited,NSE,India,INE761Q01015,,
VGIL.BO,VGIL,,543241,Veer Global Infraconstruction,BSE,India,INE244W01010,,
VGINFOTECH.NS,VGINFOTECH,,,Virtual Galaxy Infotech Limited,NSE,India,INE0VRH01015,,
VGL.NS,VGL,VGL,514274,VARVEE GLOBAL LIMITED,NSE,India,INE273D01027,,
VGUARD.NS,VGUARD,VGUARD,532953,V-Guard Industries Limited,NSE,India,INE951I01027,,
VHL.NS,VHL,VHL,500439,Vardhman Holdings Limited,NSE,India,INE701A01023,,
VHLTD.NS,VHLTD,VHLTD,523796,Viceroy Hotels Limited,NSE,India,INE048C01025,,
VIAZ.NS,VIAZ,,,Viaz Tyres Limited,NSE,India,INE0MO401019,,
VICTMILL.BO,VICTMILL,,503349,VICTORIA MILLS LTD.,BSE,India,INE203D01016,,
VICTORYEV.NS,VICTORYEV,,,Victory Electric Vehicles International Limited,NSE,India,INE0F8901022,,
VIDHIING.NS,VIDHIING,VIDHIING,531717,Vidhi Specialty Food Ingredients Limited,NSE,India,INE632C01026,,
VIDYAWIRES.NS,VIDYAWIRES,VIDYAWIRES,544633,Vidya Wires Limited,NSE,India,INE14UN01029,,
VIESL.NS,VIESL,,,Vision Infra Equipment Solutions Limited,NSE,India,INE0TR001017,,
VIGOR.NS,VIGOR,,,Vigor Plast India Limited,NSE,India,INE1DM601016,,
VIJAYA.NS,VIJAYA,VIJAYA,543350,Vijaya Diagnostic Centre Limited,NSE,India,INE043W01024,Healthcare,
VIJAYPD.NS,VIJAYPD,,,Vijaypd Ceutical Limited,NSE,India,INE0WL901019,,
VIJAYTX.BO,VIJAYTX,,530151,VIJAY TEXTILES LTD.,BSE,India,INE256G01033,,
VIJIFIN.NS,VIJIFIN,VIJIFIN,537820,Viji Finance Limited,NSE,India,INE159N01027,,
VIJSOLX.NS,VIJSOLX,VIJSOLX,531069,Vijay Solvex Limited,NSE,India,INE362D01010,,
VIKALPS.BO,VIKALPS,,531334,VIKALP SECURITIES LTD.,BSE,India,INE186E01011,,
VIKASECO.NS,VIKASECO,VIKASECO,530961,Vikas EcoTech Limited,NSE,India,INE806A01020,,
VIKASLIFE.NS,VIKASLIFE,VIKASLIFE,542655,Vikas Lifecare Limited,NSE,India,INE161L01027,,
VIKASPROP.BO,VIKASPROP,,531518,VIKAS PROPPANT & GRANITE LTD.,BSE,India,INE767B01022,,
VIKASWSP.BO,VIKASWSP,,519307,VIKAS WSP LTD.,BSE,India,INE706A01022,,
VIKRAMAR.BO,VIKRAMAR,,544371,VIKRAM AROMA LIMITED,BSE,India,INE0NR501012,,
VIKRAMSOLR.NS,VIKRAMSOLR,VIKRAMSOLR,544488,Vikram Solar Limited,NSE,India,INE078V01014,,
VIKRAMTH.BO,VIKRAMTH,,530477,VIKRAM THERMO (INDIA) LTD.,BSE,India,INE337E01010,,
VIKRAN.NS,VIKRAN,VIKRAN,544496,Vikran Engineering Limited,NSE,India,INE01R501028,,
VIKSHEN.BO,VIKSHEN,,506196,VIKSIT ENGINEERING LTD.,BSE,India,INE965V01020,,
VILAS.NS,VILAS,,,Vilas Transcore Limited,NSE,India,INE0AZY01017,,
VILINBIO.NS,VILINBIO,,,Vilin Bio Med Limited,NSE,India,INE0L4V01013,,
VIMTALABS.NS,VIMTALABS,VIMTALABS,524394,Vimta Labs Limited,NSE,India,INE579C01029,,
VINATIORGA.NS,VINATIORGA,VINATIORGA,524200,Vinati Organics Limited,NSE,India,INE410B01037,,
VINAYAKPOL.BO,VINAYAKPOL,,534639,VINAYAK POLYCON INTERNATIONAL,BSE,India,INE581M01016,,
VINCOFE.NS,VINCOFE,VINCOFE,538920,Vintage Coffee And Beverages Limited,NSE,India,INE498Q01014,,
VINDHYATEL.NS,VINDHYATEL,VINDHYATEL,517015,Vindhya Telelinks Limited,NSE,India,INE707A01012,,
VINEETLAB.NS,VINEETLAB,VINEETLAB,543298,Vineet Laboratories Limited,NSE,India,INE505Y01010,,
VINNY.NS,VINNY,VINNY,543670,Vinny Overseas Limited,NSE,India,INE01KI01027,,
VINOD.NS,VINOD,,,Vinod Texworld Limited,NSE,India,INE1A5U01014,,
VINRKLB.BO,VINRKLB,,526075,REKVINA LABORATORIES LTD.,BSE,India,INE092O01028,,
VINSYS.NS,VINSYS,,,Vinsys IT Services India Limited,NSE,India,INE0OSJ01014,,
VINTAGES.BO,VINTAGES,,531051,VINTAGE SECURITIES LTD.,BSE,India,INE153C01015,,
VINYAS.NS,VINYAS,,,Vinyas Innovative Technologies Limited,NSE,India,INE0OLS01010,,
VINYLINDIA.NS,VINYLINDIA,VINYLINDIA,524129,Vinyl Chemicals (India) Limited,NSE,India,INE250B01029,,
VINYOFL.BO,VINYOFL,,530401,VINYOFLEX LTD.,BSE,India,INE526H01011,,
VIPCLOTHNG.NS,VIPCLOTHNG,VIPCLOTHNG,532613,VIP Clothing Limited,NSE,India,INE450G01024,,
VIPIND.NS,VIPIND,VIPIND,507880,VIP Industries Limited,NSE,India,INE054A01027,,
VIPPYSP.BO,VIPPYSP,,514302,VIPPY SPINPRO LTD.,BSE,India,INE660D01017,,
VIPULLTD.NS,VIPULLTD,VIPULLTD,511726,Vipul Limited,NSE,India,INE946H01037,,
VIPULORG.BO,VIPULORG,,530627,Vipul Organics Limited,BSE,India,INE834D01018,,
VIRAT.NS,VIRAT,VIRAT,530521,Virat Industries Limited,NSE,India,INE467D01017,,
VIRATCRA.BO,VIRATCRA,,519457,VIRAT CRANE INDUSTRIES LTD.,BSE,India,INE295C01014,,
VIRGOGLOB.BO,VIRGOGLOB,,532354,Virgo Global Limited,BSE,India,INE400B01020,,
VIRINCHI.NS,VIRINCHI,VIRINCHI,532372,Virinchi Limited,NSE,India,INE539B01017,,
VIRTUALG.NS,VIRTUALG,VIRTUALG,534741,Virtual Global Education Limited,NSE,India,INE247C01023,,
VISACHROME.NS,VISACHROME,VISACHROME,532721,VISA Chrome Limited,NSE,India,INE286H01012,,
VISAGAR.BO,VISAGAR,,531025,VISAGAR FINANCIAL SERVICES LTD,BSE,India,INE309H01038,,
VISAKAIND.NS,VISAKAIND,VISAKAIND,509055,Visaka Industries Limited,NSE,India,INE392A01021,,
VISAMAN.NS,VISAMAN,,,Visaman Global Sales Limited,NSE,India,INE0BHK01012,,
VISDEM.NS,VISDEM,,,Visdem Technosys Limited,NSE,India,INE0OWX01025,,
VISHAL.NS,VISHAL,VISHAL,538598,Vishal Fabrics Limited,NSE,India,INE755Q01025,,
VISHALBL.BO,VISHALBL,,539398,Vishal Bearings Limited,BSE,India,INE060T01024,,
VISHNU.NS,VISHNU,VISHNU,516072,Vishnu Chemicals Limited,NSE,India,INE270I01022,,
VISHNUINFR.NS,VISHNUINFR,,,Vishnusurya Projects and Infra Limited,NSE,India,INE0PQ001012,,
VISHWARAJ.NS,VISHWARAJ,VISHWARAJ,542852,Vishwaraj Sugar Industries Limited,NSE,India,INE430N01022,,
VISHWAS.NS,VISHWAS,,,Vishwas Agri Seeds Limited,NSE,India,INE0S2E01016,,
VISIONCINE.BO,VISIONCINE,,526441,VISION CINEMAS LTD.,BSE,India,INE515B01025,,
VISIONCO.BO,VISIONCO,,531668,VISION CORPORATION LTD.,BSE,India,INE661D01015,,
VISL.NS,VISL,VISL,544784,Vedanta Iron and Steel Limited,NSE,India,INE1CLE01013,Metals & Mining,
VISTAPH.BO,VISTAPH,,524711,VISTA PHARMACEUTICALS LTD.,BSE,India,INE427C01021,,
VISTARAMAR.BO,VISTARAMAR,,538565,Vistar Amar Limited,BSE,India,INE878P01019,,
VISVEN.BO,VISVEN,,512064,VISHVPRABHA VENTURES LIMITED,BSE,India,INE762D01011,,
VITAL.NS,VITAL,,,Vital Chemtech Limited,NSE,India,INE0L4K01016,,
VIVAA.BO,VIVAA,,544002,Vivaa Tradecom Limited,BSE,India,INE0PA601017,,
VIVANTA.BO,VIVANTA,,541735,Vivanta Industries Limited,BSE,India,INE299W01022,,
VIVANZA.BO,VIVANZA,,530057,Vivanza Biosciences Limited,BSE,India,INE984E01035,,
VIVEKANAND.BO,VIVEKANAND,,544939,VIVEKANAND COTSPIN LIMITED,BSE,India,INE1JJP01018,,
VIVIANA.NS,VIVIANA,,,Viviana Power Tech Limited,NSE,India,INE0MEG01014,,
VIVIDEL.NS,VIVIDEL,,,Vivid Electromech Limited,NSE,India,INE24H301028,,
VIVIDHA.NS,VIVIDHA,VIVIDHA,506146,Visagar Polytex Limited,NSE,India,INE370E01029,,
VIVIDIND.BO,VIVIDIND,,524576,VIVID GLOBAL INDUSTRIES LTD.,BSE,India,INE737C01023,,
VIVIDM.BO,VIVIDM,,542046,VIVID MERCANTILE LIMITED,BSE,India,INE647Z01025,,
VIVIMEDLAB.NS,VIVIMEDLAB,VIVIMEDLAB,532660,Vivimed Labs Limited,NSE,India,INE526G01021,,
VIVO.NS,VIVO,,,Vivo Collaboration Solutions Limited,NSE,India,INE0IA701014,,
VIVOBIOT.NS,VIVOBIOT,VIVOBIOT,511509,Vivo Bio Tech Limited,NSE,India,INE380K01017,,
VIYASH.NS,VIYASH,VIYASH,512529,Viyash Scientific Limited,NSE,India,INE807F01027,,
VJLAXMIE.BO,VJLAXMIE,,522267,VEEJAY LAKSHMI ENGINEERING WOR,BSE,India,INE466D01019,,
VJTFEDU.BO,VJTFEDU,,509026,VJTF EDUSERVICES LTD.,BSE,India,INE117F01013,,
VKAL.BO,VKAL,,539761,Vantage Knowledge Academy Limi,BSE,India,INE427T01025,,
VKGLOBAL.BO,VKGLOBAL,,530177,VK Global Industries Limited,BSE,India,INE758B01013,,
VLEGOV.NS,VLEGOV,VLEGOV,543958,VL E-Governance & IT Solutions Limited,NSE,India,INE03HW01020,,
VLINFRA.NS,VLINFRA,,,V.L.Infraprojects Limited,NSE,India,INE0QXL01015,,
VLL.BO,VLL,,539167,Virat Leasing Limited,BSE,India,INE347L01022,,
VLSFINANCE.NS,VLSFINANCE,VLSFINANCE,511333,VLS Finance Limited,NSE,India,INE709A01018,,
VMARCIND.NS,VMARCIND,,,V Marc India Limited,NSE,India,INE0GXK01018,,
VMART.NS,VMART,VMART,534976,V-Mart Retail Limited,NSE,India,INE665J01013,,
VMM.NS,VMM,VMM,544307,Vishal Mega Mart Limited,NSE,India,INE01EA01019,Consumer Services,
VMOBILE.NS,VMOBILE,,,Vinit Mobile Limited,NSE,India,INE27V201011,,
VMS.BO,VMS,,533427,VMS INDUSTRIES LTD.,BSE,India,INE932K01015,,
VMSTMT.NS,VMSTMT,VMSTMT,544521,VMS TMT Limited,NSE,India,INE0SJA01013,,
VOEPL.NS,VOEPL,VOEPL,543597,Virtuoso Optoelectronics Limited,NSE,India,INE0I0T01010,,
VOGL.NS,VOGL,VOGL,544782,Vedanta Oil and Gas Limited,NSE,India,INE704J01044,Oil Gas & Consumable Fuels,
VOITHPAPR.NS,VOITHPAPR,VOITHPAPR,522122,Voith Paper Fabrics India Limited,NSE,India,INE285C01015,,
VOLERCAR.NS,VOLERCAR,,,Voler Car Limited,NSE,India,INE241X01014,,
VOLKAI.BO,VOLKAI,,506122,Kairosoft AI Solutions Limited,BSE,India,INE820M01026,,
VOLLF.BO,VOLLF,,509038,VOLTAIRE LEASING & FINANCE LTD,BSE,India,INE763D01019,,
VOLTAMP.NS,VOLTAMP,VOLTAMP,532757,Voltamp Transformers Limited,NSE,India,INE540H01012,,
VOLTAS.NS,VOLTAS,VOLTAS,500575,Voltas Limited,NSE,India,INE226A01021,Consumer Durables,
VPAL.BO,VPAL,,544765,Vegorama Punjabi Angithi Limit,BSE,India,INE1L3801017,,
VPL.BO,VPL,,544011,Vrundavan Plantation Limited,BSE,India,INE0Q6901013,,
VPRPL.NS,VPRPL,VPRPL,543974,Vishnu Prakash R Punglia Limited,NSE,India,INE0AE001013,,
VR.NS,VR,,,V R Infraspace Limited,NSE,India,INE0QQM01017,,
VRAJ.NS,VRAJ,VRAJ,544204,Vraj Iron and Steel Limited,NSE,India,INE0S2V01010,,
VRFILMS.BO,VRFILMS,,542654,V R FILMS & STUDIOS LIMITED,BSE,India,INE06LG01010,,
VRL.BO,VRL,,538634,VASUNDHARA RASAYANS LTD,BSE,India,INE406F01010,,
VRLLOG.NS,VRLLOG,VRLLOG,539118,VRL Logistics Limited,NSE,India,INE366I01010,,
VRUDDHI.BO,VRUDDHI,,544157,Vruddhi Engineering Works Limi,BSE,India,INE0OMZ01013,,
VSCL.NS,VSCL,,,Vadivarhe Speciality Chemicals Limited,NSE,India,INE551Q01028,,
VSFPROJ.BO,VSFPROJ,,519331,VSF PROJECTS LTD.,BSE,India,INE923K01014,,
VSL.BO,VSL,,540252,Viram Suvarn Limited,BSE,India,INE607V01028,,
VSSL.NS,VSSL,VSSL,534392,Vardhman Special Steels Limited,NSE,India,INE050M01012,,
VSTIND.NS,VSTIND,VSTIND,509966,VST Industries Limited,NSE,India,INE710A01016,,
VSTL.NS,VSTL,VSTL,544124,Vibhor Steel Tubes Limited,NSE,India,INE0QTF01015,,
VSTTILLERS.NS,VSTTILLERS,VSTTILLERS,531266,V.S.T Tillers Tractors Limited,NSE,India,INE764D01017,,
VTL.NS,VTL,VTL,502986,Vardhman Textiles Limited,NSE,India,INE825A01020,Textiles,
VTMLTD.NS,VTMLTD,VTMLTD,532893,VTM Limited,NSE,India,INE222F01029,,
VVIPIL.BO,VVIPIL,,544219,VVIP Infratech Limited,BSE,India,INE0MNP01016,,
VXLINSTR.BO,VXLINSTR,,517399,VXL INSTRUMENTS LTD.,BSE,India,INE756A01019,,
WAA.BO,WAA,,541445,Waa Solar Limited,BSE,India,INE799N01012,,
WAAREE.BO,WAAREE,,539337,WAAREE TECHNOLOGIES LIMITED,BSE,India,INE725P01012,,
WAAREEENER.NS,WAAREEENER,WAAREEENER,544277,Waaree Energies Limited,NSE,India,INE377N01017,Capital Goods,
WAAREEINDO.NS,WAAREEINDO,WAAREEINDO,533257,Indosolar Limited,NSE,India,INE866K01023,,
WAAREERTL.NS,WAAREERTL,WAAREERTL,534618,Waaree Renewable Technologies Limited,NSE,India,INE299N01021,,
WABAG.NS,WABAG,WABAG,533269,VA Tech Wabag Limited,NSE,India,INE956G01038,,
WAGEND.BO,WAGEND,,503675,WAGEND INFRA VENTURE LIMITED,BSE,India,INE786K01023,,
WAKEFIT.NS,WAKEFIT,WAKEFIT,544642,Wakefit Innovations Limited,NSE,India,INE0E7301029,,
WALCHANNAG.NS,WALCHANNAG,WALCHANNAG,507410,Walchandnagar Industries Limited,NSE,India,INE711A01022,,
WALCHPF.BO,WALCHPF,,501370,WALCHAND PEOPLEFIRST LTD.,BSE,India,INE695D01021,,
WALLFORT.BO,WALLFORT,,532053,WALLFORT FINANCIAL SERVICES LT,BSE,India,INE121B01014,,
WALPAR.NS,WALPAR,,,Walpar Nutritions Limited,NSE,India,INE0G2G01015,,
WANBURY.NS,WANBURY,WANBURY,524212,Wanbury Limited,NSE,India,INE107F01022,,
WARDINMOBI.NS,WARDINMOBI,WARDINMOBI,538970,Wardwizard Innovations & Mobility Limited,NSE,India,INE945P01024,,
WARDWIZFBL.BO,WARDWIZFBL,,539132,Wardwizard Foods and Beverages,BSE,India,INE761D01021,,
WARRENTEA.BO,WARRENTEA,,508494,WARREN TEA LTD.,BSE,India,INE712A01012,,
WATERBASE.NS,WATERBASE,WATERBASE,523660,Waterbase Limited,NSE,India,INE054C01015,,
WCIL.NS,WCIL,WCIL,544258,Western Carriers (India) Limited,NSE,India,INE0CJF01024,,
WEALTH.NS,WEALTH,WEALTH,544536,Wealth First Portfolio Managers Limited,NSE,India,INE658T01017,,
WEBELSOLAR.NS,WEBELSOLAR,WEBELSOLAR,517498,Websol Energy System Limited,NSE,India,INE855C01023,,
WEIZMANIND.NS,WEIZMANIND,WEIZMANIND,523011,Weizmann Limited,NSE,India,INE080A01014,,
WEL.NS,WEL,WEL,543449,Wonder Electricals Limited,NSE,India,INE02WG01024,,
WELCORP.NS,WELCORP,WELCORP,532144,Welspun Corp Limited,NSE,India,INE191B01025,Capital Goods,
WELCURE.BO,WELCURE,,524661,WELCURE DRUGS & PHARMACEUTICAL,BSE,India,INE331C01025,,
WELENT.NS,WELENT,WELENT,532553,Welspun Enterprises Limited,NSE,India,INE625G01013,,
WELINV.NS,WELINV,WELINV,533252,Welspun Investments and Commercials Limited,NSE,India,INE389K01018,,
WELSPLSOL.NS,WELSPLSOL,WELSPLSOL,500365,Welspun Specialty Solutions Limited,NSE,India,INE731F01037,,
WELSPUNLIV.NS,WELSPUNLIV,WELSPUNLIV,514162,Welspun Living Limited,NSE,India,INE192B01031,Textiles,
WELTI.BO,WELTI,,526431,WELTERMAN INTERNATIONAL LTD.,BSE,India,INE662D01013,,
WENDT.NS,WENDT,WENDT,505412,Wendt (India) Limited,NSE,India,INE274C01019,,
WEPSOLN.BO,WEPSOLN,,532373,WEP SOLUTIONS LTD.,BSE,India,INE434B01029,,
WESTLEIRES.BO,WESTLEIRES,,538382,WEST LEISURE RESORTS LTD,BSE,India,INE266P01017,,
WESTLIFE.NS,WESTLIFE,WESTLIFE,505533,WESTLIFE FOODWORLD LIMITED,NSE,India,INE274F01020,,
WEWIN.NS,WEWIN,WEWIN,543535,WE WIN LIMITED,NSE,India,INE082W01014,,
WEWORK.NS,WEWORK,WEWORK,544570,WeWork India Management Limited,NSE,India,INE085001019,,
WHBRADY.NS,WHBRADY,WHBRADY,501391,WH Brady & Company Limited,NSE,India,INE855A01019,,
WHEELS.NS,WHEELS,WHEELS,590073,Wheels India Limited,NSE,India,INE715A01015,,
WHIRLPOOL.NS,WHIRLPOOL,WHIRLPOOL,500238,Whirlpool of India Limited,NSE,India,INE716A01013,Consumer Durables,
WHITEFORCE.NS,WHITEFORCE,,,Happy Square Outsourcing Services Limited,NSE,India,INE0TLP01015,,
WHITEORG.BO,WHITEORG,,513713,White Organic Agro Limited,BSE,India,INE146C01019,,
WILLAMAGOR.NS,WILLAMAGOR,WILLAMAGOR,519224,Williamson Magor & Company Limited,NSE,India,INE210A01017,,
WILLIMFI.BO,WILLIMFI,,519214,WILLIAMSON FINANCIAL SERVICES,BSE,India,INE188E01017,,
WINDLAS.NS,WINDLAS,WINDLAS,543329,Windlas Biotech Limited,NSE,India,INE0H5O01029,,
WINDMACHIN.NS,WINDMACHIN,WINDMACHIN,522029,Windsor Machines Limited,NSE,India,INE052A01021,,
WINNY.NS,WINNY,,,Winny Immigration & Education Services Limited,NSE,India,INE0S9101013,,
WINSOL.NS,WINSOL,,,Winsol Engineers Limited,NSE,India,INE0S3D01016,,
WINSOMBR.BO,WINSOMBR,,526471,WINSOME BREWERIES LTD.,BSE,India,INE391C01011,,
WINSOMTX.BO,WINSOMTX,,514470,WINSOME TEXTILE INDUSTRIES LTD,BSE,India,INE837B01031,,
WIPL.NS,WIPL,,,The Western India Plywoods Limited,NSE,India,INE215F01023,,
WIPRO.NS,WIPRO,WIPRO,507685,Wipro Limited,NSE,India,INE075A01022,Information Technology,
WIREFABR.BO,WIREFABR,,507817,WIRES & FABRIKS (SA) LTD.,BSE,India,INE469D01013,,
WOCKPHARMA.NS,WOCKPHARMA,WOCKPHARMA,532300,Wockhardt Limited,NSE,India,INE049B01025,Healthcare,
WOL3D.NS,WOL3D,,,Wol 3D India Limited,NSE,India,INE0OO201011,,
WOMANCART.NS,WOMANCART,,,Womancart Limited,NSE,India,INE0Q9601016,,
WOMENNET.BO,WOMENNET,,531396,WOMEN NETWORKS LTD.,BSE,India,INE905B01010,,
WONDERLA.NS,WONDERLA,WONDERLA,538268,Wonderla Holidays Limited,NSE,India,INE066O01014,,
WORKMATES.BO,WORKMATES,,544610,WORKMATES CORE2CLOUD SOLUTION,BSE,India,INE1I1301016,,
WORTH.BO,WORTH,,538451,WORTH INVESTMENT & TRADING CO,BSE,India,INE114O01020,,
WORTHPERI.NS,WORTHPERI,WORTHPERI,544577,Worth Peripherals Limited,NSE,India,INE196Y01018,,
WOSAL.BO,WOSAL,,544636,Western Overseas Study Abroad,BSE,India,INE1MF401019,,
WPIL.NS,WPIL,WPIL,505872,WPIL Limited,NSE,India,INE765D01022,,
WSFX.BO,WSFX,,511147,WSFX Global Pay Limited,BSE,India,INE549D01012,,
WSI.NS,WSI,WSI,504220,W S Industries (I) Limited,NSE,India,INE100D01014,,
WSTCSTPAPR.NS,WSTCSTPAPR,WSTCSTPAPR,500444,West Coast Paper Mills Limited,NSE,India,INE976A01021,,
WTICAB.NS,WTICAB,,,Wise Travel India Limited,NSE,India,INE623Y01011,,
WWALUM.BO,WWALUM,,526525,WORLDWIDE ALUMINIUM LIMITED,BSE,India,INE550D01010,,
XCHANGING.NS,XCHANGING,XCHANGING,532616,Xchanging Solutions Limited,NSE,India,INE692G01013,,
XELPMOC.NS,XELPMOC,XELPMOC,542367,Xelpmoc Design And Tech Limited,NSE,India,INE01P501012,,
XPROINDIA.NS,XPROINDIA,XPROINDIA,590013,Xpro India Limited,NSE,India,INE445C01015,,
XTGLOBAL.NS,XTGLOBAL,XTGLOBAL,531225,Xtglobal Infotech Limited,NSE,India,INE547B01028,,
XTRANET.NS,XTRANET,XTRANET,544838,Xtranet Technologies Limited,NSE,India,INE0NG701011,,
YAANENT.BO,YAANENT,,538521,YAAN ENTERPRISES LIMITED,BSE,India,INE969E01010,,
YAAP.NS,YAAP,,,Yaap Digital Limited,NSE,India,INE0U0J01015,,
YAASHVI.BO,YAASHVI,,544770,YAASHVI JEWELLERS LIMITED,BSE,India,INE1T6L01010,,
YAJUR.BO,YAJUR,,544676,YAJUR FIBRES LIMITED,BSE,India,INE0CNJ01010,,
YAMNINV.BO,YAMNINV,,511012,YAMINI INVESTMENTS COMPANY LTD,BSE,India,INE457N01025,,
YARNSYN.BO,YARNSYN,,514378,YARN SYNDICATE LTD.,BSE,India,INE564C01013,,
YASHCHEM.BO,YASHCHEM,,539939,Yash Chemex Limited,BSE,India,INE571U01010,,
YASHHTEJ.BO,YASHHTEJ,,544708,Yashhtej Industries (India) Li,BSE,India,INE1O6P01016,,
YASHHV.BO,YASHHV,,544310,Yash Highvoltage Limited,BSE,India,INE00GK01023,,
YASHINNO.BO,YASHINNO,,523650,YASH INNOVENTURES LIMITED,BSE,India,INE823D01011,,
YASHMGM.BO,YASHMGM,,511601,YASH MANAGEMENT & SATELLITE LT,BSE,India,INE216B01012,,
YASHO.NS,YASHO,YASHO,541167,Yasho Industries Limited,NSE,India,INE616Z01012,,
YASHOPTICS.NS,YASHOPTICS,,,Yash Optics & Lens Limited,NSE,India,INE0TO601017,,
YASHRAJC.BO,YASHRAJC,,530063,YASHRAJ CONTAINEURS LTD.,BSE,India,INE095C01018,,
YATHARTH.NS,YATHARTH,YATHARTH,543950,Yatharth Hospital & Trauma Care Services Limited,NSE,India,INE0JO301016,,
YATRA.NS,YATRA,YATRA,543992,Yatra Online Limited,NSE,India,INE0JR601024,,
YCCL.NS,YCCL,,,Yasons Chemex Care Limited,NSE,India,INE08S201019,,
YESBANK.NS,YESBANK,YESBANK,532648,Yes Bank Limited,NSE,India,INE528G01035,Financial Services,
YOGI.NS,YOGI,YOGI,511702,Yogi Limited,NSE,India,INE290E01011,,
YOGISUNG.BO,YOGISUNG,,522209,YOGI SUNG-WON (INDIA) LTD.,BSE,India,INE429B01011,,
YORKEXP.BO,YORKEXP,,530675,YORK EXPORTS LTD.,BSE,India,INE057Q01018,,
YSL.BO,YSL,,540980,The Yamuna Syndicate Ltd,BSE,India,INE868X01014,,
YUDIZ.NS,YUDIZ,,,Yudiz Solutions Limited,NSE,India,INE09FA01019,,
YUG.BO,YUG,,540550,Yug Decor Limited,BSE,India,INE796W01019,,
YUKEN.NS,YUKEN,YUKEN,522108,Yuken India Limited,NSE,India,INE384C01016,,
YUNIKM.BO,YUNIKM,,533149,Yunik Managing Advisors Limite,BSE,India,INE143K01019,,
YURANUS.BO,YURANUS,,536846,YURANUS INFRASTRUCTURE LTD,BSE,India,INE156M01017,,
YUVRAAJHPL.BO,YUVRAAJHPL,,531663,YUVRAAJ HYGIENE PRODUCTS LTD.,BSE,India,INE139D01020,,
ZAGGLE.NS,ZAGGLE,ZAGGLE,543985,Zaggle Prepaid Ocean Services Limited,NSE,India,INE07K301024,,
ZAPPFRESH.BO,ZAPPFRESH,,544568,DSM Fresh Foods Limited,BSE,India,INE0SUM01015,,
ZBINTXPP.BO,ZBINTXPP,,523054,BINAYAK TEX PROCESSORS LTD.,BSE,India,INE626H01019,,
ZDHJERK.BO,ZDHJERK,,531043,DHANVANTRI JEEVAN REKHA LTD.,BSE,India,INE239F01015,,
ZEAL.BO,ZEAL,,539963,Zeal Aqua Limited,BSE,India,INE819S01025,,
ZEAL.NS,ZEAL,,,Zeal Global Services Limited,NSE,India,INE0PPS01018,,
ZEEL.NS,ZEEL,ZEEL,505537,Zee Entertainment Enterprises Limited,NSE,India,INE256A01028,Media Entertainment & Publication,
ZEELEARN.NS,ZEELEARN,ZEELEARN,533287,Zee Learn Limited,NSE,India,INE565L01011,,
ZEEMEDIA.NS,ZEEMEDIA,ZEEMEDIA,532794,Zee Media Corporation Limited,NSE,India,INE966H01019,,
ZELIO.BO,ZELIO,,544563,Zelio E Mobility Limited,BSE,India,INE1B3501014,,
ZENIFIB.BO,ZENIFIB,,514266,ZENITH FIBRES LTD.,BSE,India,INE106C01013,,
ZENITHDRUG.NS,ZENITHDRUG,,,Zenith Drugs Limited,NSE,India,INE0QWN01013,,
ZENITHEXPO.NS,ZENITHEXPO,ZENITHEXPO,512553,Zenith Exports Limited,NSE,India,INE058B01018,,
ZENITHHE.BO,ZENITHHE,,530665,ZENITH HEALTH CARE LTD.,BSE,India,INE812B01026,,
ZENITHSTL.NS,ZENITHSTL,ZENITHSTL,531845,Zenith Steel Pipes & Industries Limited,NSE,India,INE318D01020,,
ZENLABS.BO,ZENLABS,,530697,Zenlabs Ethica Limited,BSE,India,INE546F01013,,
ZENOTECH.BO,ZENOTECH,,532039,ZENOTECH LABORATORIES LTD.,BSE,India,INE486F01012,,
ZENSARTECH.NS,ZENSARTECH,ZENSARTECH,504067,Zensar Technologies Limited,NSE,India,INE520A01027,Information Technology,
ZENTEC.NS,ZENTEC,ZENTEC,533339,Zen Technologies Limited,NSE,India,INE251B01027,Capital Goods,
ZFCVINDIA.NS,ZFCVINDIA,ZFCVINDIA,533023,ZF Commercial Vehicle Control Systems India Limited,NSE,India,INE342J01019,Automobile and Auto Components,
ZFSTEERING.NS,ZFSTEERING,ZFSTEERING,505163,ZF Steering Gear (India) Limited,NSE,India,INE116C01012,,
ZIMLAB.NS,ZIMLAB,ZIMLAB,541400,Zim Laboratories Limited,NSE,India,INE518E01015,,
ZKHANDEN.BO,ZKHANDEN,,519064,KHANDELWAL EXTRACTION LTD.,BSE,India,INE687W01010,,
ZMILGFIN.BO,ZMILGFIN,,511018,MILGREY FINANCE & INVESTMENT L,BSE,India,INE679T01013,,
ZMULTIPU.BO,ZMULTIPU,,504356,MULTIPURPOSE TRADING & AGENCIE,BSE,India,INE017P01014,,
ZODIAC.NS,ZODIAC,ZODIAC,543416,Zodiac Energy Limited,NSE,India,INE761Y01019,,
ZODIACLOTH.NS,ZODIACLOTH,ZODIACLOTH,521163,Zodiac Clothing Company Limited,NSE,India,INE206B01013,,
ZODIACVEN.BO,ZODIACVEN,,503641,ZODIAC VENTURES LIMITED,BSE,India,INE945J01027,,
ZODJRDMKJ.BO,ZODJRDMKJ,,512587,ZODIAC-JRD-MKJ LTD.,BSE,India,INE077B01018,,
ZOTA.NS,ZOTA,,,Zota Health Care LImited,NSE,India,INE358U01012,,
ZR2.BO,ZR2,,506640,ZR2 BIOENERGY LIMITED,BSE,India,INE218N01021,,
ZSARACOM.NS,ZSARACOM,ZSARACOM,512020,Saraswati Commercial India Limited,NSE,India,INE967G01019,,
ZSVARAJT.BO,ZSVARAJT,,503624,SVARAJ TRADING & AGENCIES LTD.,BSE,India,INE406N01014,,
ZTECH.NS,ZTECH,,,Z-Tech (India) Limited,NSE,India,INE0ISZ01012,,
ZUARI.NS,ZUARI,ZUARI,534742,Zuari Agro Chemicals Limited,NSE,India,INE840M01016,,
ZUARIIND.NS,ZUARIIND,ZUARIIND,500780,ZUARI INDUSTRIES LIMITED,NSE,India,INE217A01012,,
ZWELCAST.BO,ZWELCAST,,504988,WELCAST STEELS LTD.,BSE,India,INE380G01015,,
ZYDUSLIFE.NS,ZYDUSLIFE,ZYDUSLIFE,532321,Zydus Lifesciences Limited,NSE,India,INE010B01027,Healthcare,
ZYDUSWELL.NS,ZYDUSWELL,ZYDUSWELL,531335,Zydus Wellness Limited,NSE,India,INE768C01028,Fast Moving Consumer Goods,
A,A,,,Agilent Technologies,US,United States,,Life Sciences Tools & Services,
AAPL,AAPL,,,Apple Inc.,US,United States,,"Technology Hardware, Storage & Peripherals",
ABBV,ABBV,,,AbbVie,US,United States,,Biotechnology,
ABNB,ABNB,,,Airbnb,US,United States,,"Hotels, Resorts & Cruise Lines",
ABT,ABT,,,Abbott Laboratories,US,United States,,Health Care Equipment,
ACGL,ACGL,,,Arch Capital Group,US,United States,,Property & Casualty Insurance,
ACN,ACN,,,Accenture,US,United States,,IT Consulting & Other Services,
ADBE,ADBE,,,Adobe Inc.,US,United States,,Application Software,
ADI,ADI,,,Analog Devices,US,United States,,Semiconductors,
ADM,ADM,,,Archer Daniels Midland,US,United States,,Agricultural Products & Services,
ADP,ADP,,,Automatic Data Processing,US,United States,,Human Resource & Employment Services,
ADSK,ADSK,,,Autodesk,US,United States,,Application Software,
AEE,AEE,,,Ameren,US,United States,,Multi-Utilities,
AEP,AEP,,,American Electric Power,US,United States,,Electric Utilities,
AES,AES,,,AES Corporation,US,United States,,Independent Power Producers & Energy Traders,
AFL,AFL,,,Aflac,US,United States,,Life & Health Insurance,
AIG,AIG,,,American International Group,US,United States,,Multi-line Insurance,
AIZ,AIZ,,,Assurant,US,United States,,Multi-line Insurance,
AJG,AJG,,,Arthur J. Gallagher & Co.,US,United States,,Insurance Brokers,
AKAM,AKAM,,,Akamai Technologies,US,United States,,Internet Services & Infrastructure,
ALAB,ALAB,,,Astera Labs,US,United States,,,
ALB,ALB,,,Albemarle Corporation,US,United States,,Specialty Chemicals,
ALGN,ALGN,,,Align Technology,US,United States,,Health Care Supplies,
ALL,ALL,,,Allstate,US,United States,,Property & Casualty Insurance,
ALLE,ALLE,,,Allegion,US,United States,,Building Products,
ALNY,ALNY,,,Alnylam Pharmaceuticals,US,United States,,,
AMAT,AMAT,,,Applied Materials,US,United States,,Semiconductor Materials & Equipment,
AMCR,AMCR,,,Amcor,US,United States,,Paper & Plastic Packaging Products & Materials,
AMD,AMD,,,Advanced Micro Devices,US,United States,,Semiconductors,
AME,AME,,,Ametek,US,United States,,Electrical Components & Equipment,
AMGN,AMGN,,,Amgen,US,United States,,Biotechnology,
AMP,AMP,,,Ameriprise Financial,US,United States,,Asset Management & Custody Banks,
AMT,AMT,,,American Tower,US,United States,,Telecom Tower REITs,
AMZN,AMZN,,,Amazon,US,United States,,Broadline Retail,
ANET,ANET,,,Arista Networks,US,United States,,Communications Equipment,
AON,AON,,,Aon plc,US,United States,,Insurance Brokers,
AOS,AOS,,,A. O. Smith,US,United States,,Building Products,
APA,APA,,,APA Corporation,US,United States,,Oil & Gas Exploration & Production,
APD,APD,,,Air Products,US,United States,,Industrial Gases,
APH,APH,,,Amphenol,US,United States,,Electronic Components,
APO,APO,,,Apollo Global Management,US,United States,,Asset Management & Custody Banks,
APP,APP,,,AppLovin,US,United States,,Advertising,
APTV,APTV,,,Aptiv,US,United States,,Automotive Parts & Equipment,
ARE,ARE,,,Alexandria Real Estate Equities,US,United States,,Office REITs,
ARES,ARES,,,Ares Management,US,United States,,Asset Management & Custody Banks,
ARM,ARM,,,Arm Holdings,US,United States,,,
ASML,ASML,,,ASML Holding,US,United States,,,
ATO,ATO,,,Atmos Energy,US,United States,,Gas Utilities,
AVGO,AVGO,,,Broadcom,US,United States,,Semiconductors,
AVY,AVY,,,Avery Dennison,US,United States,,Paper & Plastic Packaging Products & Materials,
AWK,AWK,,,American Water Works,US,United States,,Water Utilities,
AXON,AXON,,,Axon Enterprise,US,United States,,Aerospace & Defense,
AXP,AXP,,,American Express,US,United States,,Consumer Finance,
AZO,AZO,,,AutoZone,US,United States,,Automotive Retail,
BA,BA,,,Boeing,US,United States,,Aerospace & Defense,
BAC,BAC,,,Bank of America,US,United States,,Diversified Banks,
BALL,BALL,,,Ball Corporation,US,United States,,"Metal, Glass & Plastic Containers",
BAX,BAX,,,Baxter International,US,United States,,Health Care Equipment,
BBY,BBY,,,Best Buy,US,United States,,Computer & Electronics Retail,
BDX,BDX,,,Becton Dickinson,US,United States,,Health Care Equipment,
BE,BE,,,Bloom Energy,US,United States,,Electrical Components & Equipment,
BEN,BEN,,,Franklin Resources,US,United States,,Asset Management & Custody Banks,
BF-B,BF.B,,,Brown–Forman,US,United States,,Distillers & Vintners,
BG,BG,,,Bunge Global,US,United States,,Agricultural Products & Services,
BIIB,BIIB,,,Biogen,US,United States,,Biotechnology,
BKNG,BKNG,,,Booking Holdings,US,United States,,"Hotels, Resorts & Cruise Lines",
BKR,BKR,,,Baker Hughes,US,United States,,Oil & Gas Equipment & Services,
BLK,BLK,,,BlackRock,US,United States,,Asset Management & Custody Banks,
BMY,BMY,,,Bristol Myers Squibb,US,United States,,Pharmaceuticals,
BNY,BNY,,,BNY Mellon,US,United States,,Asset Management & Custody Banks,
BR,BR,,,Broadridge Financial Solutions,US,United States,,Data Processing & Outsourced Services,
BRK-B,BRK.B,,,Berkshire Hathaway,US,United States,,Multi-Sector Holdings,
BRO,BRO,,,Brown & Brown,US,United States,,Insurance Brokers,
BSX,BSX,,,Boston Scientific,US,United States,,Health Care Equipment,
BX,BX,,,Blackstone Inc.,US,United States,,Asset Management & Custody Banks,
BXP,BXP,,,"BXP, Inc.",US,United States,,Office REITs,
C,C,,,Citigroup,US,United States,,Diversified Banks,
CAH,CAH,,,Cardinal Health,US,United States,,Health Care Distributors,
CARR,CARR,,,Carrier Global,US,United States,,Building Products,
CASY,CASY,,,Casey's,US,United States,,Food Retail,
CAT,CAT,,,Caterpillar Inc.,US,United States,,Construction Machinery & Heavy Transportation Equipment,
CB,CB,,,Chubb Limited,US,United States,,Property & Casualty Insurance,
CBOE,CBOE,,,Cboe Global Markets,US,United States,,Financial Exchanges & Data,
CBRE,CBRE,,,CBRE Group,US,United States,,Real Estate Services,
CCEP,CCEP,,,Coca-Cola Europacific Partners,US,United States,,,
CCI,CCI,,,Crown Castle,US,United States,,Telecom Tower REITs,
CCL,CCL,,,Carnival Corporation,US,United States,,"Hotels, Resorts & Cruise Lines",
CDNS,CDNS,,,Cadence Design Systems,US,United States,,Application Software,
CDW,CDW,,,CDW Corporation,US,United States,,Technology Distributors,
CEG,CEG,,,Constellation Energy,US,United States,,Electric Utilities,
CF,CF,,,CF Industries,US,United States,,Fertilizers & Agricultural Chemicals,
CFG,CFG,,,Citizens Financial Group,US,United States,,Regional Banks,
CHD,CHD,,,Church & Dwight,US,United States,,Household Products,
CHRW,CHRW,,,C.H. Robinson,US,United States,,Air Freight & Logistics,
CHTR,CHTR,,,Charter Communications,US,United States,,Cable & Satellite,
CI,CI,,,Cigna,US,United States,,Health Care Services,
CIEN,CIEN,,,Ciena,US,United States,,Communications Equipment,
CINF,CINF,,,Cincinnati Financial,US,United States,,Property & Casualty Insurance,
CL,CL,,,Colgate-Palmolive,US,United States,,Household Products,
CLX,CLX,,,Clorox,US,United States,,Household Products,
CMCSA,CMCSA,,,Comcast,US,United States,,Cable & Satellite,
CME,CME,,,CME Group,US,United States,,Financial Exchanges & Data,
CMG,CMG,,,Chipotle Mexican Grill,US,United States,,Restaurants,
CMI,CMI,,,Cummins,US,United States,,Construction Machinery & Heavy Transportation Equipment,
CMS,CMS,,,CMS Energy,US,United States,,Multi-Utilities,
CNC,CNC,,,Centene Corporation,US,United States,,Managed Health Care,
CNP,CNP,,,CenterPoint Energy,US,United States,,Multi-Utilities,
COF,COF,,,Capital One,US,United States,,Consumer Finance,
COHR,COHR,,,Coherent Corp.,US,United States,,Electronic Components,
COIN,COIN,,,Coinbase,US,United States,,Financial Exchanges & Data,
COO,COO,,,Cooper Companies (The),US,United States,,Health Care Supplies,
COP,COP,,,ConocoPhillips,US,United States,,Oil & Gas Exploration & Production,
COR,COR,,,Cencora,US,United States,,Health Care Distributors,
COST,COST,,,Costco,US,United States,,Consumer Staples Merchandise Retail,
CPAY,CPAY,,,Corpay,US,United States,,Transaction & Payment Processing Services,
CPRT,CPRT,,,Copart,US,United States,,Diversified Support Services,
CPT,CPT,,,Camden Property Trust,US,United States,,Multi-Family Residential REITs,
CRH,CRH,,,CRH plc,US,United States,,Construction Materials,
CRL,CRL,,,Charles River Laboratories,US,United States,,Life Sciences Tools & Services,
CRM,CRM,,,Salesforce,US,United States,,Application Software,
CRWD,CRWD,,,CrowdStrike,US,United States,,Systems Software,
CRWV,CRWV,,,CoreWeave,US,United States,,,
CSCO,CSCO,,,Cisco,US,United States,,Communications Equipment,
CSGP,CSGP,,,CoStar Group,US,United States,,Real Estate Services,
CSX,CSX,,,CSX Corporation,US,United States,,Rail Transportation,
CTAS,CTAS,,,Cintas,US,United States,,Diversified Support Services,
CTSH,CTSH,,,Cognizant,US,United States,,IT Consulting & Other Services,
CTVA,CTVA,,,Corteva,US,United States,,Fertilizers & Agricultural Chemicals,
CVNA,CVNA,,,Carvana,US,United States,,Automotive Retail,
CVS,CVS,,,CVS Health,US,United States,,Health Care Services,
CVX,CVX,,,Chevron Corporation,US,United States,,Integrated Oil & Gas,
D,D,,,Dominion Energy,US,United States,,Multi-Utilities,
DAL,DAL,,,Delta Air Lines,US,United States,,Passenger Airlines,
DASH,DASH,,,DoorDash,US,United States,,Specialized Consumer Services,
DD,DD,,,DuPont,US,United States,,Industrial Conglomerates,
DDOG,DDOG,,,Datadog,US,United States,,Application Software,
DE,DE,,,Deere & Company,US,United States,,Agricultural & Farm Machinery,
DECK,DECK,,,Deckers Brands,US,United States,,Footwear,
DELL,DELL,,,Dell Technologies,US,United States,,"Technology Hardware, Storage & Peripherals",
DG,DG,,,Dollar General,US,United States,,Consumer Staples Merchandise Retail,
DGX,DGX,,,Quest Diagnostics,US,United States,,Health Care Services,
DHI,DHI,,,D. R. Horton,US,United States,,Homebuilding,
DHR,DHR,,,Danaher Corporation,US,United States,,Life Sciences Tools & Services,
DIS,DIS,,,Walt Disney Company (The),US,United States,,Movies & Entertainment,
DLR,DLR,,,Digital Realty,US,United States,,Data Center REITs,
DLTR,DLTR,,,Dollar Tree,US,United States,,Consumer Staples Merchandise Retail,
DOC,DOC,,,Healthpeak Properties,US,United States,,Health Care REITs,
DOV,DOV,,,Dover Corporation,US,United States,,Industrial Machinery & Supplies & Components,
DOW,DOW,,,Dow Inc.,US,United States,,Commodity Chemicals,
DPZ,DPZ,,,Domino's,US,United States,,Restaurants,
DRI,DRI,,,Darden Restaurants,US,United States,,Restaurants,
DTE,DTE,,,DTE Energy,US,United States,,Multi-Utilities,
DUK,DUK,,,Duke Energy,US,United States,,Electric Utilities,
DVA,DVA,,,DaVita,US,United States,,Health Care Services,
DVN,DVN,,,Devon Energy,US,United States,,Oil & Gas Exploration & Production,
DXCM,DXCM,,,Dexcom,US,United States,,Health Care Equipment,
EBAY,EBAY,,,eBay Inc.,US,United States,,Broadline Retail,
ECHO,ECHO,,,EchoStar,US,United States,,Wireless Telecommunication Services,
ECL,ECL,,,Ecolab,US,United States,,Specialty Chemicals,
ED,ED,,,Consolidated Edison,US,United States,,Multi-Utilities,
EFX,EFX,,,Equifax,US,United States,,Research & Consulting Services,
EG,EG,,,Everest Group,US,United States,,Reinsurance,
EIX,EIX,,,Edison International,US,United States,,Electric Utilities,
EL,EL,,,Estée Lauder Companies (The),US,United States,,Personal Care Products,
ELV,ELV,,,Elevance Health,US,United States,,Managed Health Care,
EME,EME,,,Emcor,US,United States,,Construction & Engineering,
EMR,EMR,,,Emerson Electric,US,United States,,Electrical Components & Equipment,
EOG,EOG,,,EOG Resources,US,United States,,Oil & Gas Exploration & Production,
EQIX,EQIX,,,Equinix,US,United States,,Data Center REITs,
EQT,EQT,,,EQT Corporation,US,United States,,Oil & Gas Exploration & Production,
ERIE,ERIE,,,Erie Indemnity,US,United States,,Insurance Brokers,
ES,ES,,,Eversource Energy,US,United States,,Electric Utilities,
ESS,ESS,,,Essex Property Trust,US,United States,,Multi-Family Residential REITs,
ETN,ETN,,,Eaton Corporation,US,United States,,Electrical Components & Equipment,
ETR,ETR,,,Entergy,US,United States,,Electric Utilities,
EVRG,EVRG,,,Evergy,US,United States,,Electric Utilities,
EW,EW,,,Edwards Lifesciences,US,United States,,Health Care Equipment,
EXC,EXC,,,Exelon,US,United States,,Electric Utilities,
EXE,EXE,,,Expand Energy,US,United States,,Oil & Gas Exploration & Production,
EXPD,EXPD,,,Expeditors International,US,United States,,Air Freight & Logistics,
EXPE,EXPE,,,Expedia Group,US,United States,,"Hotels, Resorts & Cruise Lines",
EXR,EXR,,,Extra Space Storage,US,United States,,Self-Storage REITs,
F,F,,,Ford Motor Company,US,United States,,Automobile Manufacturers,
FANG,FANG,,,Diamondback Energy,US,United States,,Oil & Gas Exploration & Production,
FAST,FAST,,,Fastenal,US,United States,,Trading Companies & Distributors,
FCX,FCX,,,Freeport-McMoRan,US,United States,,Copper,
FDS,FDS,,,FactSet,US,United States,,Financial Exchanges & Data,
FDX,FDX,,,FedEx,US,United States,,Air Freight & Logistics,
FDXF,FDXF,,,FedEx Freight,US,United States,,Cargo Ground Transportation,
FE,FE,,,FirstEnergy,US,United States,,Electric Utilities,
FER,FER,,,Ferrovial,US,United States,,,
FERG,FERG,,,Ferguson Enterprises,US,United States,,Trading Companies & Distributors,
FFIV,FFIV,,,"F5, Inc.",US,United States,,Communications Equipment,
FICO,FICO,,,Fair Isaac,US,United States,,Application Software,
FIS,FIS,,,Fidelity National Information Services,US,United States,,Transaction & Payment Processing Services,
FISV,FISV,,,Fiserv,US,United States,,Transaction & Payment Processing Services,
FITB,FITB,,,Fifth Third Bancorp,US,United States,,Regional Banks,
FIX,FIX,,,Comfort Systems USA,US,United States,,Construction & Engineering,
FLEX,FLEX,,,Flex Ltd.,US,United States,,Electronic Manufacturing Services,
FOX,FOX,,,Fox Corporation (Class B),US,United States,,Broadcasting,
FOXA,FOXA,,,Fox Corporation (Class A),US,United States,,Broadcasting,
FRT,FRT,,,Federal Realty Investment Trust,US,United States,,Retail REITs,
FSLR,FSLR,,,First Solar,US,United States,,Semiconductors,
FTNT,FTNT,,,Fortinet,US,United States,,Systems Software,
FTV,FTV,,,Fortive,US,United States,,Industrial Machinery & Supplies & Components,
GD,GD,,,General Dynamics,US,United States,,Aerospace & Defense,
GDDY,GDDY,,,GoDaddy,US,United States,,Internet Services & Infrastructure,
GE,GE,,,GE Aerospace,US,United States,,Aerospace & Defense,
GEHC,GEHC,,,GE HealthCare,US,United States,,Health Care Equipment,
GEN,GEN,,,Gen Digital,US,United States,,Systems Software,
GEV,GEV,,,GE Vernova,US,United States,,Heavy Electrical Equipment,
GILD,GILD,,,Gilead Sciences,US,United States,,Biotechnology,
GIS,GIS,,,General Mills,US,United States,,Packaged Foods & Meats,
GL,GL,,,Globe Life,US,United States,,Life & Health Insurance,
GLW,GLW,,,Corning Inc.,US,United States,,Electronic Components,
GM,GM,,,General Motors,US,United States,,Automobile Manufacturers,
GNRC,GNRC,,,Generac,US,United States,,Heavy Electrical Equipment,
GOOG,GOOG,,,Alphabet Inc. (Class C),US,United States,,Interactive Media & Services,
GOOGL,GOOGL,,,Alphabet Inc. (Class A),US,United States,,Interactive Media & Services,
GPC,GPC,,,Genuine Parts Company,US,United States,,Distributors,
GPN,GPN,,,Global Payments,US,United States,,Transaction & Payment Processing Services,
GRMN,GRMN,,,Garmin,US,United States,,Consumer Electronics,
GS,GS,,,Goldman Sachs,US,United States,,Investment Banking & Brokerage,
GWW,GWW,,,W. W. Grainger,US,United States,,Industrial Machinery & Supplies & Components,
HAL,HAL,,,Halliburton,US,United States,,Oil & Gas Equipment & Services,
HAS,HAS,,,Hasbro,US,United States,,Leisure Products,
HBAN,HBAN,,,Huntington Bancshares,US,United States,,Regional Banks,
HCA,HCA,,,HCA Healthcare,US,United States,,Health Care Facilities,
HD,HD,,,Home Depot (The),US,United States,,Home Improvement Retail,
HIG,HIG,,,Hartford (The),US,United States,,Property & Casualty Insurance,
HII,HII,,,Huntington Ingalls Industries,US,United States,,Aerospace & Defense,
HLT,HLT,,,Hilton Worldwide,US,United States,,"Hotels, Resorts & Cruise Lines",
HON,HON,,,Honeywell Technologies,US,United States,,Industrial Conglomerates,
HONA,HONA,,,Honeywell Aerospace,US,United States,,Aerospace & Defense,
HOOD,HOOD,,,Robinhood Markets,US,United States,,Investment Banking & Brokerage,
HPE,HPE,,,Hewlett Packard Enterprise,US,United States,,"Technology Hardware, Storage & Peripherals",
HPQ,HPQ,,,HP Inc.,US,United States,,"Technology Hardware, Storage & Peripherals",
HRL,HRL,,,Hormel Foods,US,United States,,Packaged Foods & Meats,
HSIC,HSIC,,,Henry Schein,US,United States,,Health Care Distributors,
HST,HST,,,Host Hotels & Resorts,US,United States,,Hotel & Resort REITs,
HSY,HSY,,,Hershey Company (The),US,United States,,Packaged Foods & Meats,
HUBB,HUBB,,,Hubbell Incorporated,US,United States,,Industrial Machinery & Supplies & Components,
HUM,HUM,,,Humana,US,United States,,Managed Health Care,
HWM,HWM,,,Howmet Aerospace,US,United States,,Aerospace & Defense,
IBKR,IBKR,,,Interactive Brokers,US,United States,,Investment Banking & Brokerage,
IBM,IBM,,,IBM,US,United States,,IT Consulting & Other Services,
ICE,ICE,,,Intercontinental Exchange,US,United States,,Financial Exchanges & Data,
IDXX,IDXX,,,Idexx Laboratories,US,United States,,Health Care Equipment,
IEX,IEX,,,IDEX Corporation,US,United States,,Industrial Machinery & Supplies & Components,
IFF,IFF,,,International Flavors & Fragrances,US,United States,,Specialty Chemicals,
ILMN,ILMN,,,"Illumina, Inc.",US,United States,,Life Sciences Tools & Services,
INCY,INCY,,,Incyte,US,United States,,Biotechnology,
INTC,INTC,,,Intel,US,United States,,Semiconductors,
INTU,INTU,,,Intuit,US,United States,,Application Software,
INVH,INVH,,,Invitation Homes,US,United States,,Single-Family Residential REITs,
IP,IP,,,International Paper,US,United States,,Paper & Plastic Packaging Products & Materials,
IQV,IQV,,,IQVIA,US,United States,,Life Sciences Tools & Services,
IR,IR,,,Ingersoll Rand,US,United States,,Industrial Machinery & Supplies & Components,
IRM,IRM,,,Iron Mountain,US,United States,,Other Specialized REITs,
ISRG,ISRG,,,Intuitive Surgical,US,United States,,Health Care Equipment,
IT,IT,,,Gartner,US,United States,,IT Consulting & Other Services,
ITW,ITW,,,Illinois Tool Works,US,United States,,Industrial Machinery & Supplies & Components,
IVZ,IVZ,,,Invesco,US,United States,,Asset Management & Custody Banks,
J,J,,,Jacobs Solutions,US,United States,,Construction & Engineering,
JBHT,JBHT,,,J.B. Hunt,US,United States,,Cargo Ground Transportation,
JBL,JBL,,,Jabil,US,United States,,Electronic Manufacturing Services,
JCI,JCI,,,Johnson Controls,US,United States,,Building Products,
JKHY,JKHY,,,Jack Henry & Associates,US,United States,,Transaction & Payment Processing Services,
JNJ,JNJ,,,Johnson & Johnson,US,United States,,Pharmaceuticals,
JPM,JPM,,,JPMorgan Chase,US,United States,,Diversified Banks,
KDP,KDP,,,Keurig Dr Pepper,US,United States,,Soft Drinks & Non-alcoholic Beverages,
KEY,KEY,,,KeyCorp,US,United States,,Regional Banks,
KEYS,KEYS,,,Keysight Technologies,US,United States,,Electronic Equipment & Instruments,
KHC,KHC,,,Kraft Heinz,US,United States,,Packaged Foods & Meats,
KIM,KIM,,,Kimco Realty,US,United States,,Retail REITs,
KKR,KKR,,,KKR & Co.,US,United States,,Asset Management & Custody Banks,
KLAC,KLAC,,,KLA Corporation,US,United States,,Semiconductor Materials & Equipment,
KMB,KMB,,,Kimberly-Clark,US,United States,,Household Products,
KMI,KMI,,,Kinder Morgan,US,United States,,Oil & Gas Storage & Transportation,
KO,KO,,,Coca-Cola Company (The),US,United States,,Soft Drinks & Non-alcoholic Beverages,
KR,KR,,,Kroger,US,United States,,Food Retail,
KVUE,KVUE,,,Kenvue,US,United States,,Personal Care Products,
L,L,,,Loews Corporation,US,United States,,Multi-line Insurance,
LDOS,LDOS,,,Leidos,US,United States,,Diversified Support Services,
LEN,LEN,,,Lennar,US,United States,,Homebuilding,
LH,LH,,,Labcorp,US,United States,,Health Care Services,
LHX,LHX,,,L3Harris,US,United States,,Aerospace & Defense,
LII,LII,,,Lennox International,US,United States,,Building Products,
LIN,LIN,,,Linde plc,US,United States,,Industrial Gases,
LITE,LITE,,,Lumentum,US,United States,,Communications Equipment,
LLY,LLY,,,Lilly (Eli),US,United States,,Pharmaceuticals,
LMT,LMT,,,Lockheed Martin,US,United States,,Aerospace & Defense,
LNT,LNT,,,Alliant Energy,US,United States,,Electric Utilities,
LOW,LOW,,,Lowe's,US,United States,,Home Improvement Retail,
LRCX,LRCX,,,Lam Research,US,United States,,Semiconductor Materials & Equipment,
LULU,LULU,,,Lululemon Athletica,US,United States,,"Apparel, Accessories & Luxury Goods",
LUV,LUV,,,Southwest Airlines,US,United States,,Passenger Airlines,
LVS,LVS,,,Las Vegas Sands,US,United States,,Casinos & Gaming,
LYB,LYB,,,LyondellBasell,US,United States,,Specialty Chemicals,
LYV,LYV,,,Live Nation Entertainment,US,United States,,Movies & Entertainment,
MA,MA,,,Mastercard,US,United States,,Transaction & Payment Processing Services,
MAA,MAA,,,Mid-America Apartment Communities,US,United States,,Multi-Family Residential REITs,
MAR,MAR,,,Marriott International,US,United States,,"Hotels, Resorts & Cruise Lines",
MAS,MAS,,,Masco,US,United States,,Building Products,
MCD,MCD,,,McDonald's,US,United States,,Restaurants,
MCHP,MCHP,,,Microchip Technology,US,United States,,Semiconductors,
MCK,MCK,,,McKesson Corporation,US,United States,,Health Care Distributors,
MCO,MCO,,,Moody's Corporation,US,United States,,Financial Exchanges & Data,
MDLZ,MDLZ,,,Mondelez International,US,United States,,Packaged Foods & Meats,
MDT,MDT,,,Medtronic,US,United States,,Health Care Equipment,
MELI,MELI,,,Mercado Libre,US,United States,,,
MET,MET,,,MetLife,US,United States,,Life & Health Insurance,
META,META,,,Meta Platforms,US,United States,,Interactive Media & Services,
MGM,MGM,,,MGM Resorts,US,United States,,Casinos & Gaming,
MKC,MKC,,,McCormick & Company,US,United States,,Packaged Foods & Meats,
MLM,MLM,,,Martin Marietta Materials,US,United States,,Construction Materials,
MMM,MMM,,,3M,US,United States,,Industrial Conglomerates,
MNST,MNST,,,Monster Beverage,US,United States,,Soft Drinks & Non-alcoholic Beverages,
MO,MO,,,Altria,US,United States,,Tobacco,
MOS,MOS,,,Mosaic Company (The),US,United States,,Fertilizers & Agricultural Chemicals,
MPC,MPC,,,Marathon Petroleum,US,United States,,Oil & Gas Refining & Marketing,
MPWR,MPWR,,,Monolithic Power Systems,US,United States,,Semiconductors,
MRK,MRK,,,Merck & Co.,US,United States,,Pharmaceuticals,
MRNA,MRNA,,,Moderna,US,United States,,Biotechnology,
MRSH,MRSH,,,Marsh McLennan,US,United States,,Insurance Brokers,
MRVL,MRVL,,,Marvell Technology,US,United States,,Semiconductors,
MS,MS,,,Morgan Stanley,US,United States,,Investment Banking & Brokerage,
MSCI,MSCI,,,MSCI,US,United States,,Financial Exchanges & Data,
MSFT,MSFT,,,Microsoft,US,United States,,Systems Software,
MSI,MSI,,,Motorola Solutions,US,United States,,Communications Equipment,
MSTR,MSTR,,,MicroStrategy,US,United States,,,
MTB,MTB,,,M&T Bank,US,United States,,Regional Banks,
MTD,MTD,,,Mettler Toledo,US,United States,,Life Sciences Tools & Services,
MU,MU,,,Micron Technology,US,United States,,Semiconductors,
NBIS,NBIS,,,Nebius Group,US,United States,,,
NCLH,NCLH,,,Norwegian Cruise Line Holdings,US,United States,,"Hotels, Resorts & Cruise Lines",
NDAQ,NDAQ,,,"Nasdaq, Inc.",US,United States,,Financial Exchanges & Data,
NDSN,NDSN,,,Nordson Corporation,US,United States,,Industrial Machinery & Supplies & Components,
NEE,NEE,,,NextEra Energy,US,United States,,Multi-Utilities,
NEM,NEM,,,Newmont,US,United States,,Gold,
NFLX,NFLX,,,Netflix,US,United States,,Movies & Entertainment,
NI,NI,,,NiSource,US,United States,,Multi-Utilities,
NKE,NKE,,,"Nike, Inc.",US,United States,,"Apparel, Accessories & Luxury Goods",
NOC,NOC,,,Northrop Grumman,US,United States,,Aerospace & Defense,
NOW,NOW,,,ServiceNow,US,United States,,Systems Software,
NRG,NRG,,,NRG Energy,US,United States,,Independent Power Producers & Energy Traders,
NSC,NSC,,,Norfolk Southern,US,United States,,Rail Transportation,
NTAP,NTAP,,,NetApp,US,United States,,"Technology Hardware, Storage & Peripherals",
NTRS,NTRS,,,Northern Trust,US,United States,,Asset Management & Custody Banks,
NUE,NUE,,,Nucor,US,United States,,Steel,
NVDA,NVDA,,,Nvidia,US,United States,,Semiconductors,
NVR,NVR,,,"NVR, Inc.",US,United States,,Homebuilding,
NWS,NWS,,,News Corp (Class B),US,United States,,Publishing,
NWSA,NWSA,,,News Corp (Class A),US,United States,,Publishing,
NXPI,NXPI,,,NXP Semiconductors,US,United States,,Semiconductors,
O,O,,,Realty Income,US,United States,,Retail REITs,
ODFL,ODFL,,,Old Dominion,US,United States,,Cargo Ground Transportation,
OKE,OKE,,,Oneok,US,United States,,Oil & Gas Storage & Transportation,
OMC,OMC,,,Omnicom Group,US,United States,,Advertising,
ON,ON,,,ON Semiconductor,US,United States,,Semiconductors,
ORCL,ORCL,,,Oracle Corporation,US,United States,,Application Software,
ORLY,ORLY,,,O'Reilly Automotive,US,United States,,Automotive Retail,
OTIS,OTIS,,,Otis Worldwide,US,United States,,Industrial Machinery & Supplies & Components,
OXY,OXY,,,Occidental Petroleum,US,United States,,Oil & Gas Exploration & Production,
P,P,,,Everpure,US,United States,,"Technology Hardware, Storage & Peripherals",
PANW,PANW,,,Palo Alto Networks,US,United States,,Systems Software,
PAYX,PAYX,,,Paychex,US,United States,,Human Resource & Employment Services,
PCAR,PCAR,,,Paccar,US,United States,,Construction Machinery & Heavy Transportation Equipment,
PCG,PCG,,,PG&E Corporation,US,United States,,Multi-Utilities,
PDD,PDD,,,PDD Holdings,US,United States,,,
PEG,PEG,,,Public Service Enterprise Group,US,United States,,Electric Utilities,
PEP,PEP,,,PepsiCo,US,United States,,Soft Drinks & Non-alcoholic Beverages,
PFE,PFE,,,Pfizer,US,United States,,Pharmaceuticals,
PFG,PFG,,,Principal Financial Group,US,United States,,Life & Health Insurance,
PG,PG,,,Procter & Gamble,US,United States,,Personal Care Products,
PGR,PGR,,,Progressive Corporation,US,United States,,Property & Casualty Insurance,
PH,PH,,,Parker Hannifin,US,United States,,Industrial Machinery & Supplies & Components,
PHM,PHM,,,PulteGroup,US,United States,,Homebuilding,
PKG,PKG,,,Packaging Corporation of America,US,United States,,Paper & Plastic Packaging Products & Materials,
PLD,PLD,,,Prologis,US,United States,,Industrial REITs,
PLTR,PLTR,,,Palantir Technologies,US,United States,,Application Software,
PM,PM,,,Philip Morris International,US,United States,,Tobacco,
PNC,PNC,,,PNC Financial Services,US,United States,,Diversified Banks,
PNR,PNR,,,Pentair,US,United States,,Industrial Machinery & Supplies & Components,
PNW,PNW,,,Pinnacle West Capital,US,United States,,Multi-Utilities,
PODD,PODD,,,Insulet Corporation,US,United States,,Health Care Equipment,
PPG,PPG,,,PPG Industries,US,United States,,Specialty Chemicals,
PPL,PPL,,,PPL Corporation,US,United States,,Electric Utilities,
PRU,PRU,,,Prudential Financial,US,United States,,Life & Health Insurance,
PSA,PSA,,,Public Storage,US,United States,,Self-Storage REITs,
PSKY,PSKY,,,Paramount Skydance Corporation,US,United States,,Movies & Entertainment,
PSX,PSX,,,Phillips 66,US,United States,,Oil & Gas Refining & Marketing,
PTC,PTC,,,PTC Inc.,US,United States,,Application Software,
PWR,PWR,,,Quanta Services,US,United States,,Construction & Engineering,
PYPL,PYPL,,,PayPal,US,United States,,Transaction & Payment Processing Services,
Q,Q,,,Qnity Electronics,US,United States,,Semiconductor Materials & Equipment,
QCOM,QCOM,,,Qualcomm,US,United States,,Semiconductors,
RCL,RCL,,,Royal Caribbean Group,US,United States,,"Hotels, Resorts & Cruise Lines",
RDDT,RDDT,,,Reddit,US,United States,,Interactive Media & Services,
REG,REG,,,Regency Centers,US,United States,,Retail REITs,
REGN,REGN,,,Regeneron Pharmaceuticals,US,United States,,Biotechnology,
RF,RF,,,Regions Financial Corporation,US,United States,,Regional Banks,
RJF,RJF,,,Raymond James Financial,US,United States,,Investment Banking & Brokerage,
RKLB,RKLB,,,Rocket Lab,US,United States,,,
RL,RL,,,Ralph Lauren Corporation,US,United States,,"Apparel, Accessories & Luxury Goods",
RMD,RMD,,,ResMed|,US,United States,,Health Care Equipment,
ROK,ROK,,,Rockwell Automation,US,United States,,Electrical Components & Equipment,
ROL,ROL,,,"Rollins, Inc.",US,United States,,Environmental & Facilities Services,
ROP,ROP,,,Roper Technologies,US,United States,,Electronic Equipment & Instruments,
ROST,ROST,,,Ross Stores,US,United States,,Apparel Retail,
RSG,RSG,,,Republic Services,US,United States,,Environmental & Facilities Services,
RTX,RTX,,,RTX Corporation,US,United States,,Aerospace & Defense,
RVTY,RVTY,,,Revvity,US,United States,,Health Care Equipment,
SBAC,SBAC,,,SBA Communications,US,United States,,Telecom Tower REITs,
SBUX,SBUX,,,Starbucks,US,United States,,Restaurants,
SCHW,SCHW,,,Charles Schwab Corporation,US,United States,,Investment Banking & Brokerage,
SHOP,SHOP,,,Shopify,US,United States,,,
SHW,SHW,,,Sherwin-Williams,US,United States,,Specialty Chemicals,
SJM,SJM,,,J.M. Smucker Company (The),US,United States,,Packaged Foods & Meats,
SLB,SLB,,,Schlumberger,US,United States,,Oil & Gas Equipment & Services,
SMCI,SMCI,,,Supermicro,US,United States,,"Technology Hardware, Storage & Peripherals",
SNA,SNA,,,Snap-on,US,United States,,Industrial Machinery & Supplies & Components,
SNDK,SNDK,,,Sandisk,US,United States,,"Technology Hardware, Storage & Peripherals",
SNPS,SNPS,,,Synopsys,US,United States,,Application Software,
SO,SO,,,Southern Company,US,United States,,Electric Utilities,
SOLV,SOLV,,,Solventum,US,United States,,Health Care Technology,
SPCX,SPCX,,,SpaceX,US,United States,,,
SPG,SPG,,,Simon Property Group,US,United States,,Retail REITs,
SPGI,SPGI,,,S&P Global,US,United States,,Financial Exchanges & Data,
SRE,SRE,,,Sempra,US,United States,,Multi-Utilities,
STE,STE,,,Steris,US,United States,,Health Care Equipment,
STLD,STLD,,,Steel Dynamics,US,United States,,Steel,
STT,STT,,,State Street Corporation,US,United States,,Asset Management & Custody Banks,
STX,STX,,,Seagate Technology,US,United States,,"Technology Hardware, Storage & Peripherals",
STZ,STZ,,,Constellation Brands,US,United States,,Distillers & Vintners,
SW,SW,,,Smurfit Westrock,US,United States,,Paper & Plastic Packaging Products & Materials,
SWK,SWK,,,Stanley Black & Decker,US,United States,,Industrial Machinery & Supplies & Components,
SWKS,SWKS,,,Skyworks Solutions,US,United States,,Semiconductors,
SYF,SYF,,,Synchrony Financial,US,United States,,Consumer Finance,
SYK,SYK,,,Stryker Corporation,US,United States,,Health Care Equipment,
SYY,SYY,,,Sysco,US,United States,,Food Distributors,
T,T,,,AT&T,US,United States,,Integrated Telecommunication Services,
TDG,TDG,,,TransDigm Group,US,United States,,Aerospace & Defense,
TDY,TDY,,,Teledyne Technologies,US,United States,,Electronic Equipment & Instruments,
TECH,TECH,,,Bio-Techne,US,United States,,Life Sciences Tools & Services,
TEL,TEL,,,TE Connectivity,US,United States,,Electronic Manufacturing Services,
TER,TER,,,Teradyne,US,United States,,Semiconductor Materials & Equipment,
TFC,TFC,,,Truist Financial,US,United States,,Diversified Banks,
TGT,TGT,,,Target Corporation,US,United States,,Consumer Staples Merchandise Retail,
TJX,TJX,,,TJX Companies,US,United States,,Apparel Retail,
TKO,TKO,,,TKO Group Holdings,US,United States,,Movies & Entertainment,
TMO,TMO,,,Thermo Fisher Scientific,US,United States,,Life Sciences Tools & Services,
TMUS,TMUS,,,T-Mobile US,US,United States,,Wireless Telecommunication Services,
TPL,TPL,,,Texas Pacific Land Corporation,US,United States,,Oil & Gas Exploration & Production,
TPR,TPR,,,"Tapestry, Inc.",US,United States,,"Apparel, Accessories & Luxury Goods",
TRGP,TRGP,,,Targa Resources,US,United States,,Oil & Gas Storage & Transportation,
TRI,TRI,,,Thomson Reuters,US,United States,,,
TRMB,TRMB,,,Trimble Inc.,US,United States,,Application Software,
TROW,TROW,,,T. Rowe Price,US,United States,,Asset Management & Custody Banks,
TRV,TRV,,,Travelers Companies (The),US,United States,,Property & Casualty Insurance,
TSCO,TSCO,,,Tractor Supply,US,United States,,Other Specialty Retail,
TSLA,TSLA,,,"Tesla, Inc.",US,United States,,Automobile Manufacturers,
TSN,TSN,,,Tyson Foods,US,United States,,Packaged Foods & Meats,
TT,TT,,,Trane Technologies,US,United States,,Building Products,
TTWO,TTWO,,,Take-Two Interactive,US,United States,,Interactive Home Entertainment,
TXN,TXN,,,Texas Instruments,US,United States,,Semiconductors,
TXT,TXT,,,Textron,US,United States,,Aerospace & Defense,
TYL,TYL,,,Tyler Technologies,US,United States,,Application Software,
UAL,UAL,,,United Airlines Holdings,US,United States,,Passenger Airlines,
UBER,UBER,,,Uber,US,United States,,Passenger Ground Transportation,
UDR,UDR,,,"UDR, Inc.",US,United States,,Multi-Family Residential REITs,
UHS,UHS,,,Universal Health Services,US,United States,,Health Care Facilities,
ULTA,ULTA,,,Ulta Beauty,US,United States,,Other Specialty Retail,
UNH,UNH,,,UnitedHealth Group,US,United States,,Managed Health Care,
UNP,UNP,,,Union Pacific Corporation,US,United States,,Rail Transportation,
UPS,UPS,,,United Parcel Service,US,United States,,Air Freight & Logistics,
URI,URI,,,United Rentals,US,United States,,Trading Companies & Distributors,
USB,USB,,,U.S. Bancorp,US,United States,,Diversified Banks,
V,V,,,Visa Inc.,US,United States,,Transaction & Payment Processing Services,
VEEV,VEEV,,,Veeva Systems,US,United States,,Health Care Technology,
VICI,VICI,,,Vici Properties,US,United States,,Hotel & Resort REITs,
VLO,VLO,,,Valero Energy,US,United States,,Oil & Gas Refining & Marketing,
VLTO,VLTO,,,Veralto,US,United States,,Environmental & Facilities Services,
VMC,VMC,,,Vulcan Materials Company,US,United States,,Construction Materials,
VMRK,VMRK,,,Vivmark Residential,US,United States,,Multi-Family Residential REITs,
VRSK,VRSK,,,Verisk Analytics,US,United States,,Research & Consulting Services,
VRSN,VRSN,,,Verisign,US,United States,,Internet Services & Infrastructure,
VRT,VRT,,,Vertiv,US,United States,,Electrical Components & Equipment,
VRTX,VRTX,,,Vertex Pharmaceuticals,US,United States,,Biotechnology,
VST,VST,,,Vistra Corp.,US,United States,,Electric Utilities,
VTR,VTR,,,Ventas,US,United States,,Health Care REITs,
VTRS,VTRS,,,Viatris,US,United States,,Pharmaceuticals,
VZ,VZ,,,Verizon,US,United States,,Integrated Telecommunication Services,
WAB,WAB,,,Wabtec,US,United States,,Construction Machinery & Heavy Transportation Equipment,
WAT,WAT,,,Waters Corporation,US,United States,,Life Sciences Tools & Services,
WBD,WBD,,,Warner Bros. Discovery,US,United States,,Broadcasting,
WDAY,WDAY,,,"Workday, Inc.",US,United States,,Application Software,
WDC,WDC,,,Western Digital,US,United States,,"Technology Hardware, Storage & Peripherals",
WEC,WEC,,,WEC Energy Group,US,United States,,Electric Utilities,
WELL,WELL,,,Welltower,US,United States,,Health Care REITs,
WFC,WFC,,,Wells Fargo,US,United States,,Diversified Banks,
WM,WM,,,Waste Management,US,United States,,Environmental & Facilities Services,
WMB,WMB,,,Williams Companies,US,United States,,Oil & Gas Storage & Transportation,
WMT,WMT,,,Walmart,US,United States,,Consumer Staples Merchandise Retail,
WRB,WRB,,,W. R. Berkley Corporation,US,United States,,Property & Casualty Insurance,
WSM,WSM,,,"Williams-Sonoma, Inc.",US,United States,,Homefurnishing Retail,
WST,WST,,,West Pharmaceutical Services,US,United States,,Health Care Supplies,
WTW,WTW,,,Willis Towers Watson,US,United States,,Insurance Brokers,
WY,WY,,,Weyerhaeuser,US,United States,,Timber REITs,
WYNN,WYNN,,,Wynn Resorts,US,United States,,Casinos & Gaming,
XEL,XEL,,,Xcel Energy,US,United States,,Multi-Utilities,
XOM,XOM,,,ExxonMobil,US,United States,,Integrated Oil & Gas,
XYL,XYL,,,Xylem Inc.,US,United States,,Industrial Machinery & Supplies & Components,
XYZ,XYZ,,,"Block, Inc.",US,United States,,Transaction & Payment Processing Services,
YUM,YUM,,,Yum! Brands,US,United States,,Restaurants,
ZBH,ZBH,,,Zimmer Biomet,US,United States,,Health Care Equipment,
ZBRA,ZBRA,,,Zebra Technologies,US,United States,,Electronic Equipment & Instruments,
ZTS,ZTS,,,Zoetis,US,United States,,Pharmaceuticals,
